Month,Coarse wool Price,Copra Price,Cotton Price,Fine wool Price,Hard log Price,Hard sawnwood Price,Hide Price,Plywood Price,Rubber Price,Softlog Price,Soft sawnwood Price,Wood pulp Price
1990-05-01,-7.272878052825805,-0.8474576271186418,3.2786885245901454,-1.3484131649916575,7.233250620347409,-10.552635885872231,-0.5400000000000071,12.088615699833527,1.1904761904761862,3.0001657550140948,-2.6330224904004385,1.5941347417670615
1990-06-01,-1.4018691588784993,-7.692307692307687,5.291005291005302,-15.034336631415657,5.096609973388855,0.7135886801658886,-1.5684697365775047,6.803381697703648,0.0,4.159961377534582,-6.103286384976525,-1.3246133577049513
1990-07-01,-5.113494637066607,-5.0925925925925934,1.0050251256281229,-0.268302458140357,3.462321792260714,-1.9237368537919575,-1.1746680286006228,1.2140985184789121,1.17647058823529,-4.032444959443793,5.025000000000013,-3.911709869489377
1990-08-01,0.0,-3.4146341463414664,-10.945273631840779,6.183092774298693,-0.9736114066822843,0.3416622072201836,-5.023255813953487,-3.6673007820756665,2.3255813953488413,4.403123239153173,-0.8331349678647904,2.492395127874514
1990-09-01,-1.496032884045495,-1.0101010101010055,0.0,-1.5191017850760158,-0.4298071240530721,0.04717755169019178,-4.603330068560241,5.573230938014251,2.2727272727272707,0.06168080185042779,-4.181469035045615,-0.8696289420328851
1990-10-01,-4.255422388276974,1.0204081632652962,0.0,-3.727702637787289,2.3903307613446056,3.585853408508455,-3.502167465206474,6.3363815857840455,0.0,-6.526429341963325,3.702590310135778,-0.5125551366402914
1990-11-01,-15.239205351712947,19.191919191919183,1.6759776536312776,-1.4680933636414095,-5.659780775716683,1.2053677460216905,-2.045159002246133,-8.201607583494175,0.0,7.575632676613631,-0.16426707894482417,-4.221880960047564
1990-12-01,-1.8714499252615813,0.4237288135593209,1.6483516483516425,-2.0323876616288428,-4.407328790079323,-2.3722449298887227,2.4016413227130107,-3.348059828604877,-2.2222222222222254,-8.544061302681992,-4.074719318621756,-4.148079185900677
1991-01-01,-2.671825493541302,-1.6877637130801704,0.0,1.9367066796852628,-1.1336410915678163,-0.43068910256409687,-3.7831467295226795,-0.2478246502918946,-1.1363636363636354,5.689149560117301,-5.690646756129558,-2.6224554492843444
1991-02-01,1.1769493223150906,-3.0042918454935674,1.0810810810810922,-32.83600590482415,4.5747384597198515,-0.9033296449049377,-7.030867221950022,2.6058631921824116,-2.298850574712641,0.499445061043291,18.04322242430725,-2.083535360531974
1991-03-01,1.5499798904804685,4.424778761061954,-0.5347593582887722,-1.615717593369348,-8.116204148533324,-0.29235017053760304,0.9222661396574239,-1.9558783965563542,-2.352941176470591,-3.0764376429754603,-4.191779580368882,-7.28059874648066
1991-04-01,11.44893980014623,-5.0847457627118615,-1.6129032258064502,1.6422517437200579,8.00885772282709,0.8796220882880013,12.859007832898195,1.072908377466164,-1.2048192771084376,2.7590135916008895,-0.9838236685270951,-5.925078202487222
1991-05-01,1.6565524028210543,0.8928571428571397,-0.5464480874316946,20.96909499681219,-0.8827381969360504,2.888341676085915,2.6257952573742083,-0.678720747135797,0.0,-2.185965468081741,0.9410528327123302,-0.8093816907805085
1991-06-01,-8.411315478111215,8.407079646017701,-2.197802197802201,7.837725381414695,15.002298322224794,-5.777341834232463,-2.2768259693417447,-1.2519134047671021,2.4390243902439046,-1.6518218623481795,8.234347640906737,-3.7708697856196682
1991-07-01,-0.9160305343511421,23.673469387755098,-4.49438202247191,-6.9491067639001365,3.8321259055708046,0.0,-3.21799307958478,1.2899296905276136,-2.3809523809523836,3.960151490202546,-4.608456123475147,-1.196322667255778
1991-08-01,-0.07704160246533309,-1.320132013201325,-4.70588235294117,-5.921379996682708,1.3232605139062548,15.236310639183849,-7.615302109402933,-0.6340183646698749,0.0,-0.6256434624217877,-2.635559426135581,-1.547907744698418
1991-09-01,-6.897574283850316,-1.0033444816053505,-4.320987654320996,-9.871591443347427,0.05223916037422338,5.295584302955825,-4.47626418988648,3.2013201320131968,-1.2195121951219412,2.8530443098501834,7.744091893418714,-1.856995615184387
1991-10-01,-1.7741113517645513,19.256756756756754,-3.2258064516129115,-9.009699241992031,1.7846971710651083,-1.6712709552325844,1.76907494935854,2.952776889457409,2.4691358024691246,-4.501782116844877,-4.605234412548609,-11.016375934496248
1991-11-01,-0.26589707837478826,9.065155807365443,-6.666666666666677,14.925292916263588,-8.832307405334827,0.1465840677078889,-0.1326963906581713,0.8024435700973331,-2.409638554216853,3.951318458417852,-1.1633765400998586,3.600648116660987
1991-12-01,-3.9568228370777447,6.7532467532467555,-2.857142857142847,1.6679917068076033,2.4705882352941133,-1.1326212340343922,-5.2750465054477775,1.2248985670997747,-2.4691358024691357,0.5697783328129757,7.562908383150302,1.8632580950358024
1992-01-01,0.5551794177386826,18.734793187347943,-3.676470588235292,-5.032275870528535,1.2579244246992305,1.829429492941359,-0.8276055547762673,2.4150790228062657,1.2658227848101333,-1.83158711680248,-7.492137348670891,-1.9429069679278155
1992-02-01,15.098976568812272,-3.4836065573770503,-5.343511450381689,5.886626733616418,5.516391422233169,3.707357599044614,-4.045261669024047,-1.909786728096896,1.2499999999999956,1.8025140327298628,4.857488822652756,2.400881483056594
1992-03-01,-0.20766913334697712,-8.917197452229297,-1.6129032258064502,1.8449903176127824,-5.643804896281058,0.5090205110232171,2.844929245283012,-3.898989898989902,2.4691358024691246,-0.15531567911781785,2.704863424383741,-2.720253714156262
1992-04-01,3.2065185532563545,-0.9324009324009341,4.918032786885251,-0.03443474615602016,-1.1338878985937884,2.3479011689691687,8.857675218575324,-4.950599117090593,3.6144578313253017,10.453449482772026,11.606988410309626,6.8753395948148555
1992-05-01,4.3280699761445,-2.8235294117647025,4.6875,-0.6934251909540223,0.540892472579757,1.9955222427723074,5.332455562870297,-6.413800729846297,1.1627906976744207,0.6830504894021594,-9.655920644761306,0.1852019972764296
1992-06-01,-0.6750871080139387,-5.56900726392252,5.223880597014907,-4.400742003106773,2.1718555417185703,-2.845644843163453,-4.037500000000005,2.4991137894363913,1.1494252873563315,4.098475311232352,-0.510379138788819,6.254417601536866
1992-07-01,-0.4905722429291881,-9.743589743589743,2.127659574468077,-6.090962154316992,-1.9647993759446147,-0.1915551990045561,-0.26051843167904654,0.9222433569658239,0.0,4.400698736898678,1.8407552700780316,6.077300948352327
1992-08-01,-3.2608995015010023,-9.090909090909093,-8.333333333333325,-4.424808493482047,-1.904714541476038,-0.35924018240872657,-4.832179704845229,-0.5225883831172506,0.0,17.954823347705773,-3.7715882153741886,1.4632342300332946
1992-09-01,-0.5580071174377199,2.499999999999991,-5.30303030303031,0.6643934334024548,4.197718631178704,-0.20743130895740647,6.655688211884159,2.9252188890483755,-1.1363636363636354,-8.723880189863053,1.6935732195486608,-3.514999762285853
1992-10-01,-3.9565976695582483,-2.4390243902439046,-6.400000000000006,-6.540717977371147,7.137644139541677,-0.9766237194186345,4.194544518785381,17.51826853349696,2.298850574712641,-1.6437537358039433,5.528159875421745,-4.815794228273907
1992-11-01,-4.5816317405431235,2.8124999999999956,-0.8547008547008517,-5.085379068116424,-0.05449591280652921,3.9033735943356795,-1.148431711533715,-0.37023851904592897,-1.1235955056179803,5.937405044059552,0.2664371208394911,-6.2915221480216115
1992-12-01,-2.9365823180256267,-8.814589665653493,3.4482758620689724,0.96449098496183,11.586695747001086,-3.099345818368382,1.3616489693941247,5.6337692655851646,0.0,-4.1590178981184,-2.665467478843875,-4.255593407605174
1993-01-01,0.5439330543933085,-7.333333333333336,5.000000000000004,-3.454595079346512,1.787604853815461,0.16546703069413304,-1.5651959576041374,15.451921342233454,3.409090909090917,16.783384210211306,-5.489520769456924,-8.347116975035584
1993-02-01,-0.8675053618873774,0.3597122302158251,5.555555555555558,-5.219902265659715,14.693763251590198,2.1078714793094866,1.9281332164767573,19.49566372372842,-2.197802197802201,-0.3792732304853663,12.763309928006406,-5.327989255886189
1993-03-01,-0.0032291397571659886,-0.7168458781361964,2.2556390977443552,0.0,20.45343564701778,-0.21031855171410596,0.08598452278589797,14.494009186458978,-4.49438202247191,8.33461954005248,3.7124615748403977,-3.366951124903028
1993-04-01,6.216294765395425,-5.415162454873645,-0.7352941176470562,-8.453884994780235,34.18949441130481,4.638381349199916,0.14727540500734104,5.382331106161842,-3.529411764705881,5.375884503965422,8.128134974920197,3.6218919166896013
1993-05-01,2.459564635777678,4.580152671755733,-1.4814814814814836,8.945984314273069,12.386439653870207,20.329397911437532,-1.5318627450980338,1.8519522041889003,-1.2195121951219412,9.9508765604579,2.8782287822878283,-1.8372993912562308
1993-06-01,-2.735823862793385,5.474452554744524,-2.2556390977443663,0.4122786405485579,-5.182312167585101,3.4688332925588927,-4.2314872433105055,-0.8659102698820198,0.0,6.558183383202865,-5.937008949921429,-3.1751042958619857
1993-07-01,-1.0403001921962307,4.844290657439454,-2.3076923076923106,-1.091350040420369,-5.427078692641041,3.2579613474868374,-0.5588044184535512,-6.590634643767612,0.0,-7.420086933107672,11.48678094131319,-3.9173673055872493
1993-08-01,-3.2215303039644816,0.990099009900991,-3.937007874015752,-3.0520723549781636,-3.5437454498736587,0.7050316360349473,3.659174072138005,1.1060357953402988,1.2345679012345512,-8.0854246302144,-11.713736603798186,-1.7088837716640382
1993-09-01,-0.9874812856369375,-5.882352941176472,0.0,-6.041176731596931,-14.75569960263725,1.8549545236955511,1.3993948562783798,-5.543558561118367,0.0,-3.3315251785552835,3.6638010552337397,0.944512946979037
1993-10-01,1.8627545603706164,-4.513888888888884,-0.8196721311475419,7.397700172369004,-1.5286458333333308,0.027023851486318584,1.653611836379465,-7.156393827271912,-2.4390243902438935,-1.46831891512742,5.253416856492055,-3.1759216280262903
1993-11-01,2.8046238393026224,12.00000000000001,0.0,9.438483862457137,-11.839843440086739,-1.8982063359684331,-1.1497064579256477,-2.318234836702948,1.2499999999999956,-3.3315931849461355,-0.5579602326525213,-3.1110438271137686
1993-12-01,-1.6804915514593066,31.818181818181813,8.264462809917372,-6.492958595335196,-8.609311255099584,-0.6106541183232062,-1.2125711457559918,-1.7314294243494843,1.2345679012345512,-2.209239530659335,-2.7578467711769306,1.822916666666674
1994-01-01,0.021872949411005926,-0.7389162561576401,16.793893129771,16.5130518852723,-3.2232652793277916,-6.734371799968686,-5.974448897795604,-4.651241287360963,-1.2195121951219412,8.18816205632813,6.714225765841397,10.306905370844
1994-02-01,5.632614807872538,-4.714640198511166,16.33986928104576,11.749737235160707,2.8863112196445773,-2.042187116524785,0.013320900492885812,6.246349363683024,4.938271604938271,0.0,0.0,1.2056573150938998
1994-03-01,12.16100316446338,-4.9479166666666625,1.1235955056179803,0.5857795818688949,2.3504203065765505,1.6654359407141772,5.167820990942995,2.8054509712458042,7.058823529411762,-3.8468677494199466,-6.399921352733006,2.192439862542961
1994-04-01,-0.64073829927489,3.287671232876721,2.77777777777779,5.94015551691327,5.076011337284192,6.342494714587743,7.332826747720378,4.853346297196559,4.39560439560438,-3.6919067612567025,10.622133529391187,11.912928464142404
1994-05-01,5.718910885834094,8.222811671087538,2.7027027027026973,11.434057510955586,5.290583619421274,4.294478527607359,3.04424778761061,-1.5207480102001236,3.157894736842115,2.1848065744638046,-6.092350539608193,2.2054846657719285
1994-06-01,-0.9814996109144825,5.392156862745101,-0.5263157894736858,8.30704667676445,0.3202328966521062,2.5377148871476907,1.6260162601626105,-1.1974074480940344,7.14285714285714,-4.2222440172616675,9.982475060663232,4.3255850417466934
1994-07-01,4.433909648633572,0.0,-4.761904761904756,-0.758265867771768,-3.6622170632617523,-0.09694343065692612,1.9154929577464896,3.195781314527135,19.047619047619047,3.845169218165978,-12.597291168719726,4.452460125119773
1994-08-01,3.3887607719383483,3.023255813953485,-6.111111111111112,4.3076923076923235,-4.590637990240376,1.2991609110108993,-0.7628524046434437,-2.879790672618132,0.8000000000000007,-4.900897347401633,5.918031062651186,2.708681810823932
1994-09-01,4.360076072409669,-3.8374717832957095,-1.7751479289940808,8.586797550878744,-5.310349182294627,-2.885059673402235,4.4674688057041,-10.220447233712104,0.7936507936507908,0.5080879303193786,-2.8400251564000056,6.35671132125033
1994-10-01,-2.481551475881938,-3.9906103286384997,-1.8072289156626509,-5.873758703344367,-2.7907441984529213,-6.367423670987438,-0.10664391596458822,0.2488967343336146,7.874015748031504,-3.368410192922733,-2.5959867815895987,11.579813945830232
1994-11-01,2.9115238205098537,13.447432762836176,4.907975460122693,6.919383003492441,-4.157091407991764,-1.803286815556615,-0.6725739297533839,-0.9173988836259084,-2.1897810218978075,13.329418672930116,0.1434017697876877,1.4593908629441765
1994-12-01,-4.490326630349495,1.0775862068965525,12.280701754385959,-0.3731427923330033,-11.262212360877498,-1.830091757014296,-2.042132416165099,-4.035898347254319,9.701492537313428,-11.172868582195006,7.065521095278027,-1.9270765158456604
1995-01-01,4.933809032015768,-11.727078891257992,9.895833333333325,2.9337097710636195,0.18551379254718725,2.078913873568111,-1.1191573403554922,2.040778532935783,11.564625850340127,12.297168310531337,-8.119393247431084,2.392039387827727
1995-02-01,4.670514024963102,-0.48309178743961567,5.687203791469209,-1.3094737773452048,1.3605989855889344,-5.1021436308219315,1.4425210830004476,8.72942414838207,7.92682926829269,-0.0991641875619842,4.548036639920472,5.893258020131786
1995-03-01,10.426550412446044,0.0,9.4170403587444,-0.5838581706524515,12.430500397140598,-5.211886339203941,7.14285714285714,9.575870875131454,1.6949152542372836,6.995651351862353,1.5960878867117057,7.663375003419315
1995-04-01,0.6850773131035437,0.24271844660195274,2.86885245901638,-2.1733004182025173,6.2910632285411605,2.576309157098855,4.46145992853495,1.3145868876431877,2.2222222222222143,-12.166460505389654,-1.8150215596483665,3.2851861732535514
1995-05-01,-0.7265458319718587,-0.7263922518159771,0.7968127490039834,-3.292043555914048,-5.1443953341530735,2.4815724815724804,-2.6485535574667596,-4.465426771511483,-6.521739130434789,2.7612916205613125,0.16000544699392716,-0.6801717033811716
1995-06-01,0.5653546051230363,3.658536585365857,-20.948616600790505,-1.5751596606615181,-3.927407770731872,1.1081808252750625,-7.208111635377968,-1.3235548700838762,-10.465116279069765,-6.088786647741173,7.701981577784589,9.529411764705898
1995-07-01,3.513601971467617,5.41176470588236,-3.500000000000003,-9.073190809384302,-5.342425789512085,-0.8918456066394409,-7.270366764037661,-6.743221690590106,-13.636363636363635,-11.914316985458907,0.3597689904377255,2.9498558426140464
1995-08-01,1.818993415913428,2.2321428571428603,-2.590673575129532,5.077818162452896,-9.211388064876525,-1.4129437879653817,-3.7918562594796423,-4.131892187713793,-2.2556390977443663,2.3608070528371217,-3.9778623313732164,-1.5287631515364497
1995-09-01,-7.379804179453464,-1.7467248908296984,6.914893617021267,-7.12955337345581,-5.911058304336758,-1.7513819603613312,-0.036381275770058785,-5.910161267304126,3.8461538461538547,11.48554913294797,-1.69635839664658,-0.4516963708148358
1995-10-01,-2.1793152414010697,3.111111111111109,0.0,-15.131381483805828,5.470617417579948,-0.7149620562363679,-0.27902462695621466,-0.1668467853554012,4.444444444444429,-8.726084927671495,-8.524885068958632,8.281703395812091
1995-11-01,-11.978064073872464,5.1724137931034475,-1.990049751243772,-3.3951163052389655,-1.2400581544513845,-1.0283344851416798,-5.158150851581523,2.4878928876649997,14.184397163120588,5.913428766189499,17.61899559343023,-1.0977868369046795
1995-12-01,3.7862476522057875,-4.098360655737709,-1.5228426395939132,-1.7339212912888091,4.684793903706264,-0.029327151356017822,-6.2981015905592574,0.10191790975633275,1.8633540372670732,-1.3086618396352945,-5.20481778493359,-5.260074486337196
1996-01-01,0.8077508772704078,-2.564102564102566,-2.0618556701030966,-1.0397439588166524,-3.097857556456285,0.49032618565341135,0.6981519507186951,-2.051092188078496,-5.487804878048774,19.346774631813513,-2.7665273059838125,-8.091872791519428
1996-02-01,-1.3989535214659399,4.166666666666674,-1.5789473684210464,-10.109687024076397,5.181612531478086,-0.7923709964412828,2.134312126155513,3.6796945872392017,0.6451612903225712,-11.051409316515649,-2.4622929893513334,-21.57463475586313
1996-03-01,-2.4867889337892413,-2.947368421052632,-2.1390374331550777,9.236450857588864,2.6701294485249383,2.1046436678530345,3.8067349926793614,-3.5308700486702316,-5.128205128205132,10.274393365414136,3.1305965008954217,-15.56798161623899
1996-04-01,-5.150507764470147,3.90455531453362,0.0,4.154540543366481,-0.20947788624955388,3.1152220453422697,8.552378510065406,-1.5324439741506435,-1.3513513513513487,-29.121210714451507,2.6014359659375597,-9.729102026745052
1996-05-01,5.641444209717683,5.0104384133611735,0.0,24.406445028192824,3.6319708491761693,0.23024301951077852,3.425466572171043,2.7575751760664735,1.3698630136986356,33.20670683783076,-3.590027340190094,-0.5085324918091993
1996-06-01,1.7156751352088273,9.343936381709739,0.0,-5.672862253543853,-2.2167017007452605,-0.6904701836385141,-6.178620374600275,-2.214835287965944,-0.6756756756756799,2.7485495132264726,5.887714796934618,2.0728110226675867
1996-07-01,-6.096825361363689,-2.9090909090909056,-3.825136612021862,-4.267423291890049,1.50087942153605,-0.5268013531039784,9.117468046256839,-0.4258813643481907,-8.163265306122437,-2.387902569746858,-2.840746054519361,6.7749980207426175
1996-08-01,-0.6304720213170856,-7.303370786516849,-4.545454545454552,11.947634153969888,1.4594324001694359,-0.07258357191822773,7.195448460508702,3.237499760256246,-3.703703703703709,4.500441219727436,2.0804620332086188,0.9972751033421767
1996-09-01,-3.1819378935523335,-4.040404040404044,-1.1904761904761862,-1.7721013769706584,-1.8179747988462225,1.5979984665671187,2.9347486731189365,-0.12261504449438965,0.0,-4.710076937511721,8.05580558055805,1.3489951362760433
1996-10-01,2.974924575893967,-1.0526315789473717,0.0,-7.682201725515691,-2.3271096679423287,-0.26214402033600814,2.62865231018099,-2.3288257286880776,-4.615384615384621,11.505513981882643,-5.74760516451478,12.68924302788843
1996-11-01,0.7372541485554995,0.21276595744681437,1.2048192771084265,-9.483428940303106,0.21371749713066102,0.04247806406221244,-11.368338094768992,0.21520120360318806,2.4193548387096753,-3.6866969844143282,6.132819897733732,-11.674996384206205
1996-12-01,-0.4195670830552056,5.73248407643312,4.166666666666674,2.5884564889703032,-7.681371193870712,-3.5573542095136967,0.8002667555851994,-1.4442628558397619,-0.7874015748031482,-13.54634638305675,-8.002973977695172,-0.4621374768021491
1997-01-01,-2.178492770276741,1.6064257028112428,0.5714285714285783,7.076500142193565,2.9089664613278554,1.8532276704639195,-0.7387804609107929,-3.603794685897188,-2.3809523809523836,21.766795694363417,0.10667873537208994,-0.16816553337721807
1997-02-01,8.399001517302128,-1.9762845849802368,0.5681818181818121,7.854160211293593,-2.236448287329562,1.753319555321431,3.8546989557876055,-2.430340247634677,-0.8130081300813052,-7.150322243511575,1.4079503988116304,-3.066866852204486
1997-03-01,-3.865083306994177,-1.4112903225806495,0.5649717514124353,-1.5459122250191637,2.916914703631246,0.4460433564762667,6.385709701572351,1.9701504776743706,0.8196721311475308,-2.5325954413282115,-5.053657293889103,-4.280236489677181
1997-04-01,5.957916490535919,-4.703476482617585,-2.2471910112359605,6.190423255426181,-0.7767311188233372,-0.902663054252284,-0.7842348682887468,-2.283922073222222,-6.504065040650408,-2.7042633047829834,-9.37751542795815,-0.13221509620128247
1997-05-01,3.612668720494705,-8.154506437768239,0.5747126436781658,5.337538111252127,5.004996668887407,-0.30140567069431023,-9.363599513579256,5.477028166985587,-3.4782608695651973,-10.405539070227498,15.895632864544783,4.175229212772691
1997-06-01,2.410746753941262,-3.0373831775700966,1.7142857142857126,3.0248447204968887,4.814021730509954,-1.466103055273149,-8.799194991055458,2.4831756559055895,0.0,6.546699050563043,-10.835063068816842,4.244987765785924
1997-07-01,-0.04177458434287962,-3.855421686746985,0.561797752808979,-0.3725809368782862,-3.7757263922518103,-4.194949769209877,-1.7898737280862997,-2.482013019148044,-15.315315315315326,1.3988187752564496,8.645512499104635,4.243163085208956
1997-08-01,-10.642343697759948,-3.508771929824561,0.0,-7.301575775179725,-3.974994102382645,-8.034575598696335,4.730994882037209,-2.3265800054651287,-2.127659574468077,-10.85734723073779,-4.463343881856552,-0.0680735194009463
1997-09-01,4.95287982601782,4.675324675324677,-1.6759776536312887,4.697557218022541,-4.704581746714154,-9.54853620955316,0.7628128724672223,-4.258422924743222,-5.434782608695654,-4.848971169828631,3.036367400455453,0.6672255991057252
1997-10-01,-2.985673224749885,2.2332506203474045,-2.840909090909094,-4.083999451309994,-2.2987024147117063,-8.945028363116025,2.1409983439791613,-5.172089916720591,0.0,-4.710559604843079,-6.7510548523206815,3.836277197487603
1997-11-01,-0.16995475528812642,0.0,-0.5847953216374324,-3.8054501014093245,-5.541140771361974,-3.3824739953603133,3.2773595830920765,-3.3653951973235285,-3.4482758620689724,-4.064732283962325,7.4409250879839295,0.6583674492438796
1997-12-01,-4.842754273356798,-4.3689320388349495,-3.529411764705881,-7.003743799754014,-1.7179570743516948,-8.794826117264364,-7.725947521865894,-3.1751093294460686,-13.095238095238093,-0.8632050606220409,-7.861488067384181,-2.02194591543684
1998-01-01,-3.5298099705043384,-4.060913705583758,-3.0487804878048697,-7.551557254349128,-6.6319279962103295,-12.239395354762006,-18.83582452302831,-3.6885438720301145,-6.849315068493144,4.646061814556335,4.222593049408685,-4.264583792209564
1998-02-01,1.9096787128464854,-1.851851851851849,-4.402515723270439,-0.6901322098379237,2.760020294266874,21.960955076565792,16.215002245845177,0.7986908309315588,20.58823529411764,3.2202743902439046,-3.3414549251653436,-8.045448109868314
1998-03-01,-5.3634664568168455,1.8867924528301883,-0.6578947368421018,-0.9181282846830952,-5.727263750370293,0.39274025587623385,6.428755475392922,-5.85427318326105,-9.756097560975608,-5.261214694480332,0.33129276197336743,-4.193771892682552
1998-04-01,-1.304472104565646,0.5291005291005346,-3.9735099337748325,0.3035531697341609,-12.805069655389122,-0.02963665461441778,1.4041883549207101,-4.218464468638194,4.054054054054057,7.352559106261358,0.606560907328979,4.877558809939941
1998-05-01,-6.347910797504019,10.526315789473696,-2.0689655172413834,-3.454811888757936,-11.898612529281039,-6.579311435234603,1.5041184194819257,-2.539366904928253,1.2987012987013102,-5.9898354307841295,6.150333559273657,3.4363207998927336
1998-06-01,-2.0972729828507064,-1.4285714285714235,7.042253521126773,-1.7867454176496822,-6.319880010908108,-4.499777867101051,-2.1521815829707136,-3.8876175246078004,-10.256410256410264,3.1406873471489183,-2.305494874810965,3.612896057480408
1998-07-01,-11.316907879623251,-2.898550724637683,1.3157894736842035,-2.042667562573486,-1.7829852266938229,-3.061450533870891,-2.5360576923076916,-0.017212197710780863,0.0,-11.487582678148012,-7.688602979118652,-4.586073777523591
1998-08-01,-3.8532525985169763,0.24875621890547706,-2.5974025974025983,-14.224714476798027,1.4671013633669183,4.108775137111498,0.02466395363176499,-3.8102889277823904,-7.142857142857128,22.2911526260134,0.2720429306104277,-4.860824935376318
1998-09-01,-5.66463476240191,1.4888337468982549,-2.6666666666666727,-7.457166276814808,9.675770410398709,10.518459985073969,-7.052151399334239,4.1610738255033475,4.615384615384621,-5.136334812935949,2.913739918980207,-5.361186036896304
1998-10-01,2.4061975652422296,7.334963325183375,-6.849315068493144,-9.812266413186709,8.49590518676342,1.3882820258192652,-9.444223371799975,8.59965635738833,7.352941176470584,1.2639766650461848,-4.051858004405773,-3.653158026129655
1998-11-01,2.816803207251173,5.9225512528473745,-8.823529411764708,13.1266917383285,-2.147898128260206,0.685615780916371,-1.2597041160099631,2.7819529045697733,-1.3698630136986356,-7.027124339894375,6.078512552222515,-1.1530488858179422
1998-12-01,-0.05425016105516933,1.9354838709677358,-0.8064516129032251,0.5378279374086858,2.51489495139543,4.081791474542307,0.9197448449784984,6.878239006619125,-6.94444444444443,-1.2844510424062539,0.6776894692023916,-0.8584909781991223
1999-01-01,1.5605387251077296,-0.6329113924050667,0.0,3.0033065857922203,7.806191117092864,0.6523730302633757,1.6463325003674978,6.044312153436238,5.970149253731338,3.0534850268079117,2.5515418502202625,-0.7006720282031531
1999-02-01,-4.098607074857197,-4.24628450106157,0.8130081300812941,0.832191710798047,0.5107252298263587,0.0,0.997830802603028,-4.923376417592862,-2.8169014084507116,3.5467292684474128,-1.5979930581807023,-0.3283999378702829
1999-03-01,3.6084987809125613,0.0,0.8064516129032251,27.07141988076409,-2.5971093044263704,3.2462949894142668,1.3172966781214157,-0.6142564639779025,-7.246376811594191,0.085784313725501,4.9870782985262485,-1.3735835615218517
1999-04-01,0.4773751092583822,11.751662971175158,1.6000000000000014,8.583875909613159,1.541850220264318,1.8868942691657287,-5.073487846240821,3.9766193944039907,-7.812500000000011,-0.9183298640871751,-5.179296121349209,6.647555415105422
1999-05-01,-3.392665952890783,5.158730158730163,3.937007874015741,-8.837058918624985,0.7649275031396341,2.4698550571120803,-1.7716242370105717,-1.9237858261911378,1.6949152542372836,3.4354918437963455,6.563760743729152,4.561136156793011
1999-06-01,-0.14545958301587225,0.0,-2.2727272727272707,9.098823150088675,3.9825515522320387,4.818924227283694,1.1821764170960813,1.0359651389508784,0.0,-3.632019115890095,-4.319199367922044,2.8379417837334664
1999-07-01,-0.6936736958934486,-15.283018867924525,-6.976744186046513,1.9638265803705979,1.6235358213021023,2.2995118262956415,1.9772318753744633,-1.5229016507788962,-5.000000000000004,-2.547731217455984,0.1066611615744506,-0.11810093693410684
1999-08-01,-11.169321039396474,-4.008908685968815,-6.666666666666654,-8.548903670854891,6.385031898354154,1.123108069025358,6.286721504112802,4.299374335969763,-1.754385964912264,1.3739583995928895,1.8009967348341593,0.7981239161280129
1999-09-01,-2.850515058583003,-2.3201856148491906,-2.67857142857143,-1.2328853955375196,2.1870590606732465,2.222857778413334,7.462686567164178,3.1125498007968044,-3.57142857142857,-0.3011859195582667,6.306762551065193,6.465424543979337
1999-10-01,0.08094216682179578,2.13776722090262,-3.669724770642202,-0.5503321246349779,-2.1698392346385265,0.0,3.4593621399176877,1.508199600447857,20.370370370370374,9.478255396815417,2.655063994664464,0.7620831496988556
1999-11-01,3.3159448420882365,1.3953488372093092,-2.857142857142858,1.9214946033589753,0.10585744530700048,0.0,-1.0068365444375393,0.9689000389290214,13.846153846153841,-1.833860304685253,-4.195155152677666,5.34344189098066
1999-12-01,4.60683392696386,-0.4587155963302725,-4.90196078431373,2.695729255706447,0.4531950249257344,0.0,-2.2350577599196453,0.13066015507861017,-12.16216216216216,5.211993441086915,1.4757645235250472,1.3182706779924835
2000-01-01,3.4348574421911193,-3.2258064516129004,8.247422680412386,11.628157898793102,-3.2131936437916675,0.0,-2.029283329052145,-2.359509701157303,-1.538461538461544,-1.3080262718468183,-6.033604887983723,4.419021599931705
2000-02-01,-5.921718998697734,-2.1428571428571463,12.380952380952381,0.3976747076124276,-4.645742697327526,0.0,-0.524383848977461,-3.7945841731662378,15.625,0.49066606508374466,5.933351395285835,0.7293182672967857
2000-03-01,2.703118391202386,-2.9197080291970767,6.779661016949157,5.531639824505885,3.671717994677093,-1.0880378015419079,2.662098049551931,2.2135179449808584,-8.108108108108103,-0.28622741048378586,2.5287723785166083,0.5568272212211234
2000-04-01,2.5121677274428933,-11.528822055137844,2.3809523809523725,4.445400164210045,1.7394037826793163,0.0,0.9884467265725227,1.3835665270475195,2.941176470588225,2.814206112455686,-6.822362882354771,5.01759710697105
2000-05-01,6.047989481757421,-8.21529745042493,3.100775193798455,2.033889845524195,-2.415160409907824,-0.3818593249104385,0.7245455701029524,-2.419514339083617,-1.4285714285714346,-0.8813707779054991,4.042432152059705,0.33358954650268835
2000-06-01,1.2432413816854337,-8.950617283950614,-1.5037593984962405,-6.529129775473264,2.4696569920844347,-0.7193223226539147,-5.275113579000501,1.3422214214935613,-2.898550724637672,0.204352148459086,-2.409057283458238,0.9867161046164252
2000-07-01,2.8505340499353604,-3.7288135593220306,-1.526717557251911,-2.276503604464053,-1.6016067566175796,-0.18431129542240132,3.277378097521977,-1.3711111111111118,-2.985074626865669,-3.9409138510720365,-4.343813855381984,3.0419808529683845
2000-08-01,-4.114300833443574,-3.5211267605633756,3.875968992248069,-3.9682433427496555,0.005233683990168991,-3.7105426529345342,5.2760577915376805,0.006759344794193822,1.538461538461533,5.095249024558179,-17.750826901874316,5.238824430178468
2000-09-01,-2.293736203090524,-18.97810218978102,1.4925373134328401,-2.9820574662967503,1.303119112413631,-9.90907588031078,4.693052322019353,3.41323840850718,0.0,4.607993011574574,15.310824396782841,-3.4376136777009902
2000-10-01,-1.2002682952659938,-5.405405405405405,-1.4705882352941235,-1.0806150308952378,-2.1335950818825222,-1.1927480916030575,-0.0351123595505598,-1.5271998431406697,0.0,-8.345511482254686,-1.8817887891887985,0.3158642073691986
2000-11-01,-4.362739843498764,12.857142857142856,5.223880597014907,-3.609924750864346,-0.7020692567567433,-2.243434981242809,-1.1474066268586713,-0.44469026548672463,-4.545454545454552,7.2888787654461495,7.230923025658131,-0.03177583592114397
2000-12-01,7.180751699917787,-3.797468354430378,2.8368794326241176,3.7466278841951306,-4.226250598054337,-0.3609559633724668,0.9712187611038647,-2.9533989644214387,-1.5873015873015928,-5.557029881641107,-26.873144119881232,0.21527747677458908
2001-01-01,7.951059676519789,-10.087719298245613,-2.758620689655178,4.031145135751535,-4.6014653641207826,-1.3346552776082987,0.08211143695013856,-2.221204488207007,-1.6129032258064502,0.517028211756787,30.128901270126086,-0.833309304806662
2001-02-01,4.604604604604612,-5.853658536585371,-5.673758865248213,2.3933867679504006,0.9076627683714422,-3.0397310040967795,-0.9728082512892589,2.9297423887587826,-1.6393442622950838,-4.780275075478036,5.15965166908563,-6.9289369620842205
2001-03-01,-2.6516437721870623,-5.699481865284972,-9.774436090225569,-6.143628627536546,-4.197658997866571,-0.34877927254608476,10.391762338738308,-4.1978567040567905,-5.000000000000004,-6.083025071927672,-9.08494927886274,-3.6645943328438735
2001-04-01,3.8559107052257735,0.5494505494505475,-5.833333333333335,10.51973904072765,-2.1847727956665675,0.0,8.630856652728625,-2.1849617631691465,1.7543859649122862,-0.9440450140668855,9.787847736156952,-5.7238292904397525
2001-05-01,-0.5587445041524086,3.2786885245901676,-2.65486725663715,-5.766272695002828,1.5567314792025666,0.0,0.9573628108961785,-0.4346137036857267,5.1724137931034475,-0.32188841201715723,-4.732439159292035,-5.968146950569286
2001-06-01,0.3776597377874724,3.703703703703698,-4.545454545454552,-4.598406741353578,-0.18176310209028212,-4.661999999999999,-4.653436308534564,-0.18289560318970333,1.6393442622950838,-0.8231494966124298,10.758735803185914,-7.808384547849001
2001-07-01,0.4098862106937329,13.77551020408163,-4.761904761904767,-7.753615770462552,-3.314112291350535,0.9230317397050491,-9.88413821388291,-3.962669793804352,-3.2258064516129115,-1.2385877545808555,-5.182806971563359,-7.809058984584238
2001-08-01,6.299884238103948,5.3811659192825045,-4.0000000000000036,-2.041883986746773,-0.18833573984555763,-1.157787524163878,-12.458755262259647,2.5031798524548288,-1.6666666666666718,1.641993664748842,0.9605417732015731,-11.05946155336046
2001-09-01,-2.4101564738923664,-10.63829787234043,-5.208333333333326,-15.167257367577792,-1.6856406063274432,2.942042395693134,-5.042890564075897,2.211247332109001,-1.6949152542372947,1.997074349678818,-3.175906913073223,1.819589624467688
2001-10-01,-3.0070772031832615,-7.14285714285714,-9.8901098901099,-15.68324462504055,-4.267161410018561,-0.9928295642581353,-2.983848891322205,-1.9011776132087044,-6.896551724137923,-9.633971441042599,-3.043263113247563,4.695817490494303
2001-11-01,1.7015350146840635,3.589743589743599,2.4390243902439046,5.454997963708763,-4.77145148356054,-3.8502011761064603,2.8216704288938965,-0.8390673729023246,-5.555555555555558,4.926856196522222,5.391710109000769,0.4221899400762785
2001-12-01,11.973445268077754,4.950495049504955,13.095238095238093,7.584372116973115,-3.066666666666673,0.615893044915139,-4.857299670691539,-3.5693782292888776,-3.9215686274509887,-7.069577798237536,-7.654790729851257,1.4714524659825479
2002-01-01,18.073538404275126,4.245283018867929,1.0526315789473717,19.56565092533502,-3.5111851154709273,0.4478948939981908,-1.4277473319873168,-4.395206170890164,16.326530612244895,2.4485174439176305,-5.270255084841002,-1.9958568150936662
2002-02-01,16.26624034586026,4.977375565610864,-2.083333333333337,3.7428071053290157,0.9753901560624278,2.4545608968914667,5.691294806144853,-0.6389603357249252,8.771929824561408,-3.136008841610849,7.3507315144325736,-3.42068777416642
2002-03-01,2.480875375229963,0.0,-1.0638297872340274,-2.3183652470296856,6.858374201218598,-0.07046340048080246,11.157253599114059,1.7711654268508736,8.064516129032274,2.916636953576268,-11.057497513720582,1.009601807399041
2002-04-01,-0.7729231234409051,5.1724137931034475,-2.1505376344086002,1.150484717810274,0.0903970516653807,0.5972873200879247,4.221668742216678,0.09371067498460395,0.0,4.275221729490042,2.7829544042738297,-1.8708790568719214
2002-05-01,-1.0074847163235479,7.786885245901631,-3.296703296703296,0.7371127310596304,6.59302487147424,-0.08452562569579714,0.5376986497789504,4.683821955916989,4.477611940298498,-6.179812612133706,2.3812401788952053,6.218243981195681
2002-06-01,5.590826888298905,9.885931558935358,9.090909090909083,-2.576362079826855,6.595841751938991,3.1672340864541404,3.3753268362253452,3.370384566245055,19.999999999999996,-5.595297117359587,2.3022432113341207,3.093636140107736
2002-07-01,-1.6689745645361298,0.0,7.291666666666674,-5.640481480253334,9.336594313665536,1.4899999999999913,-2.977696022074039,6.778068917783142,-1.1904761904761862,12.251481731562762,10.532794768224662,7.332885236660092
2002-08-01,-0.8690335013341155,0.34602076124568004,5.825242718446599,1.1596851279167986,1.744771278380508,4.983742240614841,1.469368408579208,0.18288730438003054,3.6144578313253017,-2.386044646437635,-2.2587268993839893,-2.3533927236733088
2002-09-01,9.224471485448337,-6.896551724137934,-0.9174311926605561,11.583755992496346,0.005496317467290623,6.012313698990113,0.12845965199113074,-1.224725592143272,3.488372093023262,2.108866826429301,10.098276598775113,-2.0770408374363947
2002-10-01,13.690659547523708,1.4814814814814836,0.92592592592593,16.464563129465603,-1.1376751854905165,0.0796784531756467,-0.04665267086539915,-2.730143876476787,-6.741573033707871,-1.02595051297526,-3.289133247089271,-2.030253095026824
2002-11-01,4.134930908871959,5.8394160583941535,5.504587155963292,2.7012216311582904,1.9957749610851616,-0.13799936307985483,-5.239206534422413,1.993842897686271,1.2048192771084265,6.131436314363148,-5.032939838812145,-3.486942833114104
2002-12-01,-0.35703444587384947,3.7931034482758585,6.08695652173914,-0.6806439438306056,-0.6813102959611905,0.12756005952800908,-13.0402659770964,-0.6791331619779739,1.1904761904761862,-5.719757421002236,2.3135432072681095,-1.4992403253195064
2003-01-01,5.290567789479783,3.322259136212624,2.4590163934426146,4.909848524555804,3.05125672264297,-2.2489206596362,-1.1611441517983656,0.04748450817919636,7.058823529411762,-3.0672354255535272,1.528136293236959,-1.5719632528070737
2003-02-01,1.2510161061434877,-0.6430868167202619,3.200000000000003,-2.7653223086819168,-0.5165619341782945,-0.47425106344465284,1.6189111747851204,-0.5173354849426937,8.791208791208781,5.120145291981015,-5.935794433709618,6.8814528023598776
2003-03-01,-7.2541468791247565,-5.825242718446599,4.651162790697683,-5.75344577322765,-1.4078475456345996,-0.12913082225415318,-1.1560693641618602,0.6202142124472232,7.070707070707072,-3.189580703036754,-7.24736917976071,8.253913493466737
2003-04-01,0.6074121893248074,-6.185567010309279,-0.7407407407407418,0.8818318113670287,-2.2695189488543877,0.17118298368297147,-3.0523463129368156,-1.0454944169175806,-5.660377358490576,4.289930674720299,15.359210475191354,7.387563239453443
2003-05-01,-7.68681094324214,1.098901098901095,-4.477611940298509,-8.354837402218395,2.155555555555555,0.8671781260226386,-6.502868912755632,2.153809295639686,0.0,-3.9818349348427096,-7.345907713034694,4.82982472410276
2003-06-01,7.467496564035314,1.0869565217391353,0.78125,2.765615555850398,-0.8375027191646733,-0.42896022205000106,-3.5719905586152567,-0.8372616618588569,3.0000000000000027,0.6237576256083566,5.5290995674143195,-1.8577823386825676
2003-07-01,0.686482036808389,0.0,3.100775193798455,-2.6610624166176655,-0.3674454316112796,0.0,4.177545691906004,-0.36895132680573317,-2.9126213592232997,-3.222070844686664,2.31140199793316,-3.8796444861093793
2003-08-01,-4.595955909190453,-1.4336917562724039,0.0,-1.1303681433666335,-0.11559420928055619,1.2652728753733467,7.330827067669166,-0.11394388263780142,5.000000000000004,5.912578306468652,-2.0167671122184427,-3.529831010747031
2003-09-01,-0.9472508301834881,-0.27272727272726893,6.01503759398494,0.5440696409140244,3.157720709798295,-2.5007150007150036,3.8382953882078352,3.1584200769998683,5.714285714285716,-10.746328171728582,0.591024671843865,1.5553611354136354
2003-10-01,-6.88264738598442,8.295350957155879,13.475177304964546,-1.5018086935895125,5.117794753993277,0.0,-0.9135628952916419,5.118990024650416,17.117117117117118,13.417721518987324,-2.360456377673026,4.209821001244385
2003-11-01,-2.1518756325386246,12.794612794612803,6.25,-2.6896852752148592,0.3506632108553065,0.0,0.35460992907800915,0.3506541892217552,-1.538461538461544,-5.199579831932766,-0.8921386838330547,2.818091633905273
2003-12-01,-0.2289066739012524,19.402985074626855,-4.70588235294117,2.278351791127897,-0.5165603160133703,-1.2815106792556596,0.6784452296819898,1.1684028915241784,-1.5625,-3.5318559556786644,-4.818554080768134,2.798027444253881
2004-01-01,4.265733077276046,-3.0000000000000027,3.0864197530864113,10.30018903591683,1.3337405823661275,0.0,1.6987224484065644,1.336240393748378,-1.5873015873015928,15.218951902368971,2.1548047324110753,1.8215316160878903
2004-02-01,-0.25753451451484555,6.958762886597936,-2.395209580838331,-1.074914993967313,-0.03014166582939737,2.598150280429379,-4.003313086692428,-0.03408388897173653,3.2258064516129004,7.644859813084115,10.15829218704618,3.8697893550919904
2004-03-01,-3.961237396434214,8.43373493975903,-2.4539877300613355,-1.7698747089477718,-1.9095477386934734,0.0,-3.2499280989358725,-1.9093485626611506,3.90625,-7.732823985645664,1.3051216136048982,3.245739453401031
2004-04-01,-5.62541475948205,11.111111111111116,-3.7735849056603765,-0.3710758377425072,1.413934426229524,0.0,-5.380499405469685,1.4142643001455513,3.007518796992481,10.883884323442693,-2.664454421237561,2.4879027123392294
2004-05-01,-3.883670194544109,-0.40000000000000036,0.6535947712418277,-4.133858267716539,-4.814103859365526,6.328174495429439,-1.1310084825636224,-4.811276294931666,-1.4598540145985384,0.6223127404390238,15.003843711353992,1.6928883159643915
2004-06-01,5.158603612898394,-5.421686746987953,-7.792207792207795,4.611998286381169,5.407843761609077,0.595835957848867,3.431839847473772,2.7905302007381394,1.4814814814814836,-1.3774879118407801,-0.29644268774703386,4.122058127281347
2004-07-01,-1.3450115057350387,-5.520169851380041,-11.267605633802813,1.3401115582856837,0.9213573658241714,0.5923067810664984,3.9324116743471693,0.09414134337508706,-6.569343065693434,3.1298101590559346,1.2359354048854465,-0.5177775170147836
2004-08-01,-4.354036705541986,-1.1235955056179803,-5.555555555555558,-0.4584471322668704,-0.8979795460214435,0.0,1.7883535323677258,-0.8989697937400232,-3.90625,2.0453289110005546,2.294845954506175,-2.313374518968503
2004-09-01,-5.300867724067526,1.8181818181818077,4.201680672268915,-1.5048645621894008,0.31210672036245946,0.0,-0.9728473936401971,0.3156175509843706,0.8130081300812941,-2.231852654387867,-3.5325245587862653,-4.390678298668749
2004-10-01,1.5830555167388738,-0.22321428571429047,-6.451612903225811,2.183058555997719,-0.6573995082049477,1.175955989973243,-1.4369501466275691,0.9966777408637828,2.4193548387096753,-4.909131205673756,1.9782913165266036,-2.402715289288815
2004-11-01,5.699013481114656,0.4474272930648837,-6.896551724137923,2.3742628240792207,2.1064861588199646,1.1622879946790787,-1.0711097887533438,3.838445451376793,-3.149606299212604,-0.37291690945112643,-6.1573676680972795,2.3211426168254556
2004-12-01,1.7551035585468222,0.0,-0.92592592592593,-2.4550629729766404,-5.827932518676104,0.0,-0.6165413533834485,7.082616540091458,-4.0650406504065035,1.1229383553632122,-10.857369351789748,4.578077081159693
2005-01-01,1.7613740179061033,-4.342984409799556,5.607476635513997,1.7842219622262956,0.5673758865248235,4.5973799700849804,-0.3782720532607087,0.5701187257552753,0.0,6.599190283400813,12.525224886274234,0.036278985397708574
2005-02-01,-1.3663949438000533,2.4447031431897637,2.6548672566371723,0.5323152291418554,-0.21417750613801356,0.0,0.25820170109356333,0.3000019480645877,6.779661016949157,-2.8376105474472335,-3.8420620687558804,2.443410196742124
2005-03-01,-0.7554657491853911,7.727272727272738,6.896551724137945,-0.8275937168213732,1.376819181237554,1.6484379910742364,-0.27268595667324647,0.5127507914619134,4.761904761904767,0.04467277194548647,13.646277856804168,1.935245962091603
2005-04-01,-0.2733042297956456,-2.9535864978902926,1.6129032258064502,0.08235197232973057,0.25819777949909195,-0.5395377599134332,-1.868449035394204,-1.9072095225213026,-0.7575757575757569,2.5842822058495196,-9.37360925678682,-2.373131520685323
2005-05-01,-0.036785668303640495,-2.9891304347826053,-2.3809523809523836,-1.652541210674996,4.3110996652073075,2.172966923650832,-0.1547987616098978,2.2614451185879902,3.8167938931297662,-6.763153599216487,2.6701859922656723,-3.456504661538229
2005-06-01,1.8086809324918685,-2.9691876750700286,-3.25203252032521,-4.536137102059589,0.2962670353545249,0.0,1.7054263565891459,-1.583448913546004,7.352941176470584,4.470121381886094,-2.152337677866789,-3.426729101097725
2005-07-01,1.8524542760066431,-1.8475750577367167,1.680672268907557,1.0896874087058084,1.1864907443875472,0.0,1.0060975609756273,-2.9242513211978904,15.753424657534243,2.0221204334710974,-8.927043871440787,-2.92990795351572
2005-08-01,-5.6248558297993245,-12.705882352941178,-1.6528925619834767,-3.3552004161488735,3.1187661168685876,1.0648979219277654,-0.06036824630245574,2.8893459149931466,-5.325443786982243,0.9198423127463995,12.123448507212341,-0.3897805437274804
2005-09-01,-2.6359824769210505,-6.738544474393526,1.680672268907557,-3.2055499073022076,2.2931018212701826,1.0521720805611645,-0.8154636061612708,0.5800623175057362,6.25,0.390625,-0.9454284346577357,-0.794120548485755
2005-10-01,-3.286666022979634,10.982658959537561,5.785123966942152,-3.835341365461842,-2.550738007380071,0.0,-0.5328867235079304,-3.2752070141256695,0.0,-1.7455685257241615,0.16914340944786943,0.016573029052513455
2005-11-01,-3.8575963899926125,-0.06510416666666297,-2.34375,-4.638835793565377,-2.7453022199081745,2.0824333785172566,0.8724934945660623,0.3706389493191464,-5.88235294117646,-0.31351410813486025,0.4402364009166604,0.13753334769424086
2005-12-01,-0.36967041182944804,-3.0618892508143314,0.0,-1.7601778706058835,2.457779724534004,0.0,0.015174506828508072,1.4971501966765777,4.999999999999982,3.034650187596566,-4.124887421194834,0.9134233518665491
2006-01-01,3.5165613991203326,0.13440860215054862,3.200000000000003,9.589534325492078,4.9781493444803315,4.082823831550697,-0.4703383401608252,2.760311622572864,11.904761904761907,-0.3694976973331876,-3.32226953907816,1.4659582841400898
2006-02-01,4.865082561417644,5.369127516778516,2.3255813953488413,11.039316613733451,0.6968325791855134,0.0,0.7621951219512146,2.016548008466401,9.574468085106403,-1.203977425423275,5.110931174089051,0.9583373735414957
2006-03-01,1.526614947384597,-1.9108280254777066,-3.7878787878787956,-1.5470671945669534,1.1773164374943912,0.0,1.1497730711043985,1.2920140329699459,0.4854368932038833,5.266307600239384,-2.0799309771053487,2.415520801651949
2006-04-01,-2.50609975222712,-3.3766233766233777,-2.3622047244094557,-0.1502683363148405,1.8786640611121008,0.9799660727053627,1.0918336823212638,1.5865035472878652,3.3816425120773097,6.0364876737815765,-2.722008937000431,3.418255704907791
2006-05-01,1.2687696426492812,4.8387096774193505,-3.2258064516129115,4.951985093879885,6.443175378176913,5.500638640528677,2.1452877644622115,5.697003024470715,14.485981308411212,-5.858556319149965,5.991007019700434,3.977813713784828
2006-06-01,-1.2203065134099633,-0.7692307692307665,1.6666666666666607,-2.425401160805729,-2.338534627513611,-1.398868272141074,0.5938586326767137,5.989976241263895,10.20408163265305,-3.8622831995858142,6.775522661376487,1.3575778717713982
2006-07-01,1.4041075965324001,-0.8397932816537446,0.0,-1.3492141247603118,-0.9812966535267975,0.04671213314293432,-0.9503239740820679,3.9677994665968663,-8.14814814814816,4.114384188701603,2.312419608403604,4.508625758249307
2006-08-01,2.1840992981046803,5.276872964169388,8.196721311475418,1.8032205433780035,1.6559376588175523,2.625330167284745,0.24712894316032408,0.49888262881245815,-12.096774193548377,-8.64842497284436,3.0424093423478737,1.4641107619688176
2006-09-01,-2.332066855078685,2.2277227722772297,-1.5151515151515138,-1.7629187803110513,2.6829979585885066,-0.3431691147796734,1.2325986078886464,0.3742620460702506,-16.972477064220183,9.540796104410854,-3.687335628880506,0.4855025424645554
2006-10-01,0.5423222122146854,-0.6053268765133124,-3.076923076923077,-2.010185697464917,-0.4665882257475551,-0.5987008582683195,-0.18621973929235924,-1.3900589721988155,0.5524861878453136,-5.825493642096557,4.889789713706616,1.2395192657093324
2006-11-01,21.987572904357112,5.7247259439707765,0.7936507936507908,14.419318412137706,4.361650089678792,1.9578253966171077,2.726750861079208,1.1169648931289133,-10.989010989010984,-1.2349744771941396,-6.073537305421361,2.0312666170371196
2006-12-01,0.6546670416549549,11.981566820276491,3.149606299212593,0.04428473821393997,4.858995390985088,2.7271908261367495,2.9756915339480328,0.1846259759360258,6.790123456790109,-4.8849616538846234,4.874703546018222,-5.939910360642076
2007-01-01,11.067819499852515,-0.462962962962965,-0.7633587786259555,13.02280286838078,-2.3057438724577217,-0.22927159287378096,2.9439696106362767,-2.8595524043041554,20.231213872832377,-1.9807186678352462,-3.258589216140362,-0.6330253625697724
2007-02-01,-1.1949518525247615,3.9793281653746737,-1.538461538461544,-2.0186648165969157,0.11057307355015755,-0.12431719721228696,2.398523985239853,0.10932475884244397,9.615384615384603,-1.573676680972813,4.109048919931291,1.767592282814756
2007-03-01,2.5164082833540657,1.1928429423459175,0.78125,4.3854640140700285,2.7041438147471064,-0.4916012874673026,-0.06435006435006052,3.388578403032061,-2.1929824561403466,-8.387839147286813,-7.057836931234118,0.6438003397074121
2007-04-01,2.456019317005853,8.546168958742628,-2.3255813953488413,2.8828690838274884,-1.3424312096714353,2.193442415819047,0.2833226014166135,-1.340520053434402,4.035874439461873,7.780789317115078,2.957184853159478,1.1895364346571569
2007-05-01,6.154467712611944,7.149321266968323,-3.1746031746031744,5.17987600625287,-1.5373628025860842,-0.3214599226023296,-1.361243097470144,0.9367865858458613,2.155172413793105,-2.6496565260058835,2.4086167415825477,0.7316941948673827
2007-06-01,-0.08499841420868126,10.304054054054056,9.836065573770503,-0.13649047599789688,-1.5422790608894732,0.10543158730353941,-4.621794037234728,0.2417719544532737,-5.907172995780597,-6.376008064516137,-6.263630089717043,1.6597233349356477
2007-07-01,-3.293633662612061,-6.163859111791725,11.940298507462677,-5.202838832474466,1.9929432747857634,2.3975912571555957,-7.630357630357631,0.4621489146502844,-6.726457399103136,-1.534320323014804,-8.991047237601613,-2.0003940369081263
2007-08-01,-3.782626962869595,-2.8967768257853965,-2.0000000000000018,-2.3741375995898983,2.995628207565093,-1.1701213683280698,-0.8571006354366806,0.18586784796010836,1.4423076923076872,2.4261891744122632,-19.470601559719114,3.425722403902842
2007-09-01,4.422580953290667,3.1512605042016917,2.0408163265306145,3.1692028311691267,1.4874690879562946,0.35262139726228714,1.758831420479945,0.14223431557465194,2.369668246445511,7.6065923800627155,27.143775616812672,2.5904520008293686
2007-10-01,5.5159165751921035,7.128309572301417,1.333333333333342,14.586249310768974,-1.1929007855687956,-0.8137917571557463,-2.211806064157007,0.040139562169994036,7.870370370370372,-11.08079618031872,-6.693846591447805,1.335152273043061
2007-11-01,2.5685800978388684,13.764258555133079,1.3157894736842035,2.0423082617707866,2.845259128386335,-0.8216987514607421,2.3067705212702183,-0.1296296296296351,6.4377682403433445,-5.746164574616463,3.861396199573197,3.3805345033905088
2007-12-01,-1.2968038735072906,2.2727272727272707,-0.6493506493506551,-0.4942369253928991,-1.4566407787838798,-2.2250610837560525,0.14641288433383526,-0.19315161629273048,0.0,-7.820361053566138,1.4056028438182766,-0.33278672711488655
2008-01-01,2.8637837176585634,10.849673202614385,5.228758169934644,5.47819113063448,4.263819277983583,3.081196960663668,-4.283625730994167,-0.7710052484092289,5.645161290322576,10.5626454771651,3.8335370167878136,2.236873941446893
2008-02-01,0.34607425730799335,8.60849056603774,2.4844720496894235,-0.2695767127193438,0.45980214574334877,5.318599099209975,-0.1832900565144402,-0.2683600393178498,6.488549618320616,-5.059891107078041,-3.382270953354405,0.5064549337940205
2008-03-01,-1.0038280574090175,5.501628664495106,7.272727272727275,-1.5811132770197078,5.703883495145656,6.614554122265837,0.7345065034429998,0.2706465793714141,0.0,3.310903807921717,-4.385458742065785,0.780578546452082
2008-04-01,-1.356398898599298,-0.9437360420718965,-6.214689265536732,-0.22711267605632912,-4.2939150401837045,3.125650720587436,2.3241683123196077,0.8768371454426216,1.7921146953404854,0.44408259936348227,-2.2329511164755456,1.3598130841121492
2008-05-01,-5.155527507069435,5.324675324675332,-1.8072289156626509,-6.262462282296067,-3.0127502056484623,-0.7853597883035524,-0.14845605700711806,0.2505567928730468,7.3943661971831,6.720212217227917,4.818244170095998,0.3849522843575759
2008-06-01,-0.3877208921419295,4.808877928483346,4.294478527607359,-2.0085840141561118,-3.774251687458041,-0.07390903832559248,0.25275052036872747,-0.13576475670338262,5.573770491803298,5.206103707795351,-3.808277441518071,0.2789960733885932
2008-07-01,1.9487192662436037,-10.964705882352943,0.0,0.6598789741619537,1.2743765837893273,-0.012863252902273192,1.0677739878392378,0.08805808744014598,-0.6211180124223614,-5.985430202795827,13.01316281759124,0.5678890784396762
2008-08-01,-9.583811095850702,-17.547568710359407,1.17647058823529,-10.139603232916972,-1.0190020307513814,-5.722739796520038,1.1738811445341168,0.21300569558708737,-8.437499999999998,2.3246073298429426,-5.179522677340708,-4.158839668932224
2008-09-01,-8.531571832713192,-7.211538461538458,-5.813953488372081,-4.770045980184989,4.220553214874534,1.0655113203470679,-1.0587382160986314,-0.06623026569116952,-3.412969283276457,-0.9687542638832092,-0.7934996508601522,-1.8602109664544453
2008-10-01,-22.25489449226785,-19.17098445595855,-15.432098765432102,-18.051048740507813,7.02358772454037,-3.0446914802646274,-0.10260920551157238,-0.7660059800869257,-32.15547703180213,16.464590796362643,3.890453033017671,-5.228884746665363
2008-11-01,-11.621070784667232,-18.119658119658123,-11.678832116788328,-12.074947952810556,3.7838725570701337,1.2336079842172554,-9.713866471019816,0.41003339287100093,-14.0625,-1.1120312315154313,2.6084010840108363,-8.069171626350613
2008-12-01,5.953700829305064,3.3402922755741082,0.8264462809917328,3.1292074840986173,3.370573155679324,-3.0412802494468982,-42.14204453112303,-0.06496620210675319,-27.27272727272727,-4.2409379112334005,-5.354302350010498,-12.429841622672955
2009-01-01,-2.770859929263547,-3.2828282828282873,4.098360655737698,-6.143549573072815,0.92768354662911,-3.2336249704421727,6.910112359550569,-11.04679059544631,24.16666666666667,-9.257292772815283,2.3878230537497824,-3.5663858613741994
2009-02-01,-3.200671559869983,-6.840731070496087,-3.937007874015752,-6.265888560236643,-2.184134688305772,-1.4417496487262538,-8.59169732002103,-0.30276666086653803,-2.0134228187919434,16.025332140152827,-1.1954905847373687,-9.545118038989875
2009-03-01,2.3903762341012103,-6.726457399103136,-6.557377049180335,5.268993279432332,-10.507055357419759,1.1417591272546934,-17.821212992239143,-0.3787349902262038,-2.0547945205479423,-12.732126965292201,-2.5703717635257917,-2.2061364421730345
2009-04-01,12.189719199947868,19.951923076923084,9.649122807017552,11.295471117232436,-1.8851578473160768,-0.02206260878092614,1.3990905911157592,-0.5378510485467447,13.286713286713292,-2.8757903324495127,-8.345666302039767,0.20271526873720802
2009-05-01,16.01045296167245,11.973947895791582,9.600000000000009,10.843548903706735,2.8008335393635564,4.872008630835634,5.10520869265263,-0.3188191361939041,4.320987654320985,-7.55984880302395,0.18955349620892736,1.2231110451196292
2009-06-01,1.6418881713971212,-14.093959731543626,-1.4598540145985384,-2.575721753749971,-4.057582629011202,-4.386149493815905,22.678043977682982,-0.4028909190507246,-1.183431952662728,1.2645767075571523,3.3424427159974623,3.7258425318126953
2009-07-01,0.02462447672986201,-6.666666666666665,5.925925925925912,2.9512086608334487,0.7770814682184435,-7.044871011126053,29.240235420010706,-0.3016163085712287,4.790419161676662,-0.8449861661556812,-6.048277732573903,5.391550291674041
2009-08-01,7.580830461184984,9.877232142857139,-0.6993006993006978,7.719808281606033,-1.705635704640751,1.2350712895249139,19.747464293107008,0.014236648692911302,17.714285714285726,-4.539969834087476,5.228781755196299,5.538409929553834
2009-09-01,5.403591206578273,-5.332656170645,-0.7042253521126751,5.471874734065185,1.5255585279444706,1.8969168604726638,-4.356093344857392,-0.23309193786585913,5.339805825242716,4.424079633433409,-3.6830012688179425,4.513524681351511
2009-10-01,7.624726809570004,0.8583690987124415,4.255319148936176,8.906383273012274,-1.502634952285986,2.655973070498696,-3.1447677570937915,-0.24612092027822552,8.294930875576046,-3.956725677106976,-6.9711966390144875,5.462120981721963
2009-11-01,1.7765166287873502,4.78723404255319,7.48299319727892,0.9631158384928895,-1.6810064348203202,1.982362439448515,15.002799029669722,-0.12693985553887677,8.085106382978724,-2.851516345017724,4.703586053809938,4.102142630562056
2009-12-01,3.118393234672312,3.350253807106607,6.329113924050622,1.690864301063999,-2.625289553994936,-3.0570238472218736,2.9855589810157346,-0.24883192209232963,10.236220472440927,4.29741344360659,5.9872797719131565,1.299186969348609
2010-01-01,8.007432086109677,2.946954813359537,1.7857142857142794,3.2430315025564926,-2.495940792206308,-0.44223327805417156,2.9777847802111346,0.0,10.357142857142865,-2.0290756433180457,-5.048972272037522,2.8986696200281825
2010-02-01,-2.9505629441564096,2.6717557251908497,2.923976608187129,-2.8595962218183946,-2.114476028193024,-1.4436424208773002,3.4730722154222793,0.0,1.2944983818770295,10.74432629741311,2.7676885079180646,3.1850857727520276
2010-03-01,3.9668956749223883,13.011152416356886,7.386363636363624,3.2675506218522,-1.1552460832410127,1.1651728553137009,2.410173000147875,0.0,6.709265175718859,2.52221266838637,-2.095850710397962,4.790480850954237
2010-04-01,-3.8931414394393737,3.289473684210531,2.645502645502651,-1.235206879734052,-1.5209734229907235,3.8109100113909555,4.129367600346523,1.3351997415742334,18.26347305389222,-1.9918926474699616,2.62084401285152,4.522328999434699
2010-05-01,-6.458598414407357,-0.6687898089172029,2.577319587628879,-7.296327649453782,3.0970573890424236,1.9824191365625854,0.11092623405435376,0.3772181489746007,-7.088607594936713,2.581473293874348,-0.9322123333450505,3.357866766995099
2010-06-01,-0.23019474999020906,4.360371914075034,3.015075376884413,-0.03913553941818915,2.83056059291964,0.5523210635169251,2.0360110803324005,0.12526685368479118,-2.7247956403269824,-0.32672923183871827,1.3244797954690801,2.0304857240359464
2010-07-01,2.153878423198452,5.837173579109067,-9.268292682926816,-0.12724029928657954,5.394111332617713,3.577500624190022,0.09501832496265905,0.38237885462555354,-8.403361344537807,2.0504951876133326,-0.998773436131073,1.926528792017379
2010-08-01,1.179354242595343,12.046444121915822,6.989247311827951,1.8772799041759658,7.187806918627904,2.410523657567887,-2.169785733658791,0.3774114838415388,1.5290519877675823,-3.109622744669205,2.385840707964615,0.41565032869190777
2010-09-01,0.24859530966605536,9.715025906735741,16.080402010050253,5.626396177812931,5.511249872738988,-1.8180187854468732,-0.38813418353201845,0.6173271309153128,6.325301204819267,-3.421034069267137,-2.523855621629101,-1.2461466400880084
2010-10-01,8.046660509368797,11.806375442739082,20.779220779220786,9.763921354340589,1.75291885111446,0.4806155532216083,2.532702477038695,0.5005648735552315,11.048158640226635,6.551270815074495,-0.05674966304888285,0.95633086621294
2010-11-01,4.156957341420853,7.00105596620908,22.222222222222232,17.535400840769967,-0.9609305854090366,2.4177147596487147,2.117263843648187,0.47904812963699417,9.948979591836737,-3.3381314689149177,-3.7050180992263426,-1.9732097983086727
2010-12-01,-0.6351954490775635,13.885325175170248,8.504398826979465,-0.6870965464770618,-2.1639218690156947,-0.4947584447279385,1.7676767676767735,0.23752151462994586,10.208816705336442,6.006240249609984,6.080931672440482,-1.829023629068216
2011-01-01,14.438133598841429,17.3310225303293,6.486486486486487,22.36903417392608,2.8642265283486568,1.2029119611143946,2.455269687867334,0.36230639788454866,16.210526315789476,1.9934443775503352,1.3792384658143586,-0.19300854914336973
2011-02-01,4.890009392456385,11.004431314623343,19.289340101522857,5.4027365431779995,4.221108714956245,2.2064817466787012,-10.987890376035692,0.7185751680952812,13.405797101449291,-1.4297894667803512,-9.886570028443176,0.7655643904492138
2011-03-01,14.000245072626317,-14.836992681304062,7.659574468085095,4.278340099564648,1.865319660408371,0.15197076987745195,26.020335099527436,0.5996364810001875,-13.418530351437695,-0.12642225031604948,2.901581989656221,2.687904991984813
2011-04-01,8.25340653525599,11.015624999999996,-5.533596837944654,2.3893410374754787,2.610825666148875,1.8284152299778311,0.0,0.6939988517780549,7.93357933579335,4.057295136575623,1.7775971026275927,3.057287028791933
2011-05-01,-0.5155584070390962,-0.14074595355383357,-23.64016736401674,2.82736985782861,12.154294032023284,1.2597626319738708,0.0,1.5595391813257642,-12.478632478632468,3.0219604328062033,0.9222948438634804,0.08320532514081158
2011-06-01,6.384595895616929,-16.4200140944327,-12.876712328767114,4.041896964254832,8.386761842959123,1.5686806592007274,0.0,0.350048709608175,-3.710937500000011,-2.0073332919023024,-1.5794775850903053,1.3014005243972449
2011-07-01,-1.68871376301718,-5.480607082630695,-15.408805031446548,-4.2129470795094,3.09656097327331,-0.3843150150026675,-0.5681818181818232,0.8161250514191698,-4.056795131845825,-3.1773211567732274,4.522025223907877,0.4903043885399416
2011-08-01,-8.355171882225987,-12.132024977698485,-6.319702602230482,-7.345888015222323,4.539013682083204,0.4311856574034101,-2.7314285714285735,1.0559644856457329,-1.0570824524313016,-3.6483919565074907,2.6720761052042574,-1.980965144646063
2011-09-01,-6.24374224037807,-11.97969543147208,2.3809523809523725,-3.7684450860418273,0.7999466702219848,-2.1487263763352527,-0.12924450710845026,1.9235117413353375,-2.777777777777779,-4.1672331747110825,-2.139256029431813,-3.840114509116932
2011-10-01,-9.982913284920969,-7.289504036908889,-5.4263565891472965,-10.16005523474769,-3.917289420893677,0.1574505605239862,-8.082352941176474,-1.7747072525313379,-10.769230769230775,-1.4258352841029942,-0.1670843776106823,-3.2580924662860222
2011-11-01,7.547098182508427,21.920875839761145,-5.327868852459017,2.6492842321477195,-7.479465883540593,-6.437988639460057,-2.0862664789453422,-0.39039184371419955,-16.9950738916256,6.879677605066203,-0.04881450488144479,-3.7455935881684277
2011-12-01,2.8671779168174316,-1.224489795918371,-9.090909090909093,-2.37400034030969,-3.8188761593016873,-0.4827779333519966,-5.882352941176472,-0.395160898505198,0.29673590504450953,-3.0433611634796742,-3.101234912439843,-5.221468023429199
2012-01-01,9.769572602645704,-0.30991735537190257,6.190476190476191,4.8502129854919085,-0.028360748723765816,-1.2876502633830111,1.388888888888884,0.0,7.396449704142016,0.6458333333333455,-5.832163300572413,-2.0000000000000018
2012-02-01,8.747674945683602,-2.072538860103623,-0.4484304932735328,3.7820657739005448,-3.2933591231463555,0.9201824401368297,5.082191780821899,-0.443880786303108,10.192837465564741,-1.6007727868626143,3.608976564590738,0.2221908272434181
2012-03-01,-3.6536899825364455,-6.0317460317460325,-1.3513513513513598,-1.3646672902704937,-4.7815883513787405,0.16608855796715893,7.222004953721828,-0.21884697043931256,-1.749999999999996,3.0993618960801994,-3.8190472676284837,0.4972191608785925
2012-04-01,-4.047350872351075,1.6891891891891886,0.4566210045662267,-6.3669195593431755,-0.9382439434252987,1.1099329979470829,2.127659574468077,0.10147963860154263,-2.2900763358778664,-12.93613548255459,13.327706590961386,1.4192445997296632
2012-05-01,-4.2950317560266456,-14.839424141749724,-11.363636363636376,-7.020464793617764,3.768730562623679,-0.47078248064437167,0.0,0.0,-2.864583333333326,16.295601906101087,1.668923493568042,-0.6588294461557842
2012-06-01,-2.219117551497818,-7.932379713914173,-7.179487179487176,-4.094605685294328,-1.2859984197476915,-3.2864060258249617,0.0,-0.8012034402694823,-14.209115281501338,-2.16296097266071,-2.73032997036593,-1.9035324195365133
2012-07-01,1.8267154012294506,0.8474576271186418,2.20994475138121,0.45277030075772107,-1.4131544809693364,-0.570210004172278,0.0,0.0,-3.749999999999998,-7.744593202883621,1.054325129223277,-2.9816661720876825
2012-08-01,-8.38887574543763,-8.123249299719893,0.540540540540535,-6.067810786530769,-0.6943083512976345,-0.1468668407310747,2.3809523809523725,0.0,-9.415584415584421,5.254148991590379,-1.3041563632668174,-2.4628969626043884
2012-09-01,-6.114198190496555,-1.6768292682926789,0.0,-5.22718465813059,-0.38623100561021584,2.5144164546027747,0.0,0.2307641590294951,8.960573476702516,24.08965566004384,2.83841295991214,-1.7929210296684261
2012-10-01,1.3345347624015957,-8.372093023255811,-2.6881720430107503,4.808219297253569,-0.8801720722250383,-0.5511273058528832,0.0,0.34041573477172626,5.263157894736836,-13.304843304843306,-3.527684143777321,0.7996779075094773
2012-11-01,3.4126753839961887,-2.368866328257191,-1.6574585635359185,4.527042730502329,0.7994746309567757,-0.3789960611889742,0.0,0.22289600917806407,-7.187500000000002,9.181728557344716,-1.712447242786963,2.8593072102472306
2012-12-01,8.358752025198468,-8.838821490467941,3.370786516853941,7.583578178353045,0.5013738209217466,1.1367162806735331,0.0,0.22076499157823726,4.713804713804692,-10.13123043582953,-2.675020238639969,3.3556058435211256
2013-01-01,3.8072804423729067,5.323193916349811,2.717391304347827,2.4970475346914878,-5.828635851183773,-1.0625724481214682,0.0,0.0,6.109324758842449,2.2305579744122284,-0.3327185273588662,0.7060774482749776
2013-02-01,-0.6332678876050046,2.8880866425992746,4.761904761904767,-1.0110684631615463,-4.318807614030884,-3.182898953583202,0.0,-4.32072577750221,-3.3333333333333326,2.2212029878128536,1.2663739613193448,1.233726135954294
2013-03-01,-2.2204406870247606,-5.964912280701751,5.050505050505061,-3.673822739871524,-1.848665895085877,-2.4772209567198167,0.0,-1.8469252020873905,-6.583072100313481,5.172745336837403,0.5661459079833842,0.12072536884777385
2013-04-01,-7.836219533404565,-2.425373134328357,-2.4038461538461675,-8.722972003413664,-2.947925297979481,1.5048661800486585,2.3255813953488413,-2.9484840587264194,-3.691275167785235,-2.1513895660653315,7.151001211430197,2.4242885791891933
2013-05-01,-2.3399379970346357,6.309751434034427,0.49261083743843415,-4.1833872529145495,-3.2016550093586837,-0.14022555940409465,4.954545454545456,-3.2027641519567496,5.923344947735187,5.219557770165051,7.012935191035141,1.2416972340636434
2013-06-01,0.13801860490794127,8.093525179856108,0.4901960784313708,-3.4852292254950124,3.8096207341068,1.368218915026409,9.354699003897782,3.8117960383953653,-7.565789473684214,3.4688924406558908,0.5127089677459562,1.8409263384660424
2013-07-01,-4.228574578934308,-5.32445923460898,-0.4878048780487698,-8.26630400744407,-2.3692036207967115,-2.000947193937952,-1.5841584158415745,-2.369499376447526,-8.896797153024917,-13.833743349161843,-1.4406281880854577,0.0
2013-08-01,-3.1114181273925623,3.1634446397188043,0.0,0.5218086766541896,1.8844557504351211,2.0961701099432073,-4.094567404426563,1.8813868613138496,0.390625,9.952858375937845,-5.9816191461999235,-0.24278262541765905
2013-09-01,5.8324916325035225,11.413969335604769,-2.450980392156865,12.45645867091001,-1.4028056112224352,2.3761907579433306,-2.360222385398092,-1.4024466694130377,2.723735408560324,-3.828502415458934,1.224394475211854,0.08554216867471265
2013-10-01,4.71480968599125,1.3761467889908285,-1.005025125628145,3.426199946506081,1.3961082233773237,1.367424548911722,6.231198968629137,1.3987792472024196,-4.166666666666674,4.169282933567753,-3.9319732375333705,1.7984615569813789
2013-11-01,-2.229370504400663,30.467571644042234,-5.076142131979688,-0.7616457554725176,-2.2838552791561217,0.14709906951286822,6.442152103559873,-2.2842093948188813,-1.5810276679841695,10.68716094032549,1.7874296692740321,1.7536806007213412
2013-12-01,0.2367026137817474,-2.196531791907519,3.208556149732611,0.719575652115445,-3.366290018832385,1.6601195559351023,0.0,-3.3679848926535083,2.8112449799196693,-6.082884060338722,9.50149988203175,1.1063592413536716
2014-01-01,-0.9956327099991835,0.23640661938533203,4.145077720207246,-4.249050619705386,-0.2610057421263301,0.5544168542723549,-0.5225653206650804,-0.26182977270139407,-8.59375000000001,-3.757393018671007,-7.664368382171871,-0.5494252873563199
2014-02-01,-0.3296895576818559,7.900943396226423,2.9850746268656803,-2.6175865555594258,1.82833217027214,0.4912116554167012,2.1967526265520565,1.8281083548927102,-7.264957264957261,14.453548620315715,-1.470098006533782,0.5813550310903581
2014-03-01,-1.057941956407249,1.2021857923497192,3.3816425120773097,-3.5481243454677402,-0.3152412280701622,0.39348695950962576,3.738317757009346,-0.31198042182741803,5.5299539170506895,-5.669316207822295,9.236390702710029,0.5458201666187934
2014-04-01,2.55126816331106,-2.2678185745140356,-2.8037383177570097,0.9697745854097661,-0.20280489481645514,0.7452469803696404,1.1261261261261257,-0.2042652074510043,-6.113537117903933,-7.6339285714285605,-4.478582711307954,0.0
2014-05-01,-3.72167990092519,2.7624309392265234,-1.9230769230769273,0.8115659638609607,0.7474253435745482,0.6093217459917311,-2.895322939866374,0.7454979062212486,-6.04651162790697,7.467375543740928,3.0932849129405637,4.285714285714293
2014-06-01,-0.6545034947838424,0.43010752688172893,-1.9607843137254943,-2.1589096047773038,-0.2666666666666595,0.35618975001363573,-0.7981651376146814,-0.26467847157501945,0.990099009900991,-6.903530469979757,-2.0757980814593346,-4.109589041095896
2014-07-01,0.6940411474052111,-7.815845824411138,-7.499999999999996,0.4640457709403023,0.33593857123268567,1.0061650675118328,-0.1202256543049951,0.3345294161620549,-1.9607843137254943,7.663043478260878,1.5962742893849358,0.0
2014-08-01,-2.6861184123442405,-10.569105691056912,-11.891891891891904,-0.7791123684088519,-1.2060129825760102,-2.1792626183389174,1.7592592592592604,-1.2032708104382839,-6.999999999999995,-11.548600594536996,-1.2044764795144158,0.0
2014-09-01,-3.158610638814674,1.9480519480519431,-0.6134969325153228,-1.2386071512035524,-4.018397482449776,-2.3409607716052716,4.303912647861674,-4.0195320601044475,-10.215053763440874,5.415345592897913,-5.225432786150841,0.0
2014-10-01,-2.247326283684814,-2.0382165605095537,-4.320987654320996,-1.1822053951727418,-0.6845613402990613,-1.4893138357705338,-0.2006455552647557,-0.6855369384588084,-2.395209580838331,16.307747834456187,0.5030724559389688,0.0
2014-11-01,-0.269926309091284,3.3810143042912966,-3.8709677419354827,-0.19540042719896622,-7.08144385996734,-1.810998447063128,0.08741258741258306,-7.0806962025316444,0.6134969325153339,-13.46263253167831,1.7032284072966641,0.0
2014-12-01,-3.172757304133955,2.264150943396226,1.342281879194629,-3.823526589057269,-2.6314762034904238,-0.9001046633329457,-4.707423580786029,-2.628778203490856,-1.8292682926829174,9.950992110925183,0.9942524938891362,0.0
2015-01-01,-3.5668735651730232,-6.027060270602702,-1.9867549668874163,-3.5025395906718715,0.8380448293836995,-2.9865283514832863,-2.1354596278984506,0.8350639414143712,3.105590062111796,-7.9741262162309035,3.1365494685200224,0.0
2015-02-01,-1.7292686152625358,3.926701570680624,4.054054054054057,-2.0805972927416927,-0.23461110227454007,1.0281719103434117,-0.6742835737029385,-0.2363041168946589,9.63855421686748,6.036621382161833,-2.93334178981417,0.0
2015-03-01,-1.9122281663918828,-9.193954659949622,-0.6493506493506551,-1.8438922389667378,-1.422934353700822,-2.231774044850998,-1.4708655478031352,-1.4211830153418314,-4.395604395604402,-10.572638146167568,-2.309778169819332,0.0
2015-04-01,0.895286880559798,-0.9708737864077666,3.267973856209161,6.166012157727674,0.7035419699175094,-0.28656453212829724,-3.9904306220095664,0.7032007759456782,-2.298850574712641,5.244798804036388,2.076784161594558,0.0
2015-05-01,12.258473952017779,4.761904761904767,1.8987341772152,12.953504398232596,-1.0278647715409983,3.467079326480227,-4.315757998604608,-1.0266401068231068,8.235294117647074,-5.711410984848486,-3.934737738754379,0.0
2015-06-01,4.1995598538230094,0.0,-0.6211180124223614,2.083295950043973,-2.3975659229208857,0.6279229874415426,-2.083333333333337,-2.399699208209838,-1.0869565217391353,-6.383780051471987,0.821908464634058,0.0
2015-07-01,-7.726365556395209,-1.7379679144384985,0.0,-11.262963613991916,0.2826385136539322,0.03774697729284071,-12.234042553191493,0.28326044097986003,-9.8901098901099,3.04411961914981,4.001623651185593,0.0
2015-08-01,1.0478460359291564,-6.258503401360549,-1.2499999999999956,1.2905462288911984,0.17822356695817998,0.2252172580093692,-13.939393939393941,0.17851493650291594,-11.585365853658535,-0.6051535658511242,1.36277889806804,0.0
2015-09-01,-6.354879936825264,1.4513788098693858,-3.797468354430378,-5.469941721750693,2.51551510136534,-1.557683710204949,5.352112676056331,2.515056504184243,-6.896551724137923,13.184942716857595,0.11551419862025902,0.0
2015-10-01,-2.0882108183079118,5.293276108726763,0.0,-1.1047437780582259,0.12107514730810287,-0.11114563663743304,-0.06684491978609097,0.12321774335504188,-1.4814814814814836,-7.82000115680489,5.432518188519597,0.0
2015-11-01,3.8994594472082866,-2.717391304347827,0.6578947368421018,4.916009455473502,-2.0880361173814976,-0.8602433567437506,-6.247491638795988,-2.087728551336143,-6.766917293233088,-5.20800652569493,-2.90004863813228,0.0
2015-12-01,2.4606256271541227,6.00558659217878,1.3071895424836555,2.5182940202978843,0.7081103334705574,-1.4204339745601091,2.2831050228310668,0.7070072271849748,2.4193548387096753,10.796319586946446,-2.776908146014656,0.0
2016-01-01,-1.0293804556099628,0.5270092226614009,-1.9354838709677469,-1.3701960479228226,2.918812852587682,-3.8232233580216657,1.841517857142838,2.917381711203726,-3.149606299212604,5.01852073127016,1.2687167927869947,0.0
2016-02-01,3.347208329299911,6.553079947575369,-3.289473684210531,0.27902941147470717,3.0108039402605646,-0.701356890099536,-1.0410958904109702,3.0144224522499874,3.2520325203251987,-11.212879736033688,-41.61658558300741,0.0
2016-03-01,2.695529999479618,21.771217712177116,-2.0408163265306145,2.158181424891348,1.6503431788386091,-0.6499083462588651,1.1627906976744207,1.6459953752364864,14.960629921259837,11.059140129429124,65.24154457818199,0.0
2016-04-01,3.673676209779586,5.555555555555558,6.25,4.707365665393026,3.0650178286928176,0.639966969446748,0.15051997810617834,3.0670278989928246,17.12328767123288,-18.386892055616457,0.744891232696121,0.0
2016-05-01,-3.344086021505377,-7.8947368421052655,1.3071895424836555,0.7675196705640097,0.5778432094221575,1.5448717948717938,-1.0247301543926723,0.5778954972309069,-4.678362573099415,-0.6857062067015418,1.5834587450107795,0.0
2016-06-01,2.677009273961106,8.883116883116893,5.161290322580636,-0.18790991270398738,3.289786657884153,-2.187993182248582,3.2578685808945407,3.2898411938392824,-8.588957055214719,5.722827247490914,0.27375201288244444,0.0
2016-07-01,7.270058901168164,-3.8167938931297662,9.81595092024541,3.508467296040063,1.3179338198823887,-7.44268897149939,1.0695187165775444,1.317288934386629,6.711409395973167,-1.400390493503001,-0.1702264332744563,0.0
2016-08-01,0.6133673684887153,0.9920634920634885,-1.1173184357541888,0.7451880628642105,2.8148821595915585,-0.3123866900956562,-2.804232804232787,2.813840434658288,-2.515723270440251,4.936838511437358,-4.584647062608582,0.0
2016-09-01,-3.0983344741045027,0.6876227897838927,-2.824858757062154,0.5573862441281774,-0.6393905383804355,0.25181164488961016,0.08165487207403288,-0.6378520702378876,1.2903225806451646,0.8719416970327964,6.332400445088848,0.0
2016-10-01,-3.593897155773218,-5.975609756097566,0.5813953488372103,3.5471500784381993,-1.8107136744822783,-6.0994669420334375,1.4957846070165814,-1.8120066434023196,5.73248407643312,12.508063475680542,-5.038845726970043,0.0
2016-11-01,-0.43276933296861886,5.940337224383918,0.5780346820809301,0.09931823920545924,-4.085616677124737,0.6568486127416895,3.4967845659164,-4.084308955450799,12.650602409638555,-7.981193738891113,1.6563146997929712,0.0
2016-12-01,-1.6336181944839767,10.381978452497552,0.5747126436781658,0.6457688685591378,-6.803808969978908,0.43405725421876706,-2.019417475728158,-6.8044464699704825,19.25133689839571,-2.7540656738737734,1.875698048748431,0.0
2017-01-01,2.5095754867539233,8.695652173913038,4.0000000000000036,7.770518647239677,0.8501676936276459,-1.2421538506769303,-0.8455542343770661,0.8504666935981176,14.798206278026903,9.028000256295265,0.4481991422951692,0.0
2017-02-01,0.18098314716068487,-6.428571428571428,3.296703296703285,6.059830848779435,1.8754833720030728,1.2905242475663048,2.0386409060626276,1.876330824531447,5.859375,-7.393041842971315,-7.733050847457623,0.0
2017-03-01,2.9157520542357096,-11.363140676117778,1.5957446808510634,6.336339848261119,0.011387360030368221,-1.1770929771194316,1.7628623661530618,0.008277631769537663,-13.284132841328411,1.5674577992131011,4.51936123577914,0.0
2017-04-01,-6.462816157040385,2.7559055118110187,0.5235602094240788,-3.426517187575173,2.603613177470754,2.3733047822983577,-3.2080071859361015,2.607238189831773,-5.957446808510647,-0.1312089971883812,2.057120031955262,0.0
2017-05-01,2.9088304140770127,6.5613026819923315,1.5625,2.027786872410986,-1.8717170969889785,2.3357155307651922,-8.04719607583191,-1.8714582451045736,-4.977375565610853,0.0,0.0,0.0
2017-06-01,4.496298838178325,0.5842696629213551,-4.102564102564099,-2.0677098230168833,1.17234620024127,-1.004939533299254,-2.5519031141868487,1.1714174150722512,-18.0952380952381,0.0,0.0,0.0
