unnamed: 0,p10 : energy (kj/day),i10 : bhp (bar),i01 : energy (kj/day),p03 : energy (kj/day),i05 : energy (kj/day),i05 : temperature (k),i05 : water rate (m3/day),i04 : water rate (m3/day),i02 : temperature (k),i03 : water rate (m3/day),i02 : bhp (bar),e01 : energy (kj/day),i09 : water rate (m3/day),p02 : water rate (m3/day),p03 : water rate (m3/day),e01 : bhp (bar),i04 : energy (kj/day),p05 : energy (kj/day),i03 : bhp (bar),p09 : water rate (m3/day),i04 : temperature (k),p06 : temperature (k),i03 : temperature (k),i01 : temperature (k),e05 : bhp (bar),p01 : energy (kj/day),p01 : water rate (m3/day),i01 : bhp (bar),p01 : temperature (k),i10 : energy (kj/day),i01 : water rate (m3/day),e01 : water rate (m3/day),p03 : bhp (bar),i05 : bhp (bar),i02 : water rate (m3/day),p02 : temperature (k),p04 : water rate (m3/day),p02 : bhp (bar),p04 : temperature (k),p03 : temperature (k),p10 : temperature (k),p02 : energy (kj/day),p05 : temperature (k),i03 : energy (kj/day),p10 : water rate (m3/day),p10 : bhp (bar),e01 : temperature (k),i04 : bhp (bar),i06 : water rate (m3/day),i06 : temperature (k),i06 : energy (kj/day),p09 : energy (kj/day),p06 : bhp (bar),i02 : energy (kj/day),e05 : water rate (m3/day),e05 : temperature (k),e05 : energy (kj/day),p01 : bhp (bar),i06 : bhp (bar),p05 : bhp (bar),i09 : temperature (k),i09 : energy (kj/day),p09 : bhp (bar),i10 : temperature (k),i09 : bhp (bar),p04 : energy (kj/day),p04 : bhp (bar),p06 : water rate (m3/day),p06 : energy (kj/day),p05 : water rate (m3/day),i10 : water rate (m3/day),p09 : temperature (k),time (yrs),econ_periods,deltahours
0.0,-0.3846149025112571,229.153508840465,0.01743782788583664,-1.842289418509035,-0.06206007536017534,349.1324668607648,-1.877777167146087e-07,-2.381363699842661e-05,343.6240540042778,-1.372648110056547e-08,204.3686216716117,0.0,-1.204592424066435e-07,-6.05592685417506e-08,-5.257350989850148e-06,235.5480292915121,-8.978035488731603,-0.6333517868652799,206.634874293935,-8.300687709853843e-07,361.3357449754193,357.6024114447487,342.2108814706586,298.15,192.5064206147622,-0.05745417435518123,-1.617860720782755e-07,227.5600933876293,355.2039035962208,0.0231465702124998,1.376752877945386e-07,0.0,214.261126810046,219.6456279781974,0.0,349.7448384445465,-7.697695089096355e-06,218.7177347681245,353.2476187223926,354.4482931874379,344.0471211964937,-0.0201486880248687,338.271795164418,-0.004147928662563419,-1.254993814699584e-06,174.0961827506261,349.4362606844404,214.8355590173569,-1.422079458879043e-05,363.2963757225313,-5.46363031251952,-0.2860036335386024,214.6760053502151,0.0,-3.894061868545682e-06,357.4876953748924,-1.402782407816378,232.3757444711176,213.8215303266763,174.3134173001361,349.2177648713967,-0.03965474833041568,203.9195067324704,298.1500000000009,201.9284613489974,-2.642227405980826,185.1244962370244,-2.267163556021e-06,-0.8223314519699043,-2.233211384908783e-06,1.825042315379855e-07,353.1336412246505,0.0,0,
7.9999999970645375,-3264715144.4424453,233.62716076437837,1066003615.6340327,-2852555811.1619887,1071369540.9031601,298.15,8399.999999997723,16799.99999999837,298.15,8400.000000001739,254.88785600387823,-2706219853.038669,5760.000000000564,-7560.000000000229,-8400.000000001246,163.49702855806626,2147971991.358387,-2368220254.464681,227.6164884329275,-5759.999999996723,298.15,355.39795329027845,298.15,298.15,188.1550346859098,-2881335452.8366246,-8400.000000003754,229.88825040046387,353.3446577752389,1374832493.2071447,8399.999999997359,-8399.999999997428,187.66974120613637,235.95535752714554,7559.999999998664,348.71728921238406,-16800.00000000318,176.8897409336863,351.67091018605936,352.2430773323697,343.04717225848896,-2456612203.305652,337.8627772232721,1063986552.7544261,-10799.99999999646,172.42351120748367,348.3311717954279,238.9258685768311,12000.00000000192,298.15,1529547262.4271376,-1947738322.0914893,185.1763847010482,979135010.9929103,-8400.000000005162,356.27808188483317,-2983314204.238884,178.57178707710807,235.17726537760632,173.23217156087526,298.15,741037133.0560937,183.83265489749917,298.15,246.55942818489584,-5631159280.427799,165.3493741124458,-12000.00000000046,-4216555627.1929073,-8399.999999999773,10799.99999999887,351.97037117856627,1.0000000000000002,1,8760.0
8.999999997260273,-3286050802.718262,234.189369772034,1066210006.4727676,-2849303404.1009088,1071561455.4701011,298.15,8399.999999998496,16799.99999999958,298.15,8399.999999999529,254.57174451854257,-2700530478.8042183,5759.999999999029,-7559.999999999485,-8399.99999999909,161.99880828466732,2149050717.6815615,-2387667450.470811,227.6133129326553,-5760.000000002837,298.15,355.25818040658186,298.15,298.15,187.6087363642645,-2874406636.539424,-8400.000000000879,230.12095297693838,353.164382798369,1375471116.5603302,8399.999999999065,-8399.999999998243,186.43279679457788,236.17298395844858,7559.999999999387,348.84452200383936,-16800.00000000244,175.5136656698951,352.03101679762153,352.17440668661663,343.5543223288193,-2459384551.5504017,338.4739578933406,1063983730.5182047,-10799.99999999868,171.59616219259243,348.19644557547366,239.53916251382475,12000.00000000013,298.15,1530336148.1134348,-1948200489.6619208,184.14016553209245,978888252.3065907,-8399.999999998316,356.5992800209381,-2993430303.589473,177.16355048504008,235.80316002023912,172.2461323447374,298.15,741204249.8195605,182.6845125458097,298.15,246.83833856251505,-5654447327.626895,164.75053274059016,-11999.9999999994,-4208610251.535696,-8400.000000003707,10800.00000000007,352.018192290566,2.0000000000000004,2,8760.0
9.999999997260273,-3307129135.484108,234.90553531940532,1066829275.3343405,-2847229619.1223264,1072117126.7674305,298.15,8399.999999999874,16799.99999999921,298.15,8399.99999999949,254.85461108084093,-2697149015.8897796,5759.999999999018,-7560.000000003045,-8400.000000004935,161.7384989284721,2150223151.532549,-2405479002.513026,228.07557875508343,-5759.999999997335,298.1499999999999,355.200049540176,298.15,298.15,187.62122855972427,-2869476458.3776846,-8399.999999996877,230.8194486222925,353.01832740422856,1376284174.1882164,8399.999999997948,-8400.000000001264,186.2393128766581,236.80333160853382,7560.000000002201,348.94247343837816,-16800.00000000084,175.28938375781217,352.3917722023134,352.1164162407821,344.0434496301977,-2462102372.8329086,338.990086877178,1064394489.6664037,-10799.99999999589,171.5495868194269,348.10164322471604,240.20609938271446,12000.00000000248,298.15,1531258800.9356482,-1949052730.29376,184.01316928582114,979109062.9408873,-8400.000000003804,356.88103040834955,-3002628966.744607,176.9249551741841,236.53561236851527,172.22181471600743,298.1499999999999,741614182.0471603,182.53684697340364,298.15,247.52313350713365,-5678453294.514617,164.70285324221584,-11999.9999999986,-4205650001.687442,-8400.00000000232,10799.99999999992,352.05911758652337,3.0,3,8760.0
10.999999997260273,-3327557529.262676,235.48864787736613,1067349912.8263485,-2845392140.370692,1072596443.7525088,298.15,8399.999999998425,16800.00000000013,298.15,8400.000000001393,255.15188430552226,-2694654270.285614,5760.000000000197,-7560.000000000792,-8399.999999997348,161.67078311634674,2151177926.04842,-2422020275.7636375,228.498546086182,-5759.999999998145,298.15,355.1804120060985,298.15,298.1499999999999,187.72468261475376,-2865207099.4062147,-8399.999999995218,231.4070187875294,352.8886001611439,1376945807.4751172,8400.000000001486,-8399.99999999809,186.2146329618244,237.34733854018586,7559.999999998809,349.0159199908004,-16799.99999999441,175.24227956808926,352.751377316043,352.06158491774295,344.52071686976694,-2464221153.199781,339.47283379748814,1064770186.0672988,-10799.99999999768,171.62837625051054,348.02889728470547,240.749503700904,12000.00000000028,298.1499999999999,1532019955.8244026,-1949859898.9177787,184.04078113474313,979341061.8854268,-8399.999999998743,357.13924409051606,-3011077296.656573,176.87176987463542,237.14020655907768,172.34247517672713,298.15,741969254.6470926,182.55083968887587,298.15,248.11661144018373,-5702312768.629818,164.74576503907832,-11999.99999999675,-4204806995.583324,-8399.999999997892,10800.00000000097,352.0942166012894,4.000000000000001,4,8760.0
11.999999997260273,-3347289756.307036,235.9502972903432,1067752604.1394247,-2843574346.0033712,1072979755.0028939,298.1499999999999,8399.99999999841,16799.99999999976,298.15,8399.999999998952,255.3961031346196,-2692510583.5273743,5760.00000000107,-7559.999999997309,-8400.00000000168,161.6320918084205,2151941436.825908,-2437546610.1233315,228.8415396959563,-5759.999999996865,298.15,355.18337111644087,298.15,298.15,187.83712341481763,-2861317622.9388547,-8399.999999998106,231.86168311621273,352.770212878536,1377469386.1150274,8400.000000000871,-8400.00000000518,186.21429255784435,237.7825658367233,7560.000000000734,349.0706384182312,-16800.00000000076,175.21847363972424,353.10646463036517,352.0068373270724,344.98722843296287,-2465805040.741374,339.93155192348723,1065074746.3549216,-10800.00000000084,171.7199889483765,347.96603614806224,241.18423404448785,11999.99999999912,298.1499999999999,1532630976.145833,-1950590623.141861,184.0933002943837,979531611.651116,-8399.999999995673,357.3821285097254,-3018988548.585646,176.8469480614099,237.62577479347516,172.47682109087455,298.15,742254991.7912085,182.58728796197806,298.15,248.59442043036893,-5725682044.388488,164.79929915719833,-12000.00000000647,-4204993537.8555818,-8399.999999995318,10799.99999999742,352.1254470601489,5.0,5,8760.0
12.999999997260273,-3366225690.2024045,236.32776810963452,1068068233.0630083,-2841675233.7760653,1073293195.8283442,298.15,8399.999999999349,16800.00000000038,298.15,8400.000000001704,255.59589883370901,-2690434088.912033,5760.000000000009,-7559.999999999953,-8399.999999995955,161.5950767408677,2152570195.590009,-2452183456.945854,229.1237203986956,-5759.999999995504,298.15,355.1987121819715,298.1499999999999,298.15,187.946552136577,-2857711892.1568637,-8399.99999999923,232.21817252306042,352.6607416200903,1377897339.2093225,8399.999999997863,-8399.999999995556,186.21492967179537,238.13858052888082,7559.999999998565,349.1106400438641,-16799.99999999694,175.19400463979605,353.45577434727016,351.94969651594073,345.44047545415214,-2466956578.5859823,340.36946414452035,1065325240.6764578,-10800.00000000554,171.8067842463954,347.9052341705311,241.54236078828833,12000.00000000046,298.15,1533135029.6041481,-1951268166.5129018,184.1493193814391,979687470.9235895,-8400.000000001322,357.614835688385,-3026526858.6001363,176.82525384560034,238.02649087714664,172.60489387224692,298.15,742489419.4413946,182.62439252349913,298.1499999999999,248.9865765553335,-5748470220.02655,164.8509416101873,-11999.9999999976,-4205743265.335372,-8400.000000002561,10799.99999999993,352.1543477697351,6.0,6,8760.0
13.999999997260273,-3384491434.410997,236.6472163189837,1068322460.6765954,-2839613935.998598,1073557927.0910487,298.15,8399.999999999158,16799.99999999713,298.15,8399.999999999232,255.76406861168175,-2688272741.0347395,5759.999999999931,-7560.00000000175,-8399.999999999642,161.55515700792836,2153104511.87321,-2466000677.829923,229.36332300345023,-5760.00000000198,298.1499999999999,355.21998730445546,298.15,298.15,188.05195417384644,-2854329244.4256244,-8399.999999993544,232.5054960523936,352.55836009415884,1378259401.251489,8399.999999999267,-8399.999999998074,186.21308556787167,238.43935450562856,7560.000000001441,349.1384579114335,-16800.00000000259,175.1658584418841,353.7989595846586,351.8878287420135,345.88299104826064,-2467748877.7636924,340.7878750328084,1065537890.3607805,-10800.00000000376,171.8871922126447,347.8420849450574,241.84678185567597,11999.99999999957,298.15,1533564054.0468037,-1951913665.3586273,184.20557600569768,979818638.3143016,-8399.999999998681,357.8395623496404,-3033767029.016852,176.80299751433967,238.36766868957247,172.72475330464053,298.15,742687525.1588534,182.65947423008868,298.15,249.31807566871518,-5770664206.2926655,164.89867230657404,-12000.00000000061,-4206838491.1483,-8399.999999996144,10800.00000000003,352.1819083341439,7.0,7,8760.0
14.999999997260273,-3402199211.5000067,236.92492531603145,1068532950.0923723,-2837310514.854257,1073787783.7611904,298.15,8400.00000000007,16800.00000000122,298.15,8399.999999997946,255.90965861423484,-2685946801.8565226,5759.99999999826,-7559.99999999693,-8400.000000003794,161.51152861691904,2153570299.680123,-2479082429.3371406,229.57260808548213,-5759.999999999551,298.15,355.24621266572126,298.15,298.15,188.15399595852745,-2851119797.018393,-8399.99999999778,232.74347983364967,352.46151044361716,1378574075.27856,8400.000000002465,-8400.000000001557,186.20847282928995,238.70056888961153,7560.000000000064,349.1549501164796,-16799.99999999757,175.1340174238196,354.13502819624784,351.81886813976746,346.3170568379756,-2468207705.1066623,341.18859064915074,1065723597.1256062,-10799.99999999872,171.96193503445483,347.7742610612351,242.11222450340057,12000.00000000061,298.15,1533939177.5579162,-1952538142.849411,184.2618232525649,979932178.8669537,-8399.999999997217,358.0578331800413,-3040762181.576943,176.77988105203073,238.6660643284156,172.83716273924432,298.1499999999999,742859270.5064974,182.6926866942281,298.15,249.60554132370353,-5792212294.634641,164.94182840210806,-11999.99999999958,-4208172558.230564,-8400.000000003032,10799.99999999934,352.20860768214817,8.000000000000002,8,8760.0
15.999999997260273,-3419348626.3937273,237.17112967999327,1068711464.3857139,-2834699423.2896714,1073991503.2942739,298.15,8400.000000000742,16800.0000000017,298.15,8399.99999999865,256.03842891719165,-2683407850.166441,5760.000000001373,-7560.000000000525,-8400.000000000391,161.46373132113715,2153984220.106721,-2491556849.9232407,229.7594513803604,-5760.000000001405,298.15,355.2761572273322,298.1499999999999,298.15,188.25315488333854,-2848041231.582424,-8399.999999995363,232.94535012338824,352.3688752210714,1378852988.3070168,8399.999999997915,-8399.999999995081,186.20101472563732,238.9321294892221,7560.000000002401,349.1597608748006,-16800.00000000248,175.0984336856075,354.46207203110396,351.74089367862223,346.7422799844268,-2468323054.499294,341.57491680477136,1065889362.2116408,-10800.00000000336,172.03100420163727,347.7003695789744,242.3481598189072,11999.99999999853,298.15,1534274120.3871503,-1953142015.6202595,184.31798153230426,980032590.5019777,-8400.000000004675,358.27077123949203,-3047551484.487626,176.75584799948396,238.93256257509987,172.94343902852222,298.15,743011232.3247926,182.72427144847015,298.15,249.8599527859237,-5813007272.279607,164.98024598776266,-11999.99999999689,-4209685405.5907984,-8399.999999998625,10799.99999999882,352.23445652493996,9.0,9,8760.0
16.999999997260275,-3435896923.910404,237.39286050831302,1068866238.9835349,-2831709757.5834427,1074175088.011677,298.15,8400.000000000819,16799.99999999776,298.15,8400.000000001466,256.154436775707,-2680613325.7419033,5760.000000001128,-7560.000000000877,-8400.000000002534,161.41137354458644,2154357992.497233,-2503482458.671011,229.92936469391827,-5759.999999999649,298.1499999999999,355.30906719463576,298.1499999999999,298.15,188.34967474286046,-2845042592.9433994,-8399.999999997559,233.1204031492168,352.2788858521382,1379104125.889107,8400.000000001972,-8399.999999999462,186.190793878747,239.1408430774416,7559.999999995099,349.15180270592174,-16800.00000000172,175.05913634941777,354.7776159079956,351.65184128422175,347.1225294432222,-2468063329.7712226,341.94814453530176,1066040084.125619,-10800.00000000071,172.09555876045764,347.61920218853055,242.5612517716628,11999.99999999969,298.15,1534578508.504643,-1953715234.7688565,184.3742323530678,980123040.8224194,-8399.999999999958,358.47815470128194,-3054131004.0568533,176.73101066091115,239.17480285234544,173.0446306187509,298.15,743147941.9078053,182.7544550726231,298.15,250.08887683610473,-5832909968.351486,165.01402498383507,-11999.99999999572,-4211340439.4126406,-8400.000000001553,10800.00000000003,352.2590044560716,10.0,10,8760.0
17.999999997260275,-3451869435.3773365,237.59487849701722,1069002949.4824924,-2828279097.62483,1074342550.6319082,298.15,8399.999999998858,16800.00000000165,298.15,8399.99999999916,256.2604355601473,-2677514648.0312905,5760.000000000803,-7559.999999996918,-8399.999999996475,161.35375907795657,2154699693.19871,-2514923460.232239,230.0859948369982,-5760.000000004323,298.15,355.3444304807118,298.15,298.15,188.44359723523118,-2842088398.5610247,-8399.999999997013,233.27504729955982,352.1904584413676,1379332894.5383782,8400.00000000062,-8399.99999999881,186.17770357575176,239.33126046394142,7559.999999995007,349.12911658389754,-16800.00000000314,175.01572176648713,355.08080771742664,351.549930881358,347.4859722718377,-2467370813.4038115,342.3098576188986,1066179003.6917853,-10799.99999999583,172.15582650821128,347.5293953206273,242.7560934079441,11999.99999999894,298.15,1534858932.2806618,-1954241497.6926363,184.43053941540802,980205679.2831208,-8399.999999999192,358.67928761945547,-3060481911.08471,176.70530857486364,239.39801631928094,173.1407045589304,298.15,743272632.2326148,182.78330705924927,298.1499999999999,250.29771360670793,-5851885551.745735,165.04295818307594,-12000.00000000373,-4213112558.831222,-8400.000000001917,10800.00000000045,352.2815278671277,11.0,11,8760.0
18.999999997260275,-3467276804.7609158,237.7808096305139,1069125792.6843165,-2824344527.806037,1074496882.5219803,298.15,8400.000000000364,16800.00000000045,298.15,8400.000000001923,256.35853879470017,-2674055380.2290044,5759.999999999298,-7559.999999997854,-8399.999999996753,161.2902840686819,2155015352.941822,-2525883745.3998237,230.23211141926157,-5760.000000004766,298.15,355.38189181035585,298.15,298.15,188.53515937989596,-2839144793.2180476,-8400.000000006703,233.41402262190383,352.1025648255252,1379543411.0238283,8400.000000001499,-8400.000000000626,186.16179798634187,239.50677484490993,7560.00000000191,349.0890295044801,-16800.0000000009,174.96782796737682,355.3699901710144,351.43339405024096,347.8399191621684,-2466166366.186525,342.6410596574215,1066308581.64275,-10799.99999999791,172.2119293748528,347.42937167928443,242.9361151639496,12000.00000000258,298.1499999999999,1535120326.8575528,-1954700730.3129208,184.48702555719353,980282155.541798,-8399.99999999791,358.87469956095583,-3066623807.686938,176.6788036821741,239.60612138506667,173.23161174807484,298.15,743387686.2037022,182.8108576702497,298.15,250.49044426804778,-5869850008.277507,165.06688806989112,-12000.00000000341,-4214984469.4342327,-8400.000000001399,10799.99999999947,352.301136176758,12.0,12,8760.0
19.999999997260275,-3482112264.3195267,237.95335254503968,1069237761.8066813,-2819838185.813391,1074640179.8048823,298.15,8399.999999999423,16800.00000000271,298.1499999999999,8399.999999999243,256.45020830386744,-2670166518.9044223,5760.000000000144,-7560.000000003694,-8400.000000004424,161.2198807921984,2155309430.738926,-2536392802.841723,230.3695714275169,-5759.99999999345,298.15,355.42110492252635,298.15,298.15,188.6243632535183,-2836172614.857772,-8399.999999997459,233.54071034754742,352.01403118901123,1379738738.8711019,8400.000000000438,-8400.000000001924,186.14294445911816,239.66976380120397,7559.999999998829,349.02862728691605,-16799.99999999632,174.91488387139196,355.6357763753957,351.3003570492199,348.183897263552,-2464362693.2771263,342.94367401065693,1066430467.9927311,-10799.99999999868,172.26385611532353,347.31722253517626,243.10385370807185,12000.00000000044,298.15,1535366216.7099361,-1955070334.5201564,184.54365006780517,980353610.5781024,-8400.00000000648,359.06482133209977,-3072572650.1693807,176.65137582513213,239.80191660380308,173.3182638745954,298.15,743494837.5597795,182.83700631249576,298.15,250.66996572986437,-5886727746.085045,165.0854993226382,-11999.99999999539,-4216939168.8008385,-8399.999999994945,10799.99999999882,352.31682922531235,13.0,13,8760.0
20.999999997260275,-3496377389.8402295,238.11472772134877,1069341248.3082635,-2814700538.2120876,1074774182.0632899,298.15,8399.999999998445,16799.99999999931,298.15,8399.999999999038,256.5367884578122,-2665746473.9226007,5760.000000002249,-7560.000000004555,-8400.000000003949,161.1415053450706,2155585526.80638,-2546453245.2789593,230.5000198427346,-5759.999999997322,298.15,355.4617764459345,298.15,298.15,188.711891740721,-2833134303.8933563,-8400.000000000178,233.65781268903856,351.9237377608099,1379921398.0053866,8399.999999999105,-8399.999999999302,186.12113183596867,239.82220109138706,7560.000000001169,348.94523512395267,-16799.99999999933,174.8565649166421,355.869105686697,351.14923410552433,348.51762718134285,-2461878298.5901194,343.23576420606906,1066546123.8269272,-10799.99999999825,172.31168464978177,347.1901236117876,243.26135767308818,12000.00000000069,298.15,1535599427.3670921,-1955323631.085731,184.60056729534466,980421093.3764538,-8399.999999998525,359.249635945635,-3078330812.7336435,176.6230858910896,239.98764618613603,173.40073609588245,298.15,743595530.6739764,182.86176863160676,298.15,250.83869230720046,-5902486397.294539,165.09895021965625,-11999.99999999878,-4218962477.7308187,-8400.00000000624,10799.99999999994,352.32742312744085,14.0,14,8760.0
21.999999997260275,-3510108866.5552855,238.26657641223736,1069437867.9294993,-2808874330.417857,1074900063.541471,298.15,8400.000000002927,16799.99999999901,298.15,8400.000000001879,256.61908141548645,-2660676760.408095,5759.999999999703,-7560.000000006877,-8399.999999996939,161.0533177718151,2155846255.9894576,-2556082665.702855,230.62447229200683,-5760.000000001549,298.15,355.50364500701596,298.15,298.15,188.7979218681655,-2829993211.097539,-8400.000000007078,233.76715533143192,351.8306075832614,1380093251.0443692,8399.999999998085,-8399.999999995263,186.0961273124595,239.9654186014859,7559.999999999308,348.83680390533374,-16799.99999999685,174.7923679421812,356.0869390815687,350.9785609695876,348.8416656530599,-2458648154.252609,343.51756792205566,1066656451.5478476,-10799.99999999747,172.35570126349552,347.0448344845798,243.41011487750842,12000.00000000033,298.15,1535821920.1728873,-1955433389.7182043,184.6576865191864,980485229.9763746,-8400.00000000408,359.42833893106143,-3083928212.8212895,176.5937734429386,240.16486768478148,173.47890779695786,298.15,743690765.3799201,182.88496064758516,298.15,250.99829502033884,-5917111160.151467,165.10699388403816,-11999.99999999587,-4221041520.448162,-8400.00000000436,10800.00000000006,352.33171484707833,15.0,15,8760.0
22.999999997260275,-3523334941.09638,238.4102862443399,1069528944.9350585,-2802289585.045678,1075018891.8438516,298.1499999999999,8399.999999997997,16800.00000000088,298.15,8400.00000000295,256.6978999447073,-2654892631.132879,5760.000000000633,-7560.000000001108,-8400.000000003807,160.9536657923804,2156093776.60988,-2565323689.872288,230.74384964374866,-5760.000000003173,298.15,355.54640300720683,298.15,298.15,188.88268977658566,-2826715901.58041,-8400.00000000687,233.8702349285125,351.73366868753476,1380255872.3514793,8399.99999999973,-8399.999999997182,186.06788758886287,240.10062777213946,7560.000000001103,348.7024764192751,-16799.99999999975,174.72209913956834,356.28773071181746,350.77955746279866,349.1564069380695,-2454640562.1417336,343.79008150075236,1066762269.088649,-10800.00000000182,172.39595000880104,346.86274414374276,243.55135360887112,11999.99999999905,298.15,1536035317.8174014,-1955374679.360381,184.71500474515736,980546654.4683838,-8399.999999997794,359.58877725527003,-3089375673.5452724,176.56333546025928,240.33487000801995,173.55306381516195,298.1499999999999,743781336.7662704,182.90640102515346,298.15,251.15010285088746,-5930515917.244614,165.1094292399052,-12000.00000000128,-4223161350.569735,-8399.9999999996,10799.99999999856,352.32860495423535,16.000000000000004,16,8760.0
23.999999997260275,-3536055635.113975,238.54725931827952,1069615705.2957523,-2794931532.67219,1075131714.228092,298.15,8400.000000000531,16799.99999999993,298.15,8399.999999999402,256.77411146159204,-2648369467.513207,5760.000000000005,-7559.999999999312,-8399.999999998434,160.84352305312746,2156330325.533772,-2574163843.2311397,230.85909915134343,-5760.00000000444,298.15,355.5896847717002,298.15,298.15,188.96617768686536,-2823267453.2120004,-8399.999999993099,233.96843752496775,351.6319093796228,1380410851.6715214,8399.999999998348,-8400.00000000089,186.03673884355956,240.22901763145575,7559.999999996704,348.54189827720114,-16799.9999999976,174.6458480972854,356.4702234621111,350.54326426999216,349.4615877497949,-2449837010.7711673,344.05267575076607,1066864417.3653951,-10800.00000000121,172.4325632312013,346.656544504095,243.68634774109125,11999.99999999938,298.15,1536241126.168667,-1955117556.3480594,184.7727040137247,980606043.3248504,-8399.999999999614,359.74610837710577,-3094698037.4544425,176.53192652669395,240.49884988489075,173.62413516066587,298.15,743868063.4821631,182.9262199049273,298.1499999999999,251.2954851520669,-5942634470.632027,165.1062926059108,-12000.00000000019,-4225304509.515934,-8400.000000001093,10799.99999999914,352.3167691515131,17.000000000000004,17,8760.0
24.999999997260275,-3548270473.7734766,238.67805411072567,1069698477.3750212,-2786765051.4111314,1075238832.3174984,298.15,8400.000000000153,16799.99999999972,298.15,8400.000000000626,256.84773737128114,-2641141290.147623,5760.000000000294,-7560.000000002319,-8399.999999999181,160.72328207842685,2156556691.9799767,-2582626077.803303,230.97034386979374,-5759.999999998143,298.15,355.63309134210397,298.15,298.15,189.04826015393323,-2819604345.352224,-8400.000000005684,234.06213359583708,351.52409512944763,1380558823.4861126,8399.999999999909,-8399.999999998796,186.00215393731895,240.35092921768089,7559.999999999137,348.35393477612996,-16799.99999999975,174.562483617403,356.63338900216826,350.28264384195563,349.7569479678424,-2444193034.773075,344.30581461804206,1066963006.5177109,-10800.00000000049,172.46524101825517,346.4293252080007,243.81554556878345,12000.00000000127,298.1499999999999,1536439978.5733712,-1954644473.574171,184.83033719936878,980663413.6249876,-8400.000000001772,359.9005333065627,-3099903151.3352084,176.49887944018516,240.65730949367227,173.69189428025956,298.15,743951174.6440316,182.94389320324947,298.15,251.43482365446923,-5953414593.913543,165.09711038997474,-12000.00000000099,-4227451293.2379184,-8399.999999999794,10800.00000000164,352.29545284692716,18.0,18,8760.0
25.999999997260275,-3559956324.7248883,238.80398214228248,1069778384.7533622,-2777775879.4923296,1075341343.5695462,298.15,8399.999999998712,16800.00000000199,298.15,8400.00000000165,256.919755891447,-2633273972.5895824,5759.999999999968,-7559.999999997789,-8400.000000002885,160.594059474156,2156774888.440526,-2590754684.250888,231.0785272557363,-5760.000000004621,298.15,355.67618818619275,298.15,298.15,189.12949888143314,-2815687431.281968,-8400.000000002148,234.15259406657876,351.4091114200869,1380701273.6725907,8399.999999998714,-8399.999999996924,185.96476067401687,240.46760970343735,7560.000000000508,348.13452443543144,-16799.99999999888,174.47187931121033,356.7761066941016,349.9977202273655,350.0416599889219,-2437574716.8654594,344.5506092981284,1067058873.5720733,-10799.99999999805,172.49439015946314,346.18352559092733,243.94009396929548,12000.00000000282,298.15,1536633196.5820017,-1953941811.318896,184.8882956250926,980719527.919425,-8399.999999999218,360.05232394768706,-3105001628.4901123,176.46459120665233,240.8112998899762,173.75721714658872,298.15,744031421.6994326,182.9598520582531,298.15,251.56937622968786,-5962798190.190363,165.08208283578287,-11999.99999999525,-4229581343.6464734,-8399.999999995978,10800.00000000138,352.2640597411689,19.0,19,8760.0
26.999999997260275,-3571095457.980255,238.92533694307983,1069855463.6888589,-2768000429.266242,1075439409.2829044,298.1500000002056,8399.999999851689,16799.9999997881,298.1500000001664,8399.999999879996,256.9900736226904,-2624777378.4711185,5759.999999924717,-7559.999993577443,-8399.99998879013,160.4556236910006,2156985400.774508,-2598567408.851209,231.18363264358172,-5759.99999939483,298.1500000001462,355.7185184053876,298.1500000001674,298.1500000001601,189.2098725803667,-2811489873.3805304,-8399.999999264026,234.23985924044402,351.2862483280612,1380838535.997845,8399.99999988378,-8399.99998901899,185.92387687302642,240.57924114590566,7559.999999890216,347.88306148935305,-16799.99999877457,174.37359609846456,356.89699465970307,349.6901958471231,350.3150467030286,-2429946991.1688848,344.7874244098844,1067152004.5102179,-10799.99999945316,172.51929788721637,345.9198367467373,244.06026883499797,11999.99999982951,298.1500000001684,1536821102.5720403,-1953002278.251869,184.94614808242028,980774313.6648825,-8399.999999990141,360.2015541838748,-3109996923.4271584,176.42839014357588,240.96107628379465,173.81990898814536,298.150000000157,744108887.759391,182.97369169958998,298.1500000001919,251.6992806020529,-5970708002.399352,165.06082520036853,-11999.99999990419,-4231672374.93518,-8400.000000026583,10799.99999982018,352.2223016984768,20.0,20,8760.0
27.999999997260275,-3581615052.692273,239.0429050425457,1069930367.9542868,-2757454979.475332,1075533719.0217185,298.1500000001956,8399.99999986018,16799.99999978027,298.150000000155,8399.9999998945,257.0592274542161,-2615686156.3836837,5759.999999915867,-7559.999985563708,-8399.999987490517,160.3087528501502,2157189455.7754493,-2606086539.5033326,231.28621406993597,-5759.999998927235,298.1500000001529,355.7595576302024,298.1500000001459,298.150000000162,189.28959176968178,-2806976982.54557,-8399.999999280717,234.32466862925506,351.1545594932174,1380971501.6053338,8399.999999884,-8399.999982290225,185.8801894769728,240.68660712770713,7559.999999899611,347.60195712315397,-16799.99999842204,174.26818321211869,356.9947725642327,349.3611121166702,350.5750230283144,-2421363957.581054,345.0167674805318,1067242890.942238,-10799.99999906738,172.5406917276907,345.63971019047705,244.17676923542462,11999.99999983121,298.1500000001623,1537004441.9987776,-1951824784.97291,185.00398613903334,980828189.3823903,-8399.999999986632,360.3486173975801,-3114903118.1573744,176.39044764935795,241.10723132447347,173.8803925080788,298.150000000169,744184002.6981198,182.98564651751715,298.1500000001894,251.82525617683558,-5977072922.160445,165.03343044421146,-11999.99999992304,-4233699571.347045,-8400.000000009708,10799.99999982274,352.1701573595997,21.0,21,8760.0
28.999999997260275,-3591473294.211222,239.1571065845169,1070003184.8522735,-2746146591.350269,1075624596.380661,298.15,8400.000000000906,16799.99999999977,298.15,8399.999999999729,257.1273329034692,-2606058103.532133,5759.999999998608,-7560.000000000444,-8399.999999995978,160.1540259425378,2157387697.82079,-2613333334.0395317,231.3864059588595,-5760.000000000166,298.1499999999999,355.7988018831797,298.15,298.1499999999999,189.36871241797084,-2802111886.192594,-8399.999999995602,234.407120552485,351.0102309115121,1381100646.8932512,8399.999999998037,-8400.000000004202,185.83355752121295,240.79007491170591,7559.999999999923,347.29415140743436,-16800.00000000024,174.15562593174897,357.0683265999453,349.01126010199357,350.8202718283981,-2411894985.8837733,345.2391432148116,1067331652.5400218,-10800.00000000028,172.55808403439784,345.3453037840677,244.28996201206388,12000.00000000021,298.15,1537183650.337909,-1950402507.6416256,185.06163602080275,980881245.2193208,-8400.000000001266,360.49383150831403,-3119731498.7745185,176.35028133628464,241.25011086234144,173.9387289620924,298.1499999999999,744256945.2854122,182.99559192492563,298.15,251.94760153491768,-5981830500.35581,164.99969702676233,-11999.99999999952,-4235638881.728625,-8400.000000002061,10800.00000000128,352.107370279656,22.0,22,8760.0
29.999999997260275,-3600619757.066727,239.268501802088,1070074369.9918209,-2734079707.5592623,1075712620.8393538,298.15,8399.999999999807,16799.99999999952,298.15,8400.000000000653,257.19480728059307,-2595997608.6288233,5759.999999999373,-7560.000000000789,-8399.999999995809,159.99269513954192,2157581009.9156103,-2620316776.3120046,231.48463332729946,-5759.999999994073,298.15,355.83567875249906,298.1499999999999,298.15,189.44740956305938,-2796858293.9384923,-8399.999999998367,234.48773047471278,350.8416631621042,1381226606.407698,8399.999999999185,-8400.000000001171,185.7840906402346,240.8903033291523,7559.999999999033,346.9607509816234,-16799.9999999981,174.03503883152436,357.11628497933555,348.6413650681082,351.0492309482061,-2401552842.5078225,345.45468809248695,1067418666.3176396,-10799.99999999618,172.57167843916386,345.04014396376664,244.40035047165065,12000.00000000105,298.1499999999999,1537359264.4314148,-1948723300.4192026,185.11914252931416,980933806.3706814,-8400.000000001217,360.63742642045787,-3124490413.71842,176.308120323727,241.39014180063026,173.99517246123276,298.1499999999999,744328001.2439334,183.00360473234676,298.15,252.06679486383103,-5984899492.485074,164.95960627917555,-12000.00000000007,-4237463327.9064374,-8399.999999998474,10800.00000000059,352.03345596042794,23.0,23,8760.0
30.999999997260275,-3609006822.7954946,239.3774478629235,1070144038.6906002,-2721272280.9617352,1075798132.8900857,298.15,8400.000000002563,16799.99999999946,298.15,8400.000000000022,257.2617714743883,-2585568944.3782787,5760.000000000541,-7559.999999997422,-8400.0000000054,159.82560887549565,2157769967.358295,-2627047723.952791,231.5809945380802,-5759.999999999,298.15,355.8696605981367,298.15,298.15,189.5257319865555,-2791216283.6107965,-8400.000000004473,234.56662860156607,350.66139676147014,1381349784.8843136,8399.999999998014,-8399.999999997483,185.73206453758633,240.98767927717512,7559.999999998207,346.58001303560343,-16799.99999999923,173.9065564912716,357.13783916053046,348.25257719597477,351.2460792932742,-2390262729.849233,345.6636122117159,1067504019.8467441,-10800.0000000021,172.58147838021583,344.7264535544278,244.50826236894727,11999.99999999905,298.15,1537531623.5792987,-1946790594.997656,185.17635464803686,980985967.0918655,-8400.000000007234,360.77967209994137,-3129189300.6556315,176.26407415007077,241.5275936969948,174.04974548291696,298.15,744397347.8455018,183.0097093567893,298.1499999999999,252.1831325931425,-5986232654.9089155,164.91305095015187,-11999.99999999716,-4239147921.6625667,-8399.999999996928,10800.00000000159,351.9486257731297,24.0,24,8760.0
31.999999997260275,-3616586377.6746454,239.4841295446157,1070212226.7070372,-2707818648.26533,1075881350.521233,298.15,8399.99999999843,16799.99999999814,298.15,8399.99999999808,257.3282640910271,-2574842678.903297,5760.000000000938,-7559.999999997012,-8400.000000001211,159.65365906691088,2157954895.2510743,-2633531021.8779454,231.67555286287634,-5759.999999995788,298.15,355.9001812455888,298.15,298.15,189.60366717793946,-2785189359.568812,-8399.999999997335,234.64385508236361,350.4697126478963,1381470391.9896417,8400.000000000131,-8399.99999999967,185.67732189397287,241.08245030284763,7560.00000000422,346.15134673743273,-16800.00000000551,173.77066571750188,357.1322546017783,347.8483473424019,351.4193374022632,-2378075071.890963,345.86594795812755,1067587769.5755235,-10800.00000000095,172.5872047275084,344.4065842796252,244.61388270300313,12000.00000000031,298.1499999999999,1537700908.7619843,-1944611448.9772692,185.23307096057633,981037757.5215772,-8399.999999996693,360.9207861783291,-3133835724.513784,176.21792355622216,241.6626099867306,174.102417991559,298.15,744465038.762626,183.01390117127193,298.1499999999999,252.29670392058694,-5985784456.324146,164.85992783300804,-12000.00000000027,-4240665841.9226036,-8400.000000000755,10799.99999999962,351.8532577817066,25.0,25,8760.0
32.999999997260275,-3623308904.537344,239.58887210780773,1070279089.5325588,-2693760369.526175,1075962647.7873623,298.1500000001104,8399.999999919126,16799.99999986658,298.1500000001008,8399.999999928526,257.3944775835552,-2563922972.2412553,5759.999999948324,-7559.999962602949,-8399.999980788194,159.47829399327813,2158136292.9306684,-2639759532.3052125,231.76849284203408,-5759.999996722915,298.1500000000916,355.9266618674645,298.1500000001008,298.1500000000985,189.6813016399895,-2778775691.522931,-8399.99999859695,234.7195857094341,350.26672194788176,1381588796.0905466,8399.999999928683,-8399.999962888465,185.62039882785265,241.17504181116234,7559.999999936696,345.7009342088577,-16799.99999746129,173.62787275073123,357.0991617291402,347.43044007597575,351.57372542895894,-2365120631.3628573,346.06135141821943,1067670079.3156254,-10799.99999980143,172.58873630509558,344.0838050347891,244.7174960860947,11999.99999988748,298.150000000108,1537867445.1490297,-1942210077.4551702,185.28921773629298,981089327.6027684,-8399.999999909109,361.0611994654761,-3138444120.3796773,176.16975357412457,241.79544921619387,174.15328851071283,298.1500000001085,744531266.3450094,183.0163507637318,298.1500000001047,252.40783081072715,-5983529988.753632,164.80027487737664,-11999.99999993389,-4241989856.3819976,-8399.999999893216,10799.99999990282,351.74847856006534,26.0,26,8760.0
33.999999997260275,-3629124817.998058,239.69189744136045,1070344613.7627745,-2679114703.912275,1076042299.4225547,298.15,8400.000000000768,16800.00000000222,298.15,8399.999999998032,257.4605098505129,-2552877277.450435,5760.000000000845,-7559.999999998007,-8400.000000000286,159.30027421651482,2158314574.9458876,-2645736207.6735535,231.8599285430727,-5760.000000001613,298.15,355.9484908521273,298.15,298.1499999999999,189.7586424654737,-2771981859.0286546,-8400.000000001175,234.79380498748526,350.05281167767845,1381705248.598795,8399.99999999894,-8400.000000004402,185.5609755837263,241.26576619902815,7559.999999998702,345.2290316487543,-16800.00000000165,173.47776769345163,357.0385416375106,346.9998823129896,351.7078769918983,-2351381638.971917,346.2498038401162,1067751050.4345802,-10799.99999999917,172.58589879506098,343.7601999595447,244.8193387834079,11999.99999999924,298.15,1538031449.4166715,-1939586159.410817,185.3446560496091,981140753.6304482,-8400.000000000819,361.2010728941731,-3143019976.4985304,176.11963106020914,241.92628347967303,174.20221633942847,298.15,744596097.3511628,183.01698172623477,298.15,252.51662457483295,-5979463707.813404,164.73415271417565,-11999.99999999814,-4243091120.873431,-8399.999999999432,10800.00000000088,351.6343508316097,27.0,27,8760.0
34.999999997260275,-3633990174.1172905,239.79343936746602,1070408885.6133609,-2663935014.2567143,1076120565.8200586,298.1499999999999,8399.999999999975,16799.99999999856,298.15,8399.999999999605,257.5264494805206,-2541759786.575632,5760.000000003082,-7560.000000001807,-8399.999999997219,159.1199660281017,2158490082.3999844,-2651452456.5758834,231.94995030764645,-5760.000000003944,298.15,355.965145959998,298.1499999999999,298.15,189.83567275773956,-2764801485.0969725,-8399.999999997408,234.86661030979423,349.8279653208605,1381820014.2699926,8400.000000000486,-8400.000000002803,185.49951106500419,241.35491967648974,7559.999999999999,344.73373451711245,-16799.99999999767,173.3206371671549,356.9506147135044,346.55871365901567,351.8205679153649,-2336775479.8145046,346.4309180853371,1067830763.2248176,-10799.99999999937,172.57861166230586,343.4374089298208,244.91960522654512,12000.0000000014,298.1499999999999,1538193149.258296,-1936747542.99219,185.3992957517272,981192104.6012197,-8400.00000000022,361.3403057760932,-3147560287.3420157,176.06764156101625,242.05529379171526,174.24929235027423,298.15,744659640.3638567,183.01578372196508,298.15,252.62326681644083,-5973592241.381477,164.66167844601495,-12000.00000000183,-4243945087.7259493,-8400.000000003862,10799.99999999917,351.51129623322856,28.0,28,8760.0
35.999999997260275,-3637875216.959623,239.89354573957053,1070471916.1238292,-2648304661.900264,1076197575.16032,298.15,8399.999999999714,16800.00000000019,298.15,8400.0000000004,257.5922872600473,-2530663804.2984266,5760.000000000095,-7559.999999997888,-8400.000000000884,158.93660968715625,2158662965.8088965,-2656887331.625896,232.0386033011269,-5759.999999993524,298.15,355.9759717167576,298.15,298.15,189.91231112498693,-2757290628.358739,-8399.99999999719,234.93801391118748,349.594125272513,1381933147.6307561,8399.999999998478,-8400.000000002652,185.43631730908714,241.44264790167352,7559.999999994721,344.2181771483303,-16800.00000000763,173.15720430295895,356.83617602028426,346.06014509206335,351.91092895492164,-2321365193.5030613,346.6039214933862,1067909257.9706429,-10800.00000000278,172.56663332068112,343.11817596948947,245.01838100076378,12000.00000000037,298.15,1538352616.9502442,-1933709570.9163551,185.45289653272465,981243373.3567541,-8399.999999996964,361.4786852435952,-3152058443.6610603,176.01396385472614,242.18253721167147,174.29402316579805,298.15,744721958.3901362,183.01286469221498,298.1499999999999,252.7278626946826,-5965956384.991637,164.5828812393344,-12000.00000000025,-4244520664.833603,-8399.999999998734,10799.99999999939,351.3800585170789,29.0,29,8760.0
36.999999997260275,-3640741509.619812,239.99251031339685,1070533749.3925536,-2632283234.920821,1076273664.3524246,298.15,8399.999999998297,16800.0,298.15,8399.999999997452,257.6581952749529,-2519602737.0476575,5759.999999998971,-7560.0000000048,-8399.999999998267,158.75236949992447,2158833676.838243,-2662018187.4856167,232.12601119772702,-5759.999999999549,298.1499999999999,355.9803768011063,298.1499999999999,298.1499999999999,189.98864875887173,-2749434114.6695347,-8400.000000003807,235.00806549298167,349.35099221789517,1382044981.0409436,8399.999999998081,-8400.000000001715,185.37110863833325,241.5293343980909,7560.000000000804,343.68740343981585,-16800.00000000551,172.9876599942887,356.69547940533323,345.5551303517161,351.9779136331837,-2305274235.216969,346.76796360308407,1067986644.4397119,-10799.99999999699,172.54996129156228,342.80278140080645,245.11592381515734,11999.99999999852,298.15,1538510113.3217094,-1930500029.6071134,185.50544146189685,981294693.9072481,-8400.000000001388,361.6160816399707,-3156510710.385084,175.95862076142163,242.30822131398477,174.33653216061893,298.15,744783157.4505446,183.00846747691844,298.1499999999999,252.83058962582118,-5956558546.96455,164.49792748821133,-12000.00000000236,-4244789988.4425273,-8400.000000003021,10799.99999999971,351.2419097059035,30.0,30,8760.0
37.999999997260275,-3642561906.277228,240.09037449956426,1070594381.1970559,-2615861520.21377,1076348966.717188,298.1499999999999,8400.00000000271,16799.99999999818,298.15,8400.000000001815,257.72418482227636,-2508623721.0040402,5760.000000001068,-7559.999999999459,-8400.000000004746,158.5676560132555,2159002238.7596035,-2666825920.6737933,232.21219737045146,-5760.000000002301,298.15,355.97776443262154,298.15,298.1499999999999,190.06469957478024,-2741235923.950618,-8400.000000005426,235.07676002600428,349.0988747086985,1382155561.620289,8399.99999999937,-8400.00000000079,185.3039456376274,241.61513083716085,7560.0000000054,343.14256814341724,-16800.00000000577,172.81096320355812,356.5292166858712,345.04439896531295,352.02077701153615,-2288512530.945865,346.9069503963479,1068062943.573144,-10800.00000000151,172.5283971090449,342.4599027711974,245.212246657988,12000.00000000026,298.15,1538665692.1816378,-1927133069.2672396,185.55677096578208,981346075.0379056,-8400.000000000857,361.75269380885294,-3160923792.1601434,175.9016100777388,242.43238853822723,174.376686574738,298.15,744843275.507299,183.00250079298064,298.15,252.93151084409152,-5945426566.879677,164.40676421338458,-11999.99999999439,-4244724652.7523227,-8400.000000001522,10799.99999999856,351.0975327463599,31.000000000000004,31,8760.0
38.999999997260275,-3643297410.047183,240.1871357107577,1070653668.2622645,-2599132353.117127,1076423516.7997997,298.1499999999999,8399.999999997919,16799.99999999997,298.15,8399.999999998552,257.7901474810257,-2497810877.2037354,5759.999999999481,-7559.999999999123,-8400.00000000376,158.38374490799936,2159168753.202767,-2671302707.290853,232.29709367976488,-5760.000000002313,298.15,355.9675319598814,298.1499999999999,298.15,190.14040815851868,-2732739722.540231,-8400.000000002756,235.14393492730258,348.83929418881667,1382264886.7610905,8400.000000002321,-8399.999999998474,185.2348188309582,241.70007638730178,7559.999999998925,342.5853612727725,-16800.00000000233,172.62694233889817,356.33747369763506,344.53115411627516,352.03853914822304,-2271107906.132199,347.03654470197057,1068138095.2935431,-10800.00000000673,172.5017183557435,342.1214438191445,245.30740730781358,11999.99999999852,298.15,1538819346.39465,-1923631848.4757342,185.60661927645904,981397432.3247756,-8399.999999993739,361.88872595810255,-3165304425.8102765,175.84309317882133,242.555032702148,174.41445173097645,298.15,744902266.9843528,182.9949168998141,298.15,253.03054936103706,-5932545293.456526,164.30932538803995,-12000.00000000347,-4244295686.2120953,-8399.999999997006,10800.00000000042,350.9479880904438,32.00000000000001,32,8760.0
39.999999997260275,-3642912533.17359,240.28304623552063,1070711816.0158257,-2582147812.992869,1076497628.2128868,298.15,8400.00000000158,16800.00000000133,298.15,8400.00000000041,257.8563132364653,-2487141757.3730206,5760.000000001654,-7560.000000001357,-8399.999999996728,158.2005546392752,2159333576.1608424,-2675439060.5629563,232.38092515108443,-5759.99999999923,298.1499999999999,355.94905576305376,298.15,298.15,190.2158626754005,-2724015050.685603,-8400.000000000737,235.20982271269818,348.5745202790229,1382373241.7863111,8399.999999998587,-8400.000000005117,185.1645536840066,241.7845282415383,7560.000000000458,341.9606637141907,-16800.0000000054,172.43544883590462,356.12061734189973,344.01718947613733,352.03034194157624,-2253070822.0234337,347.15666765644306,1068212264.2891947,-10799.99999999726,172.46989725747807,341.79060917734324,245.4016089491184,12000.00000000138,298.15,1538971359.9741964,-1919984994.5093894,185.655048041266,981448944.8211204,-8399.999999999562,362.0241926696365,-3169653378.875243,175.78350134918895,242.67638005190886,174.44990979281394,298.15,744960339.6568406,182.98637595757398,298.15,253.12805356306785,-5917915608.314248,164.20588823415738,-12000.00000000543,-4243473279.193452,-8399.999999998343,10800.00000000079,350.78014111797984,33.00000000000001,33,8760.0
40.999999997260275,-3641380482.7822394,240.3781359077064,1070768763.397805,-2564984396.4673004,1076571344.259623,298.15,8399.999999998921,16800.00000000088,298.15,8400.000000001153,257.9226410656682,-2476627247.8907638,5760.000000000102,-7560.000000001884,-8399.999999996206,158.01851798561864,2159496768.362835,-2679217694.8874145,232.46368233316727,-5760.000000000238,298.15,355.9218842829576,298.1499999999999,298.15,190.29106557242037,-2715063046.030495,-8400.000000005948,235.2743539679353,348.304710795579,1382480660.6354337,8399.999999998317,-8400.000000000082,185.09309550863026,241.86853564437524,7560.0000000001,341.31561954799395,-16800.00000000385,172.2376462436855,355.8803293046931,343.50495445844103,351.99558342615774,-2234436101.306921,347.2667234281475,1068285473.2549144,-10800.00000000035,172.43276371881814,341.4675610859098,245.49488606136427,11999.99999999816,298.1499999999999,1539121763.862569,-1916238104.6521113,185.70189477479764,981500580.5638237,-8400.000000000258,362.1592284026071,-3173975122.8269486,175.72285427160324,242.79645488530653,174.48287093112302,298.15,745017505.4785283,182.97700419473188,298.15,253.2240431381397,-5901623814.882944,164.0966796827376,-12000.00000000561,-4242235273.351955,-8399.999999999029,10800.00000000037,350.60445200645853,34.00000000000001,34,8760.0
41.999999997260275,-3638669993.117415,240.4723440075776,1070824324.9414878,-2547634409.414689,1076644619.0592194,298.15,8400.00000000085,16799.99999999873,298.1499999999999,8400.00000000256,257.98897107211286,-2466347353.5562577,5759.999999998495,-7560.000000000358,-8399.999999998789,157.83790931844362,2159658318.6309586,-2682618437.5688343,232.5452611887967,-5760.000000002425,298.15,355.88569432176064,298.1499999999999,298.15,190.36594843241394,-2705922177.9512405,-8399.999999998776,235.3373182839369,348.031156228699,1382587074.9529805,8399.9999999979,-8399.99999999564,185.0205330590719,241.95204620561591,7559.999999997361,340.66300739443153,-16799.99999999468,172.03479644876987,355.61912138203286,342.99429587361357,351.933616077218,-2215241301.7444453,347.36603591412177,1068357634.7347343,-10800.00000000235,172.38999188992747,341.1545836821605,245.5872320319972,12000.00000000004,298.15,1539270515.2176926,-1912401633.6299598,185.7469387618568,981552215.0638503,-8399.99999999834,362.2939929333197,-3178274815.5214043,175.66061351885924,242.9152225975183,174.5130138087288,298.15,745073675.3532548,182.9664135380085,298.15,253.31836808632607,-5883810587.280748,163.98118369136702,-11999.9999999972,-4240565244.2893114,-8399.999999996406,10800.00000000206,350.425384836468,35.0,35,8760.0
42.999999997260275,-3634747336.297607,240.56580038431755,1070878539.7088925,-2530136882.5337024,1076717600.9421859,298.15,8399.999999998228,16800.00000000016,298.15,8399.999999999747,258.05539021696836,-2456316557.4731665,5759.999999999123,-7560.000000002587,-8400.000000000364,157.6590614659809,2159818420.7221704,-2685613658.143575,232.62574531122002,-5759.99999999782,298.15,355.84016885242823,298.15,298.15,190.4405863517091,-2696617438.996504,-8399.999999998285,235.39875967493987,347.75469093910505,1382692631.6366868,8400.000000001859,-8400.000000003683,184.94718957725215,242.03522888800163,7560.000000002201,340.0074993178613,-16799.99999999366,171.82742117186066,355.312601150341,342.4864161056844,351.84378795865274,-2195605498.675657,347.45370556285616,1068428822.883996,-10800.00000000513,172.34153505223486,340.851885806007,245.67875740765604,12000.00000000005,298.1499999999999,1539417727.1550505,-1908490207.6615343,185.79014649831942,981603916.0114628,-8399.99999999744,362.4285671945978,-3182555191.7805543,175.5971821363151,243.03277311619956,174.54025567932047,298.15,745128931.470389,182.95493022963157,298.15,253.41116603711038,-5864479625.796453,163.86038590156735,-12000.0000000031,-4238446946.1990623,-8399.99999999363,10800.00000000037,350.2436615939876,36.0,36,8760.0
43.999999997260275,-3629594017.6626887,240.65835876782023,1070931295.3788955,-2512497762.8629937,1076790187.7592192,298.1499999999999,8399.999999997559,16800.00000000004,298.15,8400.000000002605,258.12171867044015,-2446492461.1129503,5760.000000000587,-7560.000000000022,-8399.999999996768,157.48232189098823,2159976889.7213535,-2688179789.1457705,232.70504491146144,-5759.999999994992,298.15,355.7850290244374,298.15,298.15,190.51494267789778,-2687151305.9354796,-8399.999999996633,235.458550597083,347.4754682339536,1382797165.7038946,8400.000000002452,-8399.99999999942,184.87311422430636,242.1179671803747,7560.000000002232,339.3475196882935,-16800.00000000215,171.61413738878596,354.98188118461337,341.94972663433487,351.7258653981903,-2175464818.966882,347.52896364234346,1068498958.4958298,-10799.99999999973,172.2872615192282,340.5579519723835,245.769356272045,11999.99999999955,298.15,1539563321.527708,-1904532232.2753167,185.83126908348405,981655543.4251064,-8399.999999998612,362.56315563693033,-3186822726.145326,175.53272169024592,243.14904366024376,174.56417369093467,298.1499999999999,745183253.5390811,182.9427027654101,298.15,253.50240254396752,-5843734945.244816,163.73426300407655,-12000.00000000236,-4235865342.875372,-8400.000000005351,10799.99999999933,350.06063333498315,37.0,37,8760.0
44.999999997260275,-3623188539.650088,240.7502269552433,1070982698.1773782,-2494869895.5207167,1076862591.9605966,298.15,8399.999999997766,16800.0000000002,298.15,8399.999999998126,258.1881571535537,-2436847142.341162,5759.999999999143,-7560.000000003053,-8399.999999995538,157.30740717584783,2160133948.384371,-2690301060.2754493,232.7833360655285,-5759.99999999374,298.15,355.7198316398211,298.15,298.15,190.58896956505828,-2677569235.6504245,-8399.999999998428,235.5168111962999,347.1948965972969,1382900912.0529468,8399.99999999796,-8400.000000002463,184.79783491071925,242.20050317535188,7560.000000005368,338.6874125624771,-16799.99999999395,171.3942949506136,354.6311827696932,341.39410915299527,351.5796087073798,-2154935925.0465183,347.5912672145014,1068568197.4964033,-10799.99999999464,172.22706007842072,340.27176671507453,245.8591557755074,11999.9999999986,298.15,1539707459.3692272,-1900505963.715381,185.8702852266455,981707253.5379734,-8400.000000001755,362.69809272579,-3191087854.526098,175.4675343180193,243.2641624639084,174.58481874741855,298.15,745236736.6158383,182.9298862545823,298.15,253.59223691027478,-5821558511.247068,163.6030079804122,-11999.99999999647,-4232797415.362098,-8399.999999994263,10800.00000000066,349.87532010169144,38.0,38,8760.0
45.999999997260275,-3615549313.4957085,240.84136038095713,1071032720.201793,-2477254953.86493,1076934798.888045,298.15,8399.999999997675,16799.99999999911,298.15,8399.999999999369,258.2546079593063,-2427425364.103259,5760.000000001889,-7560.000000001897,-8399.999999999742,157.13473878660056,2160289592.831968,-2691959627.906973,232.86056257260904,-5760.000000000611,298.15,355.6442799666889,298.15,298.15,190.66263871556006,-2667933798.3180118,-8399.999999998028,235.57350961288648,346.91484645382076,1383003820.547185,8400.000000000542,-8399.99999999648,184.72149930105164,242.28282011826536,7559.999999995368,338.00596606110236,-16800.0000000056,171.1691956380832,354.2627570117457,340.84726080060153,351.4057598804988,-2134046519.0409062,347.640028499813,1068636490.3705438,-10800.00000000021,172.16078798550075,339.99449360708303,245.94815351442378,11999.99999999961,298.15,1539850118.1887941,-1896428944.7872448,185.90699211878663,981758970.2931658,-8399.999999999103,362.83321010214365,-3195345290.0670805,175.40178337613253,243.3781112183935,174.60195192174004,298.15,745289379.4290272,182.91654519877935,298.15,253.68066667293894,-5798059006.4406185,163.46685467710785,-12000.00000000193,-4229226463.992286,-8399.999999995725,10800.0000000018,349.68856146571125,39.0,39,8760.0
46.999999997260275,-3606676564.0571246,240.93193480346656,1071081564.4915512,-2459573685.2120547,1077007000.317377,298.15,8399.999999999056,16800.00000000107,298.1499999999999,8399.99999999946,258.3212428522906,-2418205685.9635143,5759.999999999489,-7560.000000002118,-8400.000000000151,156.96364765348685,2160444106.1028714,-2693133818.795329,232.9368862093996,-5760.000000001836,298.15,355.55807518769336,298.15,298.15,190.73609987341695,-2658240020.9595566,-8400.000000006632,235.628875774562,346.62216564654767,1383106089.82651,8400.000000001668,-8400.000000000937,184.64497994237175,242.36513661217697,7560.000000000456,337.2684386073605,-16800.00000000338,170.93801073893758,353.87952796797697,340.3065426839347,351.2046921239428,-2112818604.3273797,347.67455290229674,1068703980.3538321,-10799.99999999674,172.08845801607265,339.72533304256285,246.03651116453372,11999.99999999987,298.15,1539991513.2421925,-1892375905.789813,185.94154459271113,981810827.360963,-8399.999999994388,362.9687357862803,-3199602213.915011,175.33599390764385,243.49106153965815,174.6155194865206,298.15,745341307.157428,182.9032138533175,298.15,253.7679018130863,-5773391430.098817,163.32634293653368,-12000.0000000036,-4225135617.6226974,-8399.999999999558,10799.99999999939,349.50377612814503,40.0,40,8760.0
47.999999997260275,-3596566707.970943,241.0216435111551,1071128849.3865345,-2441872177.631618,1077078823.5156753,298.15,8400.0000000004,16800.00000000019,298.15,8399.999999998834,258.3876431079884,-2409181932.622493,5760.000000000226,-7559.999999997239,-8400.000000003307,156.79424303151933,2160596985.0818114,-2693798210.1492,233.01201325543386,-5760.000000003672,298.15,355.4610876842061,298.15,298.15,190.80918014393177,-2648493414.074439,-8400.000000000267,235.68247683972893,346.31182084427144,1383207373.7660525,8399.999999999625,-8399.999999994661,184.56750588667836,242.44702766067363,7560.000000003422,336.5366650687517,-16800.00000000069,170.70297122469535,353.48312904939814,339.77326505370036,350.9611319140742,-2091305421.8522952,347.6940576814526,1068770407.90423,-10800.00000000212,172.00984101385077,339.46394058244726,246.12394084352317,12000.00000000083,298.15,1540131323.9009478,-1888365190.0232823,185.97353694334294,981862498.8800468,-8399.999999997277,363.10465291169373,-3203857918.5220175,175.2697823443202,243.60275697158147,174.6250434569039,298.15,745392338.6475332,182.8896646275771,298.15,253.8536376999408,-5747631231.578342,163.18133555844938,-12000.00000000242,-4220514968.2581034,-8399.999999993126,10799.99999999748,349.3217800037292,41.0,41,8760.0
48.999999997260275,-3585222313.9463315,241.1106274577975,1071174700.2692504,-2424276330.3153977,1077150424.3043747,298.15,8400.000000000684,16800.00000000294,298.15,8399.99999999888,258.4539471896719,-2400275700.7142806,5760.000000002216,-7560.000000002402,-8400.000000001814,156.6257892125148,2160748470.5052443,-2693937656.91219,233.0860737131236,-5759.999999996559,298.1499999999999,355.3533408299755,298.15,298.15,190.8819980034182,-2638781727.8086343,-8399.999999998816,235.7344547031347,346.00509739011693,1383307831.716008,8400.00000000182,-8399.999999999432,184.4901535892053,242.52867085603341,7560.000000000879,335.81329490097164,-16799.99999999812,170.46507175255627,353.0756464704865,339.250974373227,350.6796924875153,-2069583674.4563236,347.6980696149622,1068835888.1652426,-10799.99999999313,171.92515007596492,339.2079022695767,246.2105800311618,12000.00000000114,298.15,1540269679.4837508,-1884344877.3161955,186.00302268915144,981914092.6219115,-8400.000000001672,363.2410979630366,-3208116642.2150655,175.20322722255446,243.71330047992654,174.63052636849616,298.15,745442579.2261243,182.87577095888366,298.15,253.93805097650764,-5720886399.725423,163.03202174522787,-11999.99999999594,-4215362024.8981476,-8399.999999998048,10799.99999999906,349.14019957066097,42.0,42,8760.0
49.999999997260275,-3572650945.636243,241.1988013268957,1071219033.8526385,-2406858993.1690288,1077221716.0018487,298.1499999999999,8400.000000001497,16799.99999999896,298.15,8399.999999998658,258.52002106847397,-2391489111.8893595,5760.000000002234,-7559.999999998781,-8399.999999997763,156.45811374539667,2160898466.137665,-2693526718.3718467,233.15898913864302,-5759.999999998385,298.15,355.23495196807653,298.15,298.15,190.95451698504561,-2629117675.534845,-8400.00000000347,235.7847147251046,345.70233899709837,1383407367.5577013,8400.000000000264,-8399.999999998612,184.41252775936297,242.60996729574407,7560.000000000805,335.0984769000338,-16800.00000000334,170.22317781366752,352.65755376766776,338.7414952695984,350.37007083564276,-2047658445.4226122,347.6858355940764,1068900351.9684414,-10799.99999999784,171.83409857265215,338.9571873178538,246.29637350515145,12000.00000000161,298.15,1540406534.223756,-1880294643.3260615,186.02975698737475,981965504.3164828,-8399.999999997788,363.3782230571392,-3212382933.157356,175.13626310521545,243.822655163217,174.6316538150661,298.15,745491976.5431263,182.86136986827876,298.1499999999999,254.0210533880966,-5693163113.633989,162.8790190547849,-11999.9999999991,-4209678068.1534557,-8400.000000001126,10799.99999999984,348.9581256265005,43.0,43,8760.0
50.999999997260275,-3558828513.4871855,241.2861867088029,1071261927.3869975,-2389529699.6527395,1077292707.8630345,298.15,8399.999999997835,16799.99999999904,298.15,8399.999999998734,258.5858745141461,-2382823355.2668037,5760.000000001648,-7559.999999996413,-8399.999999998472,156.29102042660818,2161046961.4881263,-2692559911.7422857,233.23080323664843,-5759.999999996693,298.15,355.10046401522857,298.15,298.1499999999999,191.02661791319878,-2619523188.880797,-8399.999999997191,235.83334426448025,345.40415128146793,1383506005.869233,8399.999999998996,-8399.999999995174,184.33461659482765,242.6909274621744,7560.000000001538,334.3953179111856,-16799.99999999859,169.97670466651456,352.2315894780497,338.2418420587454,350.0323699908605,-2025628649.7207296,347.6572094225841,1068963838.140315,-10800.00000000033,171.7362795094536,338.71173991974473,246.38131507615338,11999.99999999871,298.15,1540541903.578603,-1876260994.8799613,186.05378025107018,982016741.5953656,-8400.000000002587,363.5161761347355,-3216661092.292894,175.0693923309764,243.93083303889182,174.62838466885634,298.15,745540578.5652314,182.84698208365782,298.15,254.10272523912235,-5664617171.589248,162.72191494175772,-12000.00000000067,-4203456701.622093,-8399.999999999252,10799.9999999979,348.7776385826494,44.0,44,8760.0
51.999999997260275,-3543778499.895968,241.3728372740442,1071303485.9308982,-2372244872.4288197,1077363440.5758312,298.15,8399.999999999076,16800.00000000111,298.15,8400.000000001182,258.65155820341295,-2374238905.500362,5760.000000001031,-7559.999999999572,-8400.000000000111,156.1247619877819,2161194046.463287,-2691019068.6628146,233.30162195888536,-5760.000000002382,298.15,354.94630432801546,298.15,298.15,191.09846337901055,-2609968530.544561,-8399.999999999829,235.88046223107222,345.1095412391706,1383603807.427906,8400.00000000011,-8400.000000000404,184.25589798525166,242.77159768916738,7559.999999997691,333.6762984159587,-16800.0000000003,169.7284347729217,351.80018203562963,337.7260403257859,349.6679042014715,-2003533183.9305305,347.6116919058604,1069026440.5186415,-10800.0000000004,171.63197051828408,338.4654050595736,246.46545599103646,11999.99999999903,298.15,1540675867.029828,-1872313088.616498,186.07503246188466,982067843.9128368,-8400.000000001035,363.6548712740272,-3220948451.0255,175.0024217003957,244.03789730206137,174.6206126706554,298.1499999999999,745588455.8141696,182.8329987534472,298.15,254.18318476741698,-5635391523.227936,162.5611745605676,-12000.00000000277,-4196683721.584907,-8400.000000004462,10800.00000000082,348.60179209627336,45.0,45,8760.0
52.999999997260275,-3527531339.146156,241.458798998321,1071343863.2524204,-2355097499.215675,1077434004.3229187,298.15,8399.999999998894,16799.99999999749,298.15,8400.00000000025,258.71715703309485,-2365705506.341141,5760.000000001022,-7560.000000004755,-8399.99999999847,155.9594938243048,2161339774.3658237,-2688889564.335702,233.37151551015683,-5759.999999994789,298.15,354.78012276490983,298.15,298.15,191.17016788186044,-2600549325.806302,-8399.99999999918,235.92624278980307,344.8213711539413,1383700824.3048692,8400.000000000622,-8399.999999997892,184.17769913772483,242.8520807803028,7560.000000005578,332.9109223715998,-16799.99999999924,169.4752718216142,351.3630806932097,337.1864589425179,349.2781791301949,-1981378225.6130586,347.54891215093653,1069088221.3181467,-10800.00000000151,171.5215644765926,338.19751535660686,246.54882657183217,12000.00000000014,298.15,1540808480.5392046,-1868435937.2666624,186.09354308009048,982118877.3382424,-8400.000000004282,363.7833484992173,-3225242256.69043,174.93585129549308,244.14389237570552,174.60827712401658,298.15,745635686.0416241,182.81921097380388,298.15,254.2625623990271,-5605451865.791726,162.39681432709722,-11999.99999999891,-4189349667.1400766,-8400.000000000065,10799.99999999796,348.429869615659,46.0,46,8760.0
53.999999997260275,-3510172267.6779213,241.54392875425057,1071382762.1498604,-2338202695.809208,1077504156.6602278,298.15,8399.999999999396,16799.99999999953,298.15,8399.999999998814,258.7824010246802,-2357178343.223214,5759.999999998196,-7559.999999998435,-8400.000000000779,155.7939954759114,2161483980.1041336,-2686164718.713897,233.4402889858935,-5760.000000000799,298.15,354.60243338050543,298.15,298.15,191.24156764157587,-2591232164.0582447,-8399.999999998812,235.97034879019495,344.53850630386665,1383796895.1578467,8400.000000000166,-8399.999999996546,184.09957914670662,242.93210014222646,7559.999999998507,332.1608531980648,-16800.00000000155,169.22016370362093,350.8801861690069,336.6628643399364,348.86602028593927,-1959164611.1093073,347.46876413415447,1069149008.4212445,-10800.0000000008,171.40528133026618,337.9318812097817,246.63133219330206,11999.99999999942,298.15,1540939594.8156228,-1864566676.9343257,186.1092114165231,982169631.8640236,-8400.000000003905,363.9114930031606,-3229550304.235483,174.86955685727432,244.24869862573146,174.59113243783148,298.15,745682127.9499332,182.805192158579,298.15,254.34062041652066,-5574870275.767353,162.2299756957383,-11999.9999999976,-4181470744.599907,-8399.999999996144,10799.99999999956,348.2590600202931,47.0,47,8760.0
54.999999997260275,-3491700722.5369062,241.62814519185847,1071420196.3357055,-2321454952.629294,1077573799.3516474,298.15,8399.999999999502,16799.99999999945,298.15,8400.00000000139,258.8471883029618,-2348651115.374814,5759.999999998548,-7559.999999999513,-8399.999999994945,155.62826810137895,2161626534.5326977,-2682836960.936665,233.5079135362512,-5760.000000001983,298.15,354.41370306865093,298.15,298.15,191.3126306158104,-2582029752.0817013,-8399.999999997757,236.0127955900143,344.26123327274513,1383891928.3974516,8400.00000000114,-8400.000000001832,184.02134232964394,243.01154361430915,7559.99999999877,331.42940610315566,-16800.00000000376,168.9646984751368,350.388850677651,336.15152171529945,348.4321878433469,-1937007666.881785,347.37113941931466,1069208776.5074002,-10800.00000000224,171.2831052281865,337.6682778215668,246.71289877495133,11999.99999999947,298.15,1541069160.217407,-1860747120.3879244,186.12196657072374,982220028.295603,-8400.00000000156,364.0404355011708,-3233871990.8127937,174.80362055594964,244.35227604342745,174.56898590725487,298.15,745727786.8977284,182.79128329460582,298.15,254.41736756021274,-5543742764.305451,162.0604299370012,-12000.00000000353,-4173060949.5949078,-8400.00000000028,10799.99999999917,348.09118290224114,48.0,48,8760.0
55.999999997260275,-3472180814.4189754,241.7114325469858,1071456202.0817553,-2304823784.2425976,1077642924.7893217,298.15,8399.999999998912,16799.99999999815,298.15,8400.00000000243,258.91150634987537,-2340119214.488534,5760.00000000174,-7559.999999999953,-8400.000000004542,155.46166708999024,2161767395.188734,-2678928318.650259,233.57440859499343,-5759.999999999327,298.15,354.2141599717171,298.15,298.15,191.38320107159726,-2572968857.2544904,-8400.000000000833,236.05362413851273,343.99025232069346,1383985906.4615996,8400.00000000183,-8400.000000002148,183.94354973755662,243.09040239882142,7559.999999999738,330.7187474203382,-16800.00000000367,168.70690346645378,349.89791354453905,335.6511372648604,347.97899979725065,-1914994153.691123,347.25682706146483,1069267542.9281939,-10799.99999999914,171.15387616869916,337.406554703972,246.79350182027756,11999.99999999814,298.15,1541197154.7667143,-1857009103.982121,186.1316811824644,982270056.95486,-8399.999999996795,364.1704598990835,-3238216366.0561337,174.73809224833224,244.45460672822304,174.54154815137576,298.15,745772665.4979144,182.7778527303565,298.15,254.49280796291893,-5512247936.100633,161.8884401236475,-11999.99999999707,-4164123363.9153557,-8400.000000001257,10800.00000000097,347.9275892839103,49.0,49,8760.0
56.999999997260275,-3451608618.718934,241.79372753071823,1071490752.5551124,-2288353115.692383,1077711476.162729,298.15,8400.00000000288,16799.99999999872,298.15,8399.999999999314,258.97526935705264,-2331540871.2527103,5759.999999999282,-7559.999999997403,-8399.999999998967,155.29385930583985,2161906371.19272,-2674421544.203917,233.639701453598,-5760.000000005684,298.1499999999999,354.0037696790027,298.15,298.15,191.4532807356758,-2564053873.5116177,-8399.999999994365,236.09280383661894,343.72557195485234,1384078758.1702325,8400.000000000715,-8400.000000001097,183.86612725928072,243.16861155932372,7560.000000000762,330.0266895615696,-16799.99999999934,168.44811358519482,349.4075188380626,335.1626985389963,347.5071262294466,-1893081725.452652,347.12547431203126,1069325243.602871,-10800.00000000298,171.0179610601037,337.1454141559876,246.87306159398813,12000.00000000141,298.15,1541323511.9743247,-1853352042.4331162,186.13832416030561,982319651.1632602,-8400.00000000288,364.3014978168505,-3242580930.053335,174.67327720698947,244.5556371853191,174.5088129965642,298.15,745816749.3002249,182.76470071811684,298.15,254.56691707900546,-5480387992.195692,161.71358477180235,-12000.0000000032,-4154649019.1425962,-8400.000000004267,10799.99999999934,347.76820860497367,50.0,50,8760.0
57.0,-3451608618.662572,241.7937275309437,1071490752.555207,-2288353115.647258,1077711476.162917,298.15,8400.00000000288,16799.99999999872,298.15,8399.999999999314,258.9752693572273,-2331540871.229208,5759.999999999282,-7559.999999997403,-8399.999999998967,155.2938593053801,2161906371.193101,-2674421544.19157,233.6397014537769,-5760.000000005684,298.1499999999999,354.0037696784263,298.15,298.15,191.4532807358678,-2564053873.487193,-8399.999999994365,236.0928038367263,343.7255719541272,1384078758.170487,8400.000000000715,-8400.000000001097,183.8661272590686,243.168611559538,7560.000000000762,330.0266895596735,-16799.99999999934,168.4481135844858,349.407518836719,335.1626985376581,347.5071262281538,-1893081725.392618,347.1254743116714,1069325243.603029,-10800.00000000298,171.0179610597313,337.1454141552722,246.8730615942061,12000.00000000141,298.15,1541323511.974671,-1853352042.423097,186.1383241603238,982319651.1633961,-8400.00000000288,364.3014978172095,-3242580930.065293,174.6732772068119,244.5556371855959,174.5088129964745,298.15,745816749.3003457,182.7647007180808,298.15,254.5669170792085,-5480387992.108404,161.7135847713233,-12000.0000000032,-4154649019.116639,-8400.000000004267,10799.99999999934,347.768208604537,51.0,51,8760.0
