<?xml version="1.0" encoding="UTF-8"?>
<metadata xml:lang="en"><Esri><CreaDate>20190704</CreaDate><CreaTime>09475100</CreaTime><ArcGISFormat>1.0</ArcGISFormat><SyncOnce>TRUE</SyncOnce><DataProperties><lineage><Process ToolSource="c:\program files (x86)\arcgis\desktop10.3\ArcToolbox\Toolboxes\Data Management Tools.tbx\CalculateField" Date="20190410" Time="135237">CalculateField Seismic_Wells_ll_4_10_19 Kettleman "UTM offset" VB #</Process><Process ToolSource="c:\program files (x86)\arcgis\desktop10.3\ArcToolbox\Toolboxes\Data Management Tools.tbx\CalculateField" Date="20190410" Time="135252">CalculateField Seismic_Wells_ll_4_10_19 Kettleman "GPS offset" VB #</Process><Process ToolSource="c:\program files (x86)\arcgis\desktop10.3\ArcToolbox\Toolboxes\Data Management Tools.tbx\CalculateField" Date="20190415" Time="141913">CalculateField Seismic_Wells_ll_4_10_19 Elevat_m 1684.310 VB #</Process><Process ToolSource="c:\program files (x86)\arcgis\desktop10.3\ArcToolbox\Toolboxes\Data Management Tools.tbx\CalculateField" Date="20190415" Time="141940">CalculateField Seismic_Wells_ll_4_10_19 Elevat_m 1700.514 VB #</Process><Process ToolSource="c:\program files (x86)\arcgis\desktop10.3\ArcToolbox\Toolboxes\Data Management Tools.tbx\CalculateField" Date="20190704" Time="095639">CalculateField Utah_FORGE_Phase2C_wells Well_Name [Kettleman] VB #</Process><Process ToolSource="c:\program files (x86)\arcgis\desktop10.3\ArcToolbox\Toolboxes\Data Management Tools.tbx\CalculateField" Date="20190704" Time="095724">CalculateField Utah_FORGE_Phase2C_wells Well_Type "seismic monitoring" VB #</Process></lineage></DataProperties></Esri></metadata>
