﻿Country,Data source,Sector,Gas,Unit,Year,Gas Emitted
Brazil,CAIT,Energy,All GHG,MtCO₂e,2018,437.33
Brazil,CAIT,Industrial Processes,All GHG,MtCO₂e,2018,28.99
Brazil,CAIT,Agriculture,All GHG,MtCO₂e,2018,496.1
Brazil,CAIT,Waste,All GHG,MtCO₂e,2018,70.22
Brazil,CAIT,Land-Use Change and Forestry,All GHG,MtCO₂e,2018,387.94
Brazil,CAIT,Bunker Fuels,All GHG,MtCO₂e,2018,16.74
Brazil,CAIT,Electricity/Heat,All GHG,MtCO₂e,2018,88.44
Brazil,CAIT,Manufacturing/Construction,All GHG,MtCO₂e,2018,86.98
Brazil,CAIT,Transportation,All GHG,MtCO₂e,2018,191.66
Brazil,CAIT,Building,All GHG,MtCO₂e,2018,20.38
Brazil,CAIT,Other Fuel Combustion,All GHG,MtCO₂e,2018,41.18
Brazil,CAIT,Fugitive Emissions,All GHG,MtCO₂e,2018,8.68
Brazil,CAIT,Energy,All GHG,MtCO₂e,2017,459.15
Brazil,CAIT,Industrial Processes,All GHG,MtCO₂e,2017,28.94
Brazil,CAIT,Agriculture,All GHG,MtCO₂e,2017,507.27
Brazil,CAIT,Waste,All GHG,MtCO₂e,2017,69.55
Brazil,CAIT,Land-Use Change and Forestry,All GHG,MtCO₂e,2017,396.51
Brazil,CAIT,Bunker Fuels,All GHG,MtCO₂e,2017,17.39
Brazil,CAIT,Electricity/Heat,All GHG,MtCO₂e,2017,97.86
Brazil,CAIT,Manufacturing/Construction,All GHG,MtCO₂e,2017,90.5
Brazil,CAIT,Transportation,All GHG,MtCO₂e,2017,200.02
Brazil,CAIT,Building,All GHG,MtCO₂e,2017,20.48
Brazil,CAIT,Other Fuel Combustion,All GHG,MtCO₂e,2017,41.76
Brazil,CAIT,Fugitive Emissions,All GHG,MtCO₂e,2017,8.52
Brazil,CAIT,Energy,All GHG,MtCO₂e,2016,449.64
Brazil,CAIT,Industrial Processes,All GHG,MtCO₂e,2016,30.17
Brazil,CAIT,Agriculture,All GHG,MtCO₂e,2016,502.99
Brazil,CAIT,Waste,All GHG,MtCO₂e,2016,68.89
Brazil,CAIT,Land-Use Change and Forestry,All GHG,MtCO₂e,2016,392.29
Brazil,CAIT,Bunker Fuels,All GHG,MtCO₂e,2016,17.7
Brazil,CAIT,Electricity/Heat,All GHG,MtCO₂e,2016,96.39
Brazil,CAIT,Manufacturing/Construction,All GHG,MtCO₂e,2016,84.69
Brazil,CAIT,Transportation,All GHG,MtCO₂e,2016,198.89
Brazil,CAIT,Building,All GHG,MtCO₂e,2016,20.41
Brazil,CAIT,Other Fuel Combustion,All GHG,MtCO₂e,2016,40.7
Brazil,CAIT,Fugitive Emissions,All GHG,MtCO₂e,2016,8.58
Brazil,CAIT,Energy,All GHG,MtCO₂e,2015,484.96
Brazil,CAIT,Industrial Processes,All GHG,MtCO₂e,2015,32.57
Brazil,CAIT,Agriculture,All GHG,MtCO₂e,2015,496.95
Brazil,CAIT,Waste,All GHG,MtCO₂e,2015,68.22
Brazil,CAIT,Land-Use Change and Forestry,All GHG,MtCO₂e,2015,271.59
Brazil,CAIT,Bunker Fuels,All GHG,MtCO₂e,2015,20.55
Brazil,CAIT,Electricity/Heat,All GHG,MtCO₂e,2015,120.7
Brazil,CAIT,Manufacturing/Construction,All GHG,MtCO₂e,2015,94.59
Brazil,CAIT,Transportation,All GHG,MtCO₂e,2015,199.86
Brazil,CAIT,Building,All GHG,MtCO₂e,2015,20.22
Brazil,CAIT,Other Fuel Combustion,All GHG,MtCO₂e,2015,41.27
Brazil,CAIT,Fugitive Emissions,All GHG,MtCO₂e,2015,8.31
Brazil,CAIT,Energy,All GHG,MtCO₂e,2014,508.52
Brazil,CAIT,Industrial Processes,All GHG,MtCO₂e,2014,35.05
Brazil,CAIT,Agriculture,All GHG,MtCO₂e,2014,495.01
Brazil,CAIT,Waste,All GHG,MtCO₂e,2014,67.32
Brazil,CAIT,Land-Use Change and Forestry,All GHG,MtCO₂e,2014,266.89
Brazil,CAIT,Bunker Fuels,All GHG,MtCO₂e,2014,18.58
Brazil,CAIT,Electricity/Heat,All GHG,MtCO₂e,2014,125.82
Brazil,CAIT,Manufacturing/Construction,All GHG,MtCO₂e,2014,97.98
Brazil,CAIT,Transportation,All GHG,MtCO₂e,2014,215.07
Brazil,CAIT,Building,All GHG,MtCO₂e,2014,20.47
Brazil,CAIT,Other Fuel Combustion,All GHG,MtCO₂e,2014,40.69
Brazil,CAIT,Fugitive Emissions,All GHG,MtCO₂e,2014,8.5
Brazil,CAIT,Energy,All GHG,MtCO₂e,2013,483.56
Brazil,CAIT,Industrial Processes,All GHG,MtCO₂e,2013,35.33
Brazil,CAIT,Agriculture,All GHG,MtCO₂e,2013,485.54
Brazil,CAIT,Waste,All GHG,MtCO₂e,2013,66.42
Brazil,CAIT,Land-Use Change and Forestry,All GHG,MtCO₂e,2013,264.18
Brazil,CAIT,Bunker Fuels,All GHG,MtCO₂e,2013,17.84
Brazil,CAIT,Electricity/Heat,All GHG,MtCO₂e,2013,107.07
Brazil,CAIT,Manufacturing/Construction,All GHG,MtCO₂e,2013,99.23
Brazil,CAIT,Transportation,All GHG,MtCO₂e,2013,209.63
Brazil,CAIT,Building,All GHG,MtCO₂e,2013,20.39
Brazil,CAIT,Other Fuel Combustion,All GHG,MtCO₂e,2013,39.53
Brazil,CAIT,Fugitive Emissions,All GHG,MtCO₂e,2013,7.71
Brazil,CAIT,Energy,All GHG,MtCO₂e,2012,453.41
Brazil,CAIT,Industrial Processes,All GHG,MtCO₂e,2012,33.62
Brazil,CAIT,Agriculture,All GHG,MtCO₂e,2012,489.49
Brazil,CAIT,Waste,All GHG,MtCO₂e,2012,65.52
Brazil,CAIT,Land-Use Change and Forestry,All GHG,MtCO₂e,2012,269.54
Brazil,CAIT,Bunker Fuels,All GHG,MtCO₂e,2012,18.83
Brazil,CAIT,Electricity/Heat,All GHG,MtCO₂e,2012,82.23
Brazil,CAIT,Manufacturing/Construction,All GHG,MtCO₂e,2012,101.91
Brazil,CAIT,Transportation,All GHG,MtCO₂e,2012,202.41
Brazil,CAIT,Building,All GHG,MtCO₂e,2012,20.08
Brazil,CAIT,Other Fuel Combustion,All GHG,MtCO₂e,2012,39.04
Brazil,CAIT,Fugitive Emissions,All GHG,MtCO₂e,2012,7.74
Brazil,CAIT,Energy,All GHG,MtCO₂e,2011,420.22
Brazil,CAIT,Industrial Processes,All GHG,MtCO₂e,2011,31.41
Brazil,CAIT,Agriculture,All GHG,MtCO₂e,2011,488.59
Brazil,CAIT,Waste,All GHG,MtCO₂e,2011,64.62
Brazil,CAIT,Land-Use Change and Forestry,All GHG,MtCO₂e,2011,265.75
Brazil,CAIT,Bunker Fuels,All GHG,MtCO₂e,2011,20.1
Brazil,CAIT,Electricity/Heat,All GHG,MtCO₂e,2011,63.38
Brazil,CAIT,Manufacturing/Construction,All GHG,MtCO₂e,2011,105.72
Brazil,CAIT,Transportation,All GHG,MtCO₂e,2011,185.02
Brazil,CAIT,Building,All GHG,MtCO₂e,2011,20.14
Brazil,CAIT,Other Fuel Combustion,All GHG,MtCO₂e,2011,37.91
Brazil,CAIT,Fugitive Emissions,All GHG,MtCO₂e,2011,8.05
Brazil,CAIT,Energy,All GHG,MtCO₂e,2010,401.69
Brazil,CAIT,Industrial Processes,All GHG,MtCO₂e,2010,29.79
Brazil,CAIT,Agriculture,All GHG,MtCO₂e,2010,491.25
Brazil,CAIT,Waste,All GHG,MtCO₂e,2010,63.72
Brazil,CAIT,Land-Use Change and Forestry,All GHG,MtCO₂e,2010,1118.17
Brazil,CAIT,Bunker Fuels,All GHG,MtCO₂e,2010,18.58
Brazil,CAIT,Electricity/Heat,All GHG,MtCO₂e,2010,69.68
Brazil,CAIT,Manufacturing/Construction,All GHG,MtCO₂e,2010,96.44
Brazil,CAIT,Transportation,All GHG,MtCO₂e,2010,167.85
Brazil,CAIT,Building,All GHG,MtCO₂e,2010,19.85
Brazil,CAIT,Other Fuel Combustion,All GHG,MtCO₂e,2010,38.86
Brazil,CAIT,Fugitive Emissions,All GHG,MtCO₂e,2010,9.01
Brazil,CAIT,Energy,All GHG,MtCO₂e,2009,358.27
Brazil,CAIT,Industrial Processes,All GHG,MtCO₂e,2009,26.88
Brazil,CAIT,Agriculture,All GHG,MtCO₂e,2009,459.84
Brazil,CAIT,Waste,All GHG,MtCO₂e,2009,60.51
Brazil,CAIT,Land-Use Change and Forestry,All GHG,MtCO₂e,2009,1103.36
Brazil,CAIT,Bunker Fuels,All GHG,MtCO₂e,2009,16.82
Brazil,CAIT,Electricity/Heat,All GHG,MtCO₂e,2009,57.76
Brazil,CAIT,Manufacturing/Construction,All GHG,MtCO₂e,2009,82.12
Brazil,CAIT,Transportation,All GHG,MtCO₂e,2009,148.6
Brazil,CAIT,Building,All GHG,MtCO₂e,2009,19.63
Brazil,CAIT,Other Fuel Combustion,All GHG,MtCO₂e,2009,37.8
Brazil,CAIT,Fugitive Emissions,All GHG,MtCO₂e,2009,12.35
Brazil,CAIT,Energy,All GHG,MtCO₂e,2008,377.8
Brazil,CAIT,Industrial Processes,All GHG,MtCO₂e,2008,26.93
Brazil,CAIT,Agriculture,All GHG,MtCO₂e,2008,460.64
Brazil,CAIT,Waste,All GHG,MtCO₂e,2008,59.01
Brazil,CAIT,Land-Use Change and Forestry,All GHG,MtCO₂e,2008,1106.46
Brazil,CAIT,Bunker Fuels,All GHG,MtCO₂e,2008,19.1
Brazil,CAIT,Electricity/Heat,All GHG,MtCO₂e,2008,68.99
Brazil,CAIT,Manufacturing/Construction,All GHG,MtCO₂e,2008,91.21
Brazil,CAIT,Transportation,All GHG,MtCO₂e,2008,151.2
Brazil,CAIT,Building,All GHG,MtCO₂e,2008,19.96
Brazil,CAIT,Other Fuel Combustion,All GHG,MtCO₂e,2008,38.06
Brazil,CAIT,Fugitive Emissions,All GHG,MtCO₂e,2008,8.38
Brazil,CAIT,Energy,All GHG,MtCO₂e,2007,358.48
Brazil,CAIT,Industrial Processes,All GHG,MtCO₂e,2007,24.71
Brazil,CAIT,Agriculture,All GHG,MtCO₂e,2007,469.98
Brazil,CAIT,Waste,All GHG,MtCO₂e,2007,58.08
Brazil,CAIT,Land-Use Change and Forestry,All GHG,MtCO₂e,2007,1118.24
Brazil,CAIT,Bunker Fuels,All GHG,MtCO₂e,2007,15.61
Brazil,CAIT,Electricity/Heat,All GHG,MtCO₂e,2007,57.73
Brazil,CAIT,Manufacturing/Construction,All GHG,MtCO₂e,2007,91.21
Brazil,CAIT,Transportation,All GHG,MtCO₂e,2007,145.82
Brazil,CAIT,Building,All GHG,MtCO₂e,2007,19.9
Brazil,CAIT,Other Fuel Combustion,All GHG,MtCO₂e,2007,35.97
Brazil,CAIT,Fugitive Emissions,All GHG,MtCO₂e,2007,7.85
Brazil,CAIT,Energy,All GHG,MtCO₂e,2006,342.44
Brazil,CAIT,Industrial Processes,All GHG,MtCO₂e,2006,28.66
Brazil,CAIT,Agriculture,All GHG,MtCO₂e,2006,459.33
Brazil,CAIT,Waste,All GHG,MtCO₂e,2006,56.47
Brazil,CAIT,Land-Use Change and Forestry,All GHG,MtCO₂e,2006,1107.64
Brazil,CAIT,Bunker Fuels,All GHG,MtCO₂e,2006,14.46
Brazil,CAIT,Electricity/Heat,All GHG,MtCO₂e,2006,58.46
Brazil,CAIT,Manufacturing/Construction,All GHG,MtCO₂e,2006,82.19
Brazil,CAIT,Transportation,All GHG,MtCO₂e,2006,140.13
Brazil,CAIT,Building,All GHG,MtCO₂e,2006,19.22
Brazil,CAIT,Other Fuel Combustion,All GHG,MtCO₂e,2006,34.77
Brazil,CAIT,Fugitive Emissions,All GHG,MtCO₂e,2006,7.68
Brazil,CAIT,Energy,All GHG,MtCO₂e,2005,340.72
Brazil,CAIT,Industrial Processes,All GHG,MtCO₂e,2005,26.22
Brazil,CAIT,Agriculture,All GHG,MtCO₂e,2005,468.47
Brazil,CAIT,Waste,All GHG,MtCO₂e,2005,53.52
Brazil,CAIT,Land-Use Change and Forestry,All GHG,MtCO₂e,2005,1115.42
Brazil,CAIT,Bunker Fuels,All GHG,MtCO₂e,2005,14.37
Brazil,CAIT,Electricity/Heat,All GHG,MtCO₂e,2005,58.23
Brazil,CAIT,Manufacturing/Construction,All GHG,MtCO₂e,2005,82.04
Brazil,CAIT,Transportation,All GHG,MtCO₂e,2005,137.08
Brazil,CAIT,Building,All GHG,MtCO₂e,2005,19.22
Brazil,CAIT,Other Fuel Combustion,All GHG,MtCO₂e,2005,34.4
Brazil,CAIT,Fugitive Emissions,All GHG,MtCO₂e,2005,9.76
Brazil,CAIT,Energy,All GHG,MtCO₂e,2004,341.73
Brazil,CAIT,Industrial Processes,All GHG,MtCO₂e,2004,25.68
Brazil,CAIT,Agriculture,All GHG,MtCO₂e,2004,463.65
Brazil,CAIT,Waste,All GHG,MtCO₂e,2004,52.39
Brazil,CAIT,Land-Use Change and Forestry,All GHG,MtCO₂e,2004,1112.4
Brazil,CAIT,Bunker Fuels,All GHG,MtCO₂e,2004,13.5
Brazil,CAIT,Electricity/Heat,All GHG,MtCO₂e,2004,56.06
Brazil,CAIT,Manufacturing/Construction,All GHG,MtCO₂e,2004,83.37
Brazil,CAIT,Transportation,All GHG,MtCO₂e,2004,136.36
Brazil,CAIT,Building,All GHG,MtCO₂e,2004,19.77
Brazil,CAIT,Other Fuel Combustion,All GHG,MtCO₂e,2004,40.12
Brazil,CAIT,Fugitive Emissions,All GHG,MtCO₂e,2004,6.06
Brazil,CAIT,Energy,All GHG,MtCO₂e,2003,322.19
Brazil,CAIT,Industrial Processes,All GHG,MtCO₂e,2003,23.0
Brazil,CAIT,Agriculture,All GHG,MtCO₂e,2003,440.24
Brazil,CAIT,Waste,All GHG,MtCO₂e,2003,51.96
Brazil,CAIT,Land-Use Change and Forestry,All GHG,MtCO₂e,2003,1110.98
Brazil,CAIT,Bunker Fuels,All GHG,MtCO₂e,2003,13.4
Brazil,CAIT,Electricity/Heat,All GHG,MtCO₂e,2003,50.48
Brazil,CAIT,Manufacturing/Construction,All GHG,MtCO₂e,2003,80.84
Brazil,CAIT,Transportation,All GHG,MtCO₂e,2003,127.44
Brazil,CAIT,Building,All GHG,MtCO₂e,2003,19.25
Brazil,CAIT,Other Fuel Combustion,All GHG,MtCO₂e,2003,38.5
Brazil,CAIT,Fugitive Emissions,All GHG,MtCO₂e,2003,5.68
Brazil,CAIT,Energy,All GHG,MtCO₂e,2002,327.83
Brazil,CAIT,Industrial Processes,All GHG,MtCO₂e,2002,24.34
Brazil,CAIT,Agriculture,All GHG,MtCO₂e,2002,422.05
Brazil,CAIT,Waste,All GHG,MtCO₂e,2002,48.99
Brazil,CAIT,Land-Use Change and Forestry,All GHG,MtCO₂e,2002,1112.14
Brazil,CAIT,Bunker Fuels,All GHG,MtCO₂e,2002,13.64
Brazil,CAIT,Electricity/Heat,All GHG,MtCO₂e,2002,50.27
Brazil,CAIT,Manufacturing/Construction,All GHG,MtCO₂e,2002,82.11
Brazil,CAIT,Transportation,All GHG,MtCO₂e,2002,129.96
Brazil,CAIT,Building,All GHG,MtCO₂e,2002,21.46
Brazil,CAIT,Other Fuel Combustion,All GHG,MtCO₂e,2002,36.83
Brazil,CAIT,Fugitive Emissions,All GHG,MtCO₂e,2002,7.21
Brazil,CAIT,Energy,All GHG,MtCO₂e,2001,328.26
Brazil,CAIT,Industrial Processes,All GHG,MtCO₂e,2001,23.41
Brazil,CAIT,Agriculture,All GHG,MtCO₂e,2001,397.97
Brazil,CAIT,Waste,All GHG,MtCO₂e,2001,46.71
Brazil,CAIT,Land-Use Change and Forestry,All GHG,MtCO₂e,2001,1105.43
Brazil,CAIT,Bunker Fuels,All GHG,MtCO₂e,2001,12.2
Brazil,CAIT,Electricity/Heat,All GHG,MtCO₂e,2001,54.97
Brazil,CAIT,Manufacturing/Construction,All GHG,MtCO₂e,2001,79.36
Brazil,CAIT,Transportation,All GHG,MtCO₂e,2001,128.01
Brazil,CAIT,Building,All GHG,MtCO₂e,2001,21.65
Brazil,CAIT,Other Fuel Combustion,All GHG,MtCO₂e,2001,36.0
Brazil,CAIT,Fugitive Emissions,All GHG,MtCO₂e,2001,8.27
Brazil,CAIT,Energy,All GHG,MtCO₂e,2000,315.08
Brazil,CAIT,Industrial Processes,All GHG,MtCO₂e,2000,25.25
Brazil,CAIT,Agriculture,All GHG,MtCO₂e,2000,379.72
Brazil,CAIT,Waste,All GHG,MtCO₂e,2000,45.55
Brazil,CAIT,Land-Use Change and Forestry,All GHG,MtCO₂e,2000,1041.43
Brazil,CAIT,Bunker Fuels,All GHG,MtCO₂e,2000,11.27
Brazil,CAIT,Electricity/Heat,All GHG,MtCO₂e,2000,50.23
Brazil,CAIT,Manufacturing/Construction,All GHG,MtCO₂e,2000,81.53
Brazil,CAIT,Transportation,All GHG,MtCO₂e,2000,125.47
Brazil,CAIT,Building,All GHG,MtCO₂e,2000,21.42
Brazil,CAIT,Other Fuel Combustion,All GHG,MtCO₂e,2000,29.64
Brazil,CAIT,Fugitive Emissions,All GHG,MtCO₂e,2000,6.78
Brazil,CAIT,Energy,All GHG,MtCO₂e,1999,306.48
Brazil,CAIT,Industrial Processes,All GHG,MtCO₂e,1999,26.59
Brazil,CAIT,Agriculture,All GHG,MtCO₂e,1999,375.25
Brazil,CAIT,Waste,All GHG,MtCO₂e,1999,43.75
Brazil,CAIT,Land-Use Change and Forestry,All GHG,MtCO₂e,1999,1058.44
Brazil,CAIT,Bunker Fuels,All GHG,MtCO₂e,1999,10.69
Brazil,CAIT,Electricity/Heat,All GHG,MtCO₂e,1999,45.49
Brazil,CAIT,Manufacturing/Construction,All GHG,MtCO₂e,1999,74.16
Brazil,CAIT,Transportation,All GHG,MtCO₂e,1999,124.24
Brazil,CAIT,Building,All GHG,MtCO₂e,1999,21.53
Brazil,CAIT,Other Fuel Combustion,All GHG,MtCO₂e,1999,34.36
Brazil,CAIT,Fugitive Emissions,All GHG,MtCO₂e,1999,6.69
Brazil,CAIT,Energy,All GHG,MtCO₂e,1998,296.29
Brazil,CAIT,Industrial Processes,All GHG,MtCO₂e,1998,25.31
Brazil,CAIT,Agriculture,All GHG,MtCO₂e,1998,373.17
Brazil,CAIT,Waste,All GHG,MtCO₂e,1998,41.27
Brazil,CAIT,Land-Use Change and Forestry,All GHG,MtCO₂e,1998,1064.58
Brazil,CAIT,Bunker Fuels,All GHG,MtCO₂e,1998,8.25
Brazil,CAIT,Electricity/Heat,All GHG,MtCO₂e,1998,38.93
Brazil,CAIT,Manufacturing/Construction,All GHG,MtCO₂e,1998,70.41
Brazil,CAIT,Transportation,All GHG,MtCO₂e,1998,126.89
Brazil,CAIT,Building,All GHG,MtCO₂e,1998,20.5
Brazil,CAIT,Other Fuel Combustion,All GHG,MtCO₂e,1998,33.56
Brazil,CAIT,Fugitive Emissions,All GHG,MtCO₂e,1998,6.0
Brazil,CAIT,Energy,All GHG,MtCO₂e,1997,287.96
Brazil,CAIT,Industrial Processes,All GHG,MtCO₂e,1997,22.89
Brazil,CAIT,Agriculture,All GHG,MtCO₂e,1997,362.46
Brazil,CAIT,Waste,All GHG,MtCO₂e,1997,39.78
Brazil,CAIT,Land-Use Change and Forestry,All GHG,MtCO₂e,1997,1053.22
Brazil,CAIT,Bunker Fuels,All GHG,MtCO₂e,1997,8.0
Brazil,CAIT,Electricity/Heat,All GHG,MtCO₂e,1997,38.15
Brazil,CAIT,Manufacturing/Construction,All GHG,MtCO₂e,1997,68.48
Brazil,CAIT,Transportation,All GHG,MtCO₂e,1997,120.61
Brazil,CAIT,Building,All GHG,MtCO₂e,1997,20.1
Brazil,CAIT,Other Fuel Combustion,All GHG,MtCO₂e,1997,35.55
Brazil,CAIT,Fugitive Emissions,All GHG,MtCO₂e,1997,5.08
Brazil,CAIT,Energy,All GHG,MtCO₂e,1996,270.34
Brazil,CAIT,Industrial Processes,All GHG,MtCO₂e,1996,22.23
Brazil,CAIT,Agriculture,All GHG,MtCO₂e,1996,354.36
Brazil,CAIT,Waste,All GHG,MtCO₂e,1996,38.23
Brazil,CAIT,Land-Use Change and Forestry,All GHG,MtCO₂e,1996,1050.54
Brazil,CAIT,Bunker Fuels,All GHG,MtCO₂e,1996,6.61
Brazil,CAIT,Electricity/Heat,All GHG,MtCO₂e,1996,33.89
Brazil,CAIT,Manufacturing/Construction,All GHG,MtCO₂e,1996,64.71
Brazil,CAIT,Transportation,All GHG,MtCO₂e,1996,113.67
Brazil,CAIT,Building,All GHG,MtCO₂e,1996,19.78
Brazil,CAIT,Other Fuel Combustion,All GHG,MtCO₂e,1996,33.65
Brazil,CAIT,Fugitive Emissions,All GHG,MtCO₂e,1996,4.65
Brazil,CAIT,Energy,All GHG,MtCO₂e,1995,246.3
Brazil,CAIT,Industrial Processes,All GHG,MtCO₂e,1995,21.59
Brazil,CAIT,Agriculture,All GHG,MtCO₂e,1995,372.94
Brazil,CAIT,Waste,All GHG,MtCO₂e,1995,36.91
Brazil,CAIT,Land-Use Change and Forestry,All GHG,MtCO₂e,1995,1048.35
Brazil,CAIT,Bunker Fuels,All GHG,MtCO₂e,1995,5.76
Brazil,CAIT,Electricity/Heat,All GHG,MtCO₂e,1995,31.48
Brazil,CAIT,Manufacturing/Construction,All GHG,MtCO₂e,1995,59.04
Brazil,CAIT,Transportation,All GHG,MtCO₂e,1995,104.19
Brazil,CAIT,Building,All GHG,MtCO₂e,1995,19.66
Brazil,CAIT,Other Fuel Combustion,All GHG,MtCO₂e,1995,27.8
Brazil,CAIT,Fugitive Emissions,All GHG,MtCO₂e,1995,4.14
Brazil,CAIT,Energy,All GHG,MtCO₂e,1994,235.41
Brazil,CAIT,Industrial Processes,All GHG,MtCO₂e,1994,19.93
Brazil,CAIT,Agriculture,All GHG,MtCO₂e,1994,366.91
Brazil,CAIT,Waste,All GHG,MtCO₂e,1994,35.44
Brazil,CAIT,Land-Use Change and Forestry,All GHG,MtCO₂e,1994,1048.34
Brazil,CAIT,Bunker Fuels,All GHG,MtCO₂e,1994,5.64
Brazil,CAIT,Electricity/Heat,All GHG,MtCO₂e,1994,29.93
Brazil,CAIT,Manufacturing/Construction,All GHG,MtCO₂e,1994,55.04
Brazil,CAIT,Transportation,All GHG,MtCO₂e,1994,94.21
Brazil,CAIT,Building,All GHG,MtCO₂e,1994,18.82
Brazil,CAIT,Other Fuel Combustion,All GHG,MtCO₂e,1994,33.27
Brazil,CAIT,Fugitive Emissions,All GHG,MtCO₂e,1994,4.14
Brazil,CAIT,Energy,All GHG,MtCO₂e,1993,228.1
Brazil,CAIT,Industrial Processes,All GHG,MtCO₂e,1993,20.13
Brazil,CAIT,Agriculture,All GHG,MtCO₂e,1993,358.89
Brazil,CAIT,Waste,All GHG,MtCO₂e,1993,34.23
Brazil,CAIT,Land-Use Change and Forestry,All GHG,MtCO₂e,1993,1048.34
Brazil,CAIT,Bunker Fuels,All GHG,MtCO₂e,1993,4.77
Brazil,CAIT,Electricity/Heat,All GHG,MtCO₂e,1993,30.17
Brazil,CAIT,Manufacturing/Construction,All GHG,MtCO₂e,1993,53.17
Brazil,CAIT,Transportation,All GHG,MtCO₂e,1993,90.08
Brazil,CAIT,Building,All GHG,MtCO₂e,1993,17.76
Brazil,CAIT,Other Fuel Combustion,All GHG,MtCO₂e,1993,32.82
Brazil,CAIT,Fugitive Emissions,All GHG,MtCO₂e,1993,4.11
Brazil,CAIT,Energy,All GHG,MtCO₂e,1992,222.33
Brazil,CAIT,Industrial Processes,All GHG,MtCO₂e,1992,18.56
Brazil,CAIT,Agriculture,All GHG,MtCO₂e,1992,357.16
Brazil,CAIT,Waste,All GHG,MtCO₂e,1992,33.11
Brazil,CAIT,Land-Use Change and Forestry,All GHG,MtCO₂e,1992,1048.34
Brazil,CAIT,Bunker Fuels,All GHG,MtCO₂e,1992,4.02
Brazil,CAIT,Electricity/Heat,All GHG,MtCO₂e,1992,29.85
Brazil,CAIT,Manufacturing/Construction,All GHG,MtCO₂e,1992,50.94
Brazil,CAIT,Transportation,All GHG,MtCO₂e,1992,86.61
Brazil,CAIT,Building,All GHG,MtCO₂e,1992,17.26
Brazil,CAIT,Other Fuel Combustion,All GHG,MtCO₂e,1992,32.55
Brazil,CAIT,Fugitive Emissions,All GHG,MtCO₂e,1992,5.11
Brazil,CAIT,Energy,All GHG,MtCO₂e,1991,218.01
Brazil,CAIT,Industrial Processes,All GHG,MtCO₂e,1991,20.29
Brazil,CAIT,Agriculture,All GHG,MtCO₂e,1991,351.1
Brazil,CAIT,Waste,All GHG,MtCO₂e,1991,31.82
Brazil,CAIT,Land-Use Change and Forestry,All GHG,MtCO₂e,1991,1048.34
Brazil,CAIT,Bunker Fuels,All GHG,MtCO₂e,1991,3.94
Brazil,CAIT,Electricity/Heat,All GHG,MtCO₂e,1991,28.07
Brazil,CAIT,Manufacturing/Construction,All GHG,MtCO₂e,1991,50.08
Brazil,CAIT,Transportation,All GHG,MtCO₂e,1991,85.97
Brazil,CAIT,Building,All GHG,MtCO₂e,1991,16.71
Brazil,CAIT,Other Fuel Combustion,All GHG,MtCO₂e,1991,32.76
Brazil,CAIT,Fugitive Emissions,All GHG,MtCO₂e,1991,4.42
Brazil,CAIT,Energy,All GHG,MtCO₂e,1990,205.05
Brazil,CAIT,Industrial Processes,All GHG,MtCO₂e,1990,18.24
Brazil,CAIT,Agriculture,All GHG,MtCO₂e,1990,340.03
Brazil,CAIT,Waste,All GHG,MtCO₂e,1990,30.63
Brazil,CAIT,Land-Use Change and Forestry,All GHG,MtCO₂e,1990,1048.34
Brazil,CAIT,Bunker Fuels,All GHG,MtCO₂e,1990,3.16
Brazil,CAIT,Electricity/Heat,All GHG,MtCO₂e,1990,28.07
Brazil,CAIT,Manufacturing/Construction,All GHG,MtCO₂e,1990,46.68
Brazil,CAIT,Transportation,All GHG,MtCO₂e,1990,82.18
Brazil,CAIT,Building,All GHG,MtCO₂e,1990,16.47
Brazil,CAIT,Other Fuel Combustion,All GHG,MtCO₂e,1990,26.63
Brazil,CAIT,Fugitive Emissions,All GHG,MtCO₂e,1990,5.03
