﻿Country,Year,GDP Value,Type of GDP
Brazil,1990,3106.116,"GDP per capita, current prices (U.S. dollars per capita)"
Brazil,1991,2677.837,"GDP per capita, current prices (U.S. dollars per capita)"
Brazil,1992,2523.736,"GDP per capita, current prices (U.S. dollars per capita)"
Brazil,1993,2787.164,"GDP per capita, current prices (U.S. dollars per capita)"
Brazil,1994,3495.239,"GDP per capita, current prices (U.S. dollars per capita)"
Brazil,1995,4851.99,"GDP per capita, current prices (U.S. dollars per capita)"
Brazil,1996,5204.574,"GDP per capita, current prices (U.S. dollars per capita)"
Brazil,1997,5321.137,"GDP per capita, current prices (U.S. dollars per capita)"
Brazil,1998,5123.549,"GDP per capita, current prices (U.S. dollars per capita)"
Brazil,1999,3501.438,"GDP per capita, current prices (U.S. dollars per capita)"
Brazil,2000,3772.05,"GDP per capita, current prices (U.S. dollars per capita)"
Brazil,2001,3177.94,"GDP per capita, current prices (U.S. dollars per capita)"
Brazil,2002,2856.026,"GDP per capita, current prices (U.S. dollars per capita)"
Brazil,2003,3089.141,"GDP per capita, current prices (U.S. dollars per capita)"
Brazil,2004,3660.02,"GDP per capita, current prices (U.S. dollars per capita)"
Brazil,2005,4819.872,"GDP per capita, current prices (U.S. dollars per capita)"
Brazil,2006,5921.179,"GDP per capita, current prices (U.S. dollars per capita)"
Brazil,2007,7390.653,"GDP per capita, current prices (U.S. dollars per capita)"
Brazil,2008,8878.359,"GDP per capita, current prices (U.S. dollars per capita)"
Brazil,2009,8649.578,"GDP per capita, current prices (U.S. dollars per capita)"
Brazil,2010,11333.023,"GDP per capita, current prices (U.S. dollars per capita)"
Brazil,2011,13295.899,"GDP per capita, current prices (U.S. dollars per capita)"
Brazil,2012,12424.949,"GDP per capita, current prices (U.S. dollars per capita)"
Brazil,2013,12358.342,"GDP per capita, current prices (U.S. dollars per capita)"
Brazil,2014,12175.683,"GDP per capita, current prices (U.S. dollars per capita)"
Brazil,2015,8846.478,"GDP per capita, current prices (U.S. dollars per capita)"
Brazil,2016,8757.305,"GDP per capita, current prices (U.S. dollars per capita)"
Brazil,2017,9978.087,"GDP per capita, current prices (U.S. dollars per capita)"
Brazil,2018,9194.148,"GDP per capita, current prices (U.S. dollars per capita)"
Brazil,2019,8935.756,"GDP per capita, current prices (U.S. dollars per capita)"
Brazil,2020,6822.56,"GDP per capita, current prices (U.S. dollars per capita)"
Brazil,2021,7741.153,"GDP per capita, current prices (U.S. dollars per capita)"
Brazil,2022,8464.333,"GDP per capita, current prices (U.S. dollars per capita)"
Brazil,2023,9102.212,"GDP per capita, current prices (U.S. dollars per capita)"
Brazil,2024,9800.045,"GDP per capita, current prices (U.S. dollars per capita)"
Brazil,2025,10371.896,"GDP per capita, current prices (U.S. dollars per capita)"
Brazil,2026,10922.3,"GDP per capita, current prices (U.S. dollars per capita)"
