﻿Country,Data source,Sector,Gas,Unit,Year,Gas Emitted
Canada,CAIT,Energy,All GHG,MtCO₂e,2018,626.07
Canada,CAIT,Industrial Processes,All GHG,MtCO₂e,2018,21.64
Canada,CAIT,Agriculture,All GHG,MtCO₂e,2018,58.95
Canada,CAIT,Waste,All GHG,MtCO₂e,2018,18.28
Canada,CAIT,Land-Use Change and Forestry,All GHG,MtCO₂e,2018,38.51
Canada,CAIT,Bunker Fuels,All GHG,MtCO₂e,2018,4.12
Canada,CAIT,Electricity/Heat,All GHG,MtCO₂e,2018,209.54
Canada,CAIT,Manufacturing/Construction,All GHG,MtCO₂e,2018,69.17
Canada,CAIT,Transportation,All GHG,MtCO₂e,2018,192.11
Canada,CAIT,Building,All GHG,MtCO₂e,2018,75.68
Canada,CAIT,Other Fuel Combustion,All GHG,MtCO₂e,2018,31.87
Canada,CAIT,Fugitive Emissions,All GHG,MtCO₂e,2018,47.7
Canada,CAIT,Energy,All GHG,MtCO₂e,2017,612.78
Canada,CAIT,Industrial Processes,All GHG,MtCO₂e,2017,21.52
Canada,CAIT,Agriculture,All GHG,MtCO₂e,2017,57.15
Canada,CAIT,Waste,All GHG,MtCO₂e,2017,17.91
Canada,CAIT,Land-Use Change and Forestry,All GHG,MtCO₂e,2017,36.38
Canada,CAIT,Bunker Fuels,All GHG,MtCO₂e,2017,3.11
Canada,CAIT,Electricity/Heat,All GHG,MtCO₂e,2017,211.98
Canada,CAIT,Manufacturing/Construction,All GHG,MtCO₂e,2017,67.91
Canada,CAIT,Transportation,All GHG,MtCO₂e,2017,185.25
Canada,CAIT,Building,All GHG,MtCO₂e,2017,69.95
Canada,CAIT,Other Fuel Combustion,All GHG,MtCO₂e,2017,31.17
Canada,CAIT,Fugitive Emissions,All GHG,MtCO₂e,2017,46.52
Canada,CAIT,Energy,All GHG,MtCO₂e,2016,600.41
Canada,CAIT,Industrial Processes,All GHG,MtCO₂e,2016,20.85
Canada,CAIT,Agriculture,All GHG,MtCO₂e,2016,56.39
Canada,CAIT,Waste,All GHG,MtCO₂e,2016,17.55
Canada,CAIT,Land-Use Change and Forestry,All GHG,MtCO₂e,2016,35.92
Canada,CAIT,Bunker Fuels,All GHG,MtCO₂e,2016,2.94
Canada,CAIT,Electricity/Heat,All GHG,MtCO₂e,2016,212.67
Canada,CAIT,Manufacturing/Construction,All GHG,MtCO₂e,2016,64.5
Canada,CAIT,Transportation,All GHG,MtCO₂e,2016,180.83
Canada,CAIT,Building,All GHG,MtCO₂e,2016,66.47
Canada,CAIT,Other Fuel Combustion,All GHG,MtCO₂e,2016,30.7
Canada,CAIT,Fugitive Emissions,All GHG,MtCO₂e,2016,45.24
Canada,CAIT,Energy,All GHG,MtCO₂e,2015,612.89
Canada,CAIT,Industrial Processes,All GHG,MtCO₂e,2015,20.13
Canada,CAIT,Agriculture,All GHG,MtCO₂e,2015,57.46
Canada,CAIT,Waste,All GHG,MtCO₂e,2015,17.46
Canada,CAIT,Land-Use Change and Forestry,All GHG,MtCO₂e,2015,136.74
Canada,CAIT,Bunker Fuels,All GHG,MtCO₂e,2015,3.28
Canada,CAIT,Electricity/Heat,All GHG,MtCO₂e,2015,216.26
Canada,CAIT,Manufacturing/Construction,All GHG,MtCO₂e,2015,64.97
Canada,CAIT,Transportation,All GHG,MtCO₂e,2015,180.01
Canada,CAIT,Building,All GHG,MtCO₂e,2015,70.73
Canada,CAIT,Other Fuel Combustion,All GHG,MtCO₂e,2015,30.42
Canada,CAIT,Fugitive Emissions,All GHG,MtCO₂e,2015,50.5
Canada,CAIT,Energy,All GHG,MtCO₂e,2014,618.06
Canada,CAIT,Industrial Processes,All GHG,MtCO₂e,2014,18.82
Canada,CAIT,Agriculture,All GHG,MtCO₂e,2014,58.31
Canada,CAIT,Waste,All GHG,MtCO₂e,2014,17.13
Canada,CAIT,Land-Use Change and Forestry,All GHG,MtCO₂e,2014,135.81
Canada,CAIT,Bunker Fuels,All GHG,MtCO₂e,2014,3.63
Canada,CAIT,Electricity/Heat,All GHG,MtCO₂e,2014,216.06
Canada,CAIT,Manufacturing/Construction,All GHG,MtCO₂e,2014,64.4
Canada,CAIT,Transportation,All GHG,MtCO₂e,2014,180.43
Canada,CAIT,Building,All GHG,MtCO₂e,2014,74.32
Canada,CAIT,Other Fuel Combustion,All GHG,MtCO₂e,2014,30.23
Canada,CAIT,Fugitive Emissions,All GHG,MtCO₂e,2014,52.62
Canada,CAIT,Energy,All GHG,MtCO₂e,2013,609.97
Canada,CAIT,Industrial Processes,All GHG,MtCO₂e,2013,18.77
Canada,CAIT,Agriculture,All GHG,MtCO₂e,2013,59.28
Canada,CAIT,Waste,All GHG,MtCO₂e,2013,17.4
Canada,CAIT,Land-Use Change and Forestry,All GHG,MtCO₂e,2013,135.79
Canada,CAIT,Bunker Fuels,All GHG,MtCO₂e,2013,3.88
Canada,CAIT,Electricity/Heat,All GHG,MtCO₂e,2013,213.48
Canada,CAIT,Manufacturing/Construction,All GHG,MtCO₂e,2013,65.15
Canada,CAIT,Transportation,All GHG,MtCO₂e,2013,181.81
Canada,CAIT,Building,All GHG,MtCO₂e,2013,70.48
Canada,CAIT,Other Fuel Combustion,All GHG,MtCO₂e,2013,29.31
Canada,CAIT,Fugitive Emissions,All GHG,MtCO₂e,2013,49.74
Canada,CAIT,Energy,All GHG,MtCO₂e,2012,598.47
Canada,CAIT,Industrial Processes,All GHG,MtCO₂e,2012,19.24
Canada,CAIT,Agriculture,All GHG,MtCO₂e,2012,59.14
Canada,CAIT,Waste,All GHG,MtCO₂e,2012,17.36
Canada,CAIT,Land-Use Change and Forestry,All GHG,MtCO₂e,2012,135.86
Canada,CAIT,Bunker Fuels,All GHG,MtCO₂e,2012,4.34
Canada,CAIT,Electricity/Heat,All GHG,MtCO₂e,2012,210.44
Canada,CAIT,Manufacturing/Construction,All GHG,MtCO₂e,2012,67.07
Canada,CAIT,Transportation,All GHG,MtCO₂e,2012,176.78
Canada,CAIT,Building,All GHG,MtCO₂e,2012,67.61
Canada,CAIT,Other Fuel Combustion,All GHG,MtCO₂e,2012,28.52
Canada,CAIT,Fugitive Emissions,All GHG,MtCO₂e,2012,48.05
Canada,CAIT,Energy,All GHG,MtCO₂e,2011,597.22
Canada,CAIT,Industrial Processes,All GHG,MtCO₂e,2011,18.08
Canada,CAIT,Agriculture,All GHG,MtCO₂e,2011,56.82
Canada,CAIT,Waste,All GHG,MtCO₂e,2011,17.64
Canada,CAIT,Land-Use Change and Forestry,All GHG,MtCO₂e,2011,135.48
Canada,CAIT,Bunker Fuels,All GHG,MtCO₂e,2011,4.76
Canada,CAIT,Electricity/Heat,All GHG,MtCO₂e,2011,209.0
Canada,CAIT,Manufacturing/Construction,All GHG,MtCO₂e,2011,66.04
Canada,CAIT,Transportation,All GHG,MtCO₂e,2011,175.06
Canada,CAIT,Building,All GHG,MtCO₂e,2011,72.9
Canada,CAIT,Other Fuel Combustion,All GHG,MtCO₂e,2011,28.89
Canada,CAIT,Fugitive Emissions,All GHG,MtCO₂e,2011,45.33
Canada,CAIT,Energy,All GHG,MtCO₂e,2010,583.91
Canada,CAIT,Industrial Processes,All GHG,MtCO₂e,2010,17.4
Canada,CAIT,Agriculture,All GHG,MtCO₂e,2010,55.22
Canada,CAIT,Waste,All GHG,MtCO₂e,2010,17.67
Canada,CAIT,Land-Use Change and Forestry,All GHG,MtCO₂e,2010,301.63
Canada,CAIT,Bunker Fuels,All GHG,MtCO₂e,2010,5.61
Canada,CAIT,Electricity/Heat,All GHG,MtCO₂e,2010,207.81
Canada,CAIT,Manufacturing/Construction,All GHG,MtCO₂e,2010,61.91
Canada,CAIT,Transportation,All GHG,MtCO₂e,2010,174.68
Canada,CAIT,Building,All GHG,MtCO₂e,2010,67.74
Canada,CAIT,Other Fuel Combustion,All GHG,MtCO₂e,2010,27.47
Canada,CAIT,Fugitive Emissions,All GHG,MtCO₂e,2010,44.29
Canada,CAIT,Energy,All GHG,MtCO₂e,2009,570.77
Canada,CAIT,Industrial Processes,All GHG,MtCO₂e,2009,17.13
Canada,CAIT,Agriculture,All GHG,MtCO₂e,2009,54.54
Canada,CAIT,Waste,All GHG,MtCO₂e,2009,18.56
Canada,CAIT,Land-Use Change and Forestry,All GHG,MtCO₂e,2009,301.45
Canada,CAIT,Bunker Fuels,All GHG,MtCO₂e,2009,4.41
Canada,CAIT,Electricity/Heat,All GHG,MtCO₂e,2009,201.83
Canada,CAIT,Manufacturing/Construction,All GHG,MtCO₂e,2009,57.56
Canada,CAIT,Transportation,All GHG,MtCO₂e,2009,169.48
Canada,CAIT,Building,All GHG,MtCO₂e,2009,71.93
Canada,CAIT,Other Fuel Combustion,All GHG,MtCO₂e,2009,24.87
Canada,CAIT,Fugitive Emissions,All GHG,MtCO₂e,2009,45.1
Canada,CAIT,Energy,All GHG,MtCO₂e,2008,602.39
Canada,CAIT,Industrial Processes,All GHG,MtCO₂e,2008,20.26
Canada,CAIT,Agriculture,All GHG,MtCO₂e,2008,56.73
Canada,CAIT,Waste,All GHG,MtCO₂e,2008,18.82
Canada,CAIT,Land-Use Change and Forestry,All GHG,MtCO₂e,2008,301.38
Canada,CAIT,Bunker Fuels,All GHG,MtCO₂e,2008,4.29
Canada,CAIT,Electricity/Heat,All GHG,MtCO₂e,2008,212.94
Canada,CAIT,Manufacturing/Construction,All GHG,MtCO₂e,2008,64.96
Canada,CAIT,Transportation,All GHG,MtCO₂e,2008,174.01
Canada,CAIT,Building,All GHG,MtCO₂e,2008,74.0
Canada,CAIT,Other Fuel Combustion,All GHG,MtCO₂e,2008,28.11
Canada,CAIT,Fugitive Emissions,All GHG,MtCO₂e,2008,48.37
Canada,CAIT,Energy,All GHG,MtCO₂e,2007,624.02
Canada,CAIT,Industrial Processes,All GHG,MtCO₂e,2007,19.95
Canada,CAIT,Agriculture,All GHG,MtCO₂e,2007,58.4
Canada,CAIT,Waste,All GHG,MtCO₂e,2007,20.16
Canada,CAIT,Land-Use Change and Forestry,All GHG,MtCO₂e,2007,301.4
Canada,CAIT,Bunker Fuels,All GHG,MtCO₂e,2007,4.31
Canada,CAIT,Electricity/Heat,All GHG,MtCO₂e,2007,228.47
Canada,CAIT,Manufacturing/Construction,All GHG,MtCO₂e,2007,67.47
Canada,CAIT,Transportation,All GHG,MtCO₂e,2007,175.76
Canada,CAIT,Building,All GHG,MtCO₂e,2007,74.66
Canada,CAIT,Other Fuel Combustion,All GHG,MtCO₂e,2007,28.52
Canada,CAIT,Fugitive Emissions,All GHG,MtCO₂e,2007,49.14
Canada,CAIT,Energy,All GHG,MtCO₂e,2006,594.25
Canada,CAIT,Industrial Processes,All GHG,MtCO₂e,2006,20.36
Canada,CAIT,Agriculture,All GHG,MtCO₂e,2006,55.84
Canada,CAIT,Waste,All GHG,MtCO₂e,2006,20.55
Canada,CAIT,Land-Use Change and Forestry,All GHG,MtCO₂e,2006,301.64
Canada,CAIT,Bunker Fuels,All GHG,MtCO₂e,2006,4.77
Canada,CAIT,Electricity/Heat,All GHG,MtCO₂e,2006,210.67
Canada,CAIT,Manufacturing/Construction,All GHG,MtCO₂e,2006,66.68
Canada,CAIT,Transportation,All GHG,MtCO₂e,2006,169.41
Canada,CAIT,Building,All GHG,MtCO₂e,2006,69.83
Canada,CAIT,Other Fuel Combustion,All GHG,MtCO₂e,2006,27.73
Canada,CAIT,Fugitive Emissions,All GHG,MtCO₂e,2006,49.93
Canada,CAIT,Energy,All GHG,MtCO₂e,2005,603.89
Canada,CAIT,Industrial Processes,All GHG,MtCO₂e,2005,22.14
Canada,CAIT,Agriculture,All GHG,MtCO₂e,2005,58.83
Canada,CAIT,Waste,All GHG,MtCO₂e,2005,20.22
Canada,CAIT,Land-Use Change and Forestry,All GHG,MtCO₂e,2005,301.56
Canada,CAIT,Bunker Fuels,All GHG,MtCO₂e,2005,5.37
Canada,CAIT,Electricity/Heat,All GHG,MtCO₂e,2005,211.83
Canada,CAIT,Manufacturing/Construction,All GHG,MtCO₂e,2005,69.18
Canada,CAIT,Transportation,All GHG,MtCO₂e,2005,170.62
Canada,CAIT,Building,All GHG,MtCO₂e,2005,74.58
Canada,CAIT,Other Fuel Combustion,All GHG,MtCO₂e,2005,28.1
Canada,CAIT,Fugitive Emissions,All GHG,MtCO₂e,2005,49.58
Canada,CAIT,Energy,All GHG,MtCO₂e,2004,593.69
Canada,CAIT,Industrial Processes,All GHG,MtCO₂e,2004,22.59
Canada,CAIT,Agriculture,All GHG,MtCO₂e,2004,57.08
Canada,CAIT,Waste,All GHG,MtCO₂e,2004,19.96
Canada,CAIT,Land-Use Change and Forestry,All GHG,MtCO₂e,2004,301.87
Canada,CAIT,Bunker Fuels,All GHG,MtCO₂e,2004,4.67
Canada,CAIT,Electricity/Heat,All GHG,MtCO₂e,2004,191.95
Canada,CAIT,Manufacturing/Construction,All GHG,MtCO₂e,2004,83.35
Canada,CAIT,Transportation,All GHG,MtCO₂e,2004,166.39
Canada,CAIT,Building,All GHG,MtCO₂e,2004,76.43
Canada,CAIT,Other Fuel Combustion,All GHG,MtCO₂e,2004,24.22
Canada,CAIT,Fugitive Emissions,All GHG,MtCO₂e,2004,51.34
Canada,CAIT,Energy,All GHG,MtCO₂e,2003,603.28
Canada,CAIT,Industrial Processes,All GHG,MtCO₂e,2003,20.05
Canada,CAIT,Agriculture,All GHG,MtCO₂e,2003,55.41
Canada,CAIT,Waste,All GHG,MtCO₂e,2003,19.66
Canada,CAIT,Land-Use Change and Forestry,All GHG,MtCO₂e,2003,302.07
Canada,CAIT,Bunker Fuels,All GHG,MtCO₂e,2003,3.75
Canada,CAIT,Electricity/Heat,All GHG,MtCO₂e,2003,203.26
Canada,CAIT,Manufacturing/Construction,All GHG,MtCO₂e,2003,81.25
Canada,CAIT,Transportation,All GHG,MtCO₂e,2003,162.28
Canada,CAIT,Building,All GHG,MtCO₂e,2003,79.41
Canada,CAIT,Other Fuel Combustion,All GHG,MtCO₂e,2003,24.78
Canada,CAIT,Fugitive Emissions,All GHG,MtCO₂e,2003,52.32
Canada,CAIT,Energy,All GHG,MtCO₂e,2002,584.85
Canada,CAIT,Industrial Processes,All GHG,MtCO₂e,2002,20.04
Canada,CAIT,Agriculture,All GHG,MtCO₂e,2002,55.23
Canada,CAIT,Waste,All GHG,MtCO₂e,2002,19.36
Canada,CAIT,Land-Use Change and Forestry,All GHG,MtCO₂e,2002,301.55
Canada,CAIT,Bunker Fuels,All GHG,MtCO₂e,2002,5.56
Canada,CAIT,Electricity/Heat,All GHG,MtCO₂e,2002,193.63
Canada,CAIT,Manufacturing/Construction,All GHG,MtCO₂e,2002,77.89
Canada,CAIT,Transportation,All GHG,MtCO₂e,2002,159.65
Canada,CAIT,Building,All GHG,MtCO₂e,2002,75.42
Canada,CAIT,Other Fuel Combustion,All GHG,MtCO₂e,2002,25.08
Canada,CAIT,Fugitive Emissions,All GHG,MtCO₂e,2002,53.19
Canada,CAIT,Energy,All GHG,MtCO₂e,2001,568.98
Canada,CAIT,Industrial Processes,All GHG,MtCO₂e,2001,19.19
Canada,CAIT,Agriculture,All GHG,MtCO₂e,2001,53.68
Canada,CAIT,Waste,All GHG,MtCO₂e,2001,19.04
Canada,CAIT,Land-Use Change and Forestry,All GHG,MtCO₂e,2001,301.48
Canada,CAIT,Bunker Fuels,All GHG,MtCO₂e,2001,6.89
Canada,CAIT,Electricity/Heat,All GHG,MtCO₂e,2001,194.24
Canada,CAIT,Manufacturing/Construction,All GHG,MtCO₂e,2001,76.62
Canada,CAIT,Transportation,All GHG,MtCO₂e,2001,147.79
Canada,CAIT,Building,All GHG,MtCO₂e,2001,68.67
Canada,CAIT,Other Fuel Combustion,All GHG,MtCO₂e,2001,25.61
Canada,CAIT,Fugitive Emissions,All GHG,MtCO₂e,2001,56.05
Canada,CAIT,Energy,All GHG,MtCO₂e,2000,578.74
Canada,CAIT,Industrial Processes,All GHG,MtCO₂e,2000,20.36
Canada,CAIT,Agriculture,All GHG,MtCO₂e,2000,53.55
Canada,CAIT,Waste,All GHG,MtCO₂e,2000,19.11
Canada,CAIT,Land-Use Change and Forestry,All GHG,MtCO₂e,2000,67.94
Canada,CAIT,Bunker Fuels,All GHG,MtCO₂e,2000,6.49
Canada,CAIT,Electricity/Heat,All GHG,MtCO₂e,2000,189.03
Canada,CAIT,Manufacturing/Construction,All GHG,MtCO₂e,2000,82.6
Canada,CAIT,Transportation,All GHG,MtCO₂e,2000,149.97
Canada,CAIT,Building,All GHG,MtCO₂e,2000,71.89
Canada,CAIT,Other Fuel Combustion,All GHG,MtCO₂e,2000,27.04
Canada,CAIT,Fugitive Emissions,All GHG,MtCO₂e,2000,58.2
Canada,CAIT,Energy,All GHG,MtCO₂e,1999,559.45
Canada,CAIT,Industrial Processes,All GHG,MtCO₂e,1999,20.24
Canada,CAIT,Agriculture,All GHG,MtCO₂e,1999,54.93
Canada,CAIT,Waste,All GHG,MtCO₂e,1999,19.17
Canada,CAIT,Land-Use Change and Forestry,All GHG,MtCO₂e,1999,69.95
Canada,CAIT,Bunker Fuels,All GHG,MtCO₂e,1999,6.44
Canada,CAIT,Electricity/Heat,All GHG,MtCO₂e,1999,177.2
Canada,CAIT,Manufacturing/Construction,All GHG,MtCO₂e,1999,79.08
Canada,CAIT,Transportation,All GHG,MtCO₂e,1999,151.16
Canada,CAIT,Building,All GHG,MtCO₂e,1999,66.48
Canada,CAIT,Other Fuel Combustion,All GHG,MtCO₂e,1999,26.9
Canada,CAIT,Fugitive Emissions,All GHG,MtCO₂e,1999,58.64
Canada,CAIT,Energy,All GHG,MtCO₂e,1998,551.54
Canada,CAIT,Industrial Processes,All GHG,MtCO₂e,1998,23.5
Canada,CAIT,Agriculture,All GHG,MtCO₂e,1998,56.14
Canada,CAIT,Waste,All GHG,MtCO₂e,1998,18.88
Canada,CAIT,Land-Use Change and Forestry,All GHG,MtCO₂e,1998,76.03
Canada,CAIT,Bunker Fuels,All GHG,MtCO₂e,1998,6.66
Canada,CAIT,Electricity/Heat,All GHG,MtCO₂e,1998,175.57
Canada,CAIT,Manufacturing/Construction,All GHG,MtCO₂e,1998,78.35
Canada,CAIT,Transportation,All GHG,MtCO₂e,1998,147.47
Canada,CAIT,Building,All GHG,MtCO₂e,1998,63.29
Canada,CAIT,Other Fuel Combustion,All GHG,MtCO₂e,1998,25.67
Canada,CAIT,Fugitive Emissions,All GHG,MtCO₂e,1998,61.19
Canada,CAIT,Energy,All GHG,MtCO₂e,1997,542.06
Canada,CAIT,Industrial Processes,All GHG,MtCO₂e,1997,26.7
Canada,CAIT,Agriculture,All GHG,MtCO₂e,1997,54.18
Canada,CAIT,Waste,All GHG,MtCO₂e,1997,18.62
Canada,CAIT,Land-Use Change and Forestry,All GHG,MtCO₂e,1997,68.02
Canada,CAIT,Bunker Fuels,All GHG,MtCO₂e,1997,5.94
Canada,CAIT,Electricity/Heat,All GHG,MtCO₂e,1997,161.23
Canada,CAIT,Manufacturing/Construction,All GHG,MtCO₂e,1997,81.06
Canada,CAIT,Transportation,All GHG,MtCO₂e,1997,144.85
Canada,CAIT,Building,All GHG,MtCO₂e,1997,70.43
Canada,CAIT,Other Fuel Combustion,All GHG,MtCO₂e,1997,25.15
Canada,CAIT,Fugitive Emissions,All GHG,MtCO₂e,1997,59.34
Canada,CAIT,Energy,All GHG,MtCO₂e,1996,525.23
Canada,CAIT,Industrial Processes,All GHG,MtCO₂e,1996,27.54
Canada,CAIT,Agriculture,All GHG,MtCO₂e,1996,55.04
Canada,CAIT,Waste,All GHG,MtCO₂e,1996,18.32
Canada,CAIT,Land-Use Change and Forestry,All GHG,MtCO₂e,1996,70.75
Canada,CAIT,Bunker Fuels,All GHG,MtCO₂e,1996,6.06
Canada,CAIT,Electricity/Heat,All GHG,MtCO₂e,1996,148.59
Canada,CAIT,Manufacturing/Construction,All GHG,MtCO₂e,1996,81.12
Canada,CAIT,Transportation,All GHG,MtCO₂e,1996,140.44
Canada,CAIT,Building,All GHG,MtCO₂e,1996,73.13
Canada,CAIT,Other Fuel Combustion,All GHG,MtCO₂e,1996,24.75
Canada,CAIT,Fugitive Emissions,All GHG,MtCO₂e,1996,57.2
Canada,CAIT,Energy,All GHG,MtCO₂e,1995,507.67
Canada,CAIT,Industrial Processes,All GHG,MtCO₂e,1995,27.07
Canada,CAIT,Agriculture,All GHG,MtCO₂e,1995,52.63
Canada,CAIT,Waste,All GHG,MtCO₂e,1995,18.39
Canada,CAIT,Land-Use Change and Forestry,All GHG,MtCO₂e,1995,66.77
Canada,CAIT,Bunker Fuels,All GHG,MtCO₂e,1995,5.81
Canada,CAIT,Electricity/Heat,All GHG,MtCO₂e,1995,147.31
Canada,CAIT,Manufacturing/Construction,All GHG,MtCO₂e,1995,77.57
Canada,CAIT,Transportation,All GHG,MtCO₂e,1995,137.09
Canada,CAIT,Building,All GHG,MtCO₂e,1995,67.64
Canada,CAIT,Other Fuel Combustion,All GHG,MtCO₂e,1995,23.99
Canada,CAIT,Fugitive Emissions,All GHG,MtCO₂e,1995,54.06
Canada,CAIT,Energy,All GHG,MtCO₂e,1994,494.84
Canada,CAIT,Industrial Processes,All GHG,MtCO₂e,1994,27.1
Canada,CAIT,Agriculture,All GHG,MtCO₂e,1994,49.92
Canada,CAIT,Waste,All GHG,MtCO₂e,1994,18.43
Canada,CAIT,Land-Use Change and Forestry,All GHG,MtCO₂e,1994,66.52
Canada,CAIT,Bunker Fuels,All GHG,MtCO₂e,1994,5.54
Canada,CAIT,Electricity/Heat,All GHG,MtCO₂e,1994,141.97
Canada,CAIT,Manufacturing/Construction,All GHG,MtCO₂e,1994,76.45
Canada,CAIT,Transportation,All GHG,MtCO₂e,1994,133.42
Canada,CAIT,Building,All GHG,MtCO₂e,1994,68.57
Canada,CAIT,Other Fuel Combustion,All GHG,MtCO₂e,1994,23.41
Canada,CAIT,Fugitive Emissions,All GHG,MtCO₂e,1994,51.02
Canada,CAIT,Energy,All GHG,MtCO₂e,1993,476.69
Canada,CAIT,Industrial Processes,All GHG,MtCO₂e,1993,24.9
Canada,CAIT,Agriculture,All GHG,MtCO₂e,1993,49.75
Canada,CAIT,Waste,All GHG,MtCO₂e,1993,18.38
Canada,CAIT,Land-Use Change and Forestry,All GHG,MtCO₂e,1993,66.53
Canada,CAIT,Bunker Fuels,All GHG,MtCO₂e,1993,5.22
Canada,CAIT,Electricity/Heat,All GHG,MtCO₂e,1993,137.4
Canada,CAIT,Manufacturing/Construction,All GHG,MtCO₂e,1993,73.29
Canada,CAIT,Transportation,All GHG,MtCO₂e,1993,127.18
Canada,CAIT,Building,All GHG,MtCO₂e,1993,67.36
Canada,CAIT,Other Fuel Combustion,All GHG,MtCO₂e,1993,22.71
Canada,CAIT,Fugitive Emissions,All GHG,MtCO₂e,1993,48.75
Canada,CAIT,Energy,All GHG,MtCO₂e,1992,477.49
Canada,CAIT,Industrial Processes,All GHG,MtCO₂e,1992,26.7
Canada,CAIT,Agriculture,All GHG,MtCO₂e,1992,49.3
Canada,CAIT,Waste,All GHG,MtCO₂e,1992,18.2
Canada,CAIT,Land-Use Change and Forestry,All GHG,MtCO₂e,1992,66.53
Canada,CAIT,Bunker Fuels,All GHG,MtCO₂e,1992,5.76
Canada,CAIT,Electricity/Heat,All GHG,MtCO₂e,1992,145.72
Canada,CAIT,Manufacturing/Construction,All GHG,MtCO₂e,1992,73.4
Canada,CAIT,Transportation,All GHG,MtCO₂e,1992,125.21
Canada,CAIT,Building,All GHG,MtCO₂e,1992,64.22
Canada,CAIT,Other Fuel Combustion,All GHG,MtCO₂e,1992,22.14
Canada,CAIT,Fugitive Emissions,All GHG,MtCO₂e,1992,46.8
Canada,CAIT,Energy,All GHG,MtCO₂e,1991,461.18
Canada,CAIT,Industrial Processes,All GHG,MtCO₂e,1991,28.45
Canada,CAIT,Agriculture,All GHG,MtCO₂e,1991,48.13
Canada,CAIT,Waste,All GHG,MtCO₂e,1991,18.01
Canada,CAIT,Land-Use Change and Forestry,All GHG,MtCO₂e,1991,66.53
Canada,CAIT,Bunker Fuels,All GHG,MtCO₂e,1991,5.48
Canada,CAIT,Electricity/Heat,All GHG,MtCO₂e,1991,138.72
Canada,CAIT,Manufacturing/Construction,All GHG,MtCO₂e,1991,74.35
Canada,CAIT,Transportation,All GHG,MtCO₂e,1991,120.95
Canada,CAIT,Building,All GHG,MtCO₂e,1991,62.32
Canada,CAIT,Other Fuel Combustion,All GHG,MtCO₂e,1991,21.44
Canada,CAIT,Fugitive Emissions,All GHG,MtCO₂e,1991,43.4
Canada,CAIT,Energy,All GHG,MtCO₂e,1990,465.37
Canada,CAIT,Industrial Processes,All GHG,MtCO₂e,1990,29.03
Canada,CAIT,Agriculture,All GHG,MtCO₂e,1990,47.74
Canada,CAIT,Waste,All GHG,MtCO₂e,1990,17.69
Canada,CAIT,Land-Use Change and Forestry,All GHG,MtCO₂e,1990,66.53
Canada,CAIT,Bunker Fuels,All GHG,MtCO₂e,1990,5.63
Canada,CAIT,Electricity/Heat,All GHG,MtCO₂e,1990,138.04
Canada,CAIT,Manufacturing/Construction,All GHG,MtCO₂e,1990,76.39
Canada,CAIT,Transportation,All GHG,MtCO₂e,1990,124.67
Canada,CAIT,Building,All GHG,MtCO₂e,1990,62.82
Canada,CAIT,Other Fuel Combustion,All GHG,MtCO₂e,1990,21.86
Canada,CAIT,Fugitive Emissions,All GHG,MtCO₂e,1990,41.6
