﻿Country,Year,GDP Value,Type of GDP
Canada,1990,21572.137,"GDP per capita, current prices (U.S. dollars per capita)"
Canada,1991,21885.57,"GDP per capita, current prices (U.S. dollars per capita)"
Canada,1992,20984.778,"GDP per capita, current prices (U.S. dollars per capita)"
Canada,1993,20210.452,"GDP per capita, current prices (U.S. dollars per capita)"
Canada,1994,20024.581,"GDP per capita, current prices (U.S. dollars per capita)"
Canada,1995,20706.725,"GDP per capita, current prices (U.S. dollars per capita)"
Canada,1996,21325.69,"GDP per capita, current prices (U.S. dollars per capita)"
Canada,1997,21930.485,"GDP per capita, current prices (U.S. dollars per capita)"
Canada,1998,21046.556,"GDP per capita, current prices (U.S. dollars per capita)"
Canada,1999,22340.553,"GDP per capita, current prices (U.S. dollars per capita)"
Canada,2000,24296.721,"GDP per capita, current prices (U.S. dollars per capita)"
Canada,2001,23859.714,"GDP per capita, current prices (U.S. dollars per capita)"
Canada,2002,24279.186,"GDP per capita, current prices (U.S. dollars per capita)"
Canada,2003,28338.745,"GDP per capita, current prices (U.S. dollars per capita)"
Canada,2004,32176.593,"GDP per capita, current prices (U.S. dollars per capita)"
Canada,2005,36439.62,"GDP per capita, current prices (U.S. dollars per capita)"
Canada,2006,40558.897,"GDP per capita, current prices (U.S. dollars per capita)"
Canada,2007,44716.985,"GDP per capita, current prices (U.S. dollars per capita)"
Canada,2008,46773.837,"GDP per capita, current prices (U.S. dollars per capita)"
Canada,2009,40990.625,"GDP per capita, current prices (U.S. dollars per capita)"
Canada,2010,47627.345,"GDP per capita, current prices (U.S. dollars per capita)"
Canada,2011,52285.937,"GDP per capita, current prices (U.S. dollars per capita)"
Canada,2012,52744.004,"GDP per capita, current prices (U.S. dollars per capita)"
Canada,2013,52708.61,"GDP per capita, current prices (U.S. dollars per capita)"
Canada,2014,51020.843,"GDP per capita, current prices (U.S. dollars per capita)"
Canada,2015,43626.47,"GDP per capita, current prices (U.S. dollars per capita)"
Canada,2016,42382.635,"GDP per capita, current prices (U.S. dollars per capita)"
Canada,2017,45191.961,"GDP per capita, current prices (U.S. dollars per capita)"
Canada,2018,46532.165,"GDP per capita, current prices (U.S. dollars per capita)"
Canada,2019,46399.714,"GDP per capita, current prices (U.S. dollars per capita)"
Canada,2020,43294.795,"GDP per capita, current prices (U.S. dollars per capita)"
Canada,2021,52791.228,"GDP per capita, current prices (U.S. dollars per capita)"
Canada,2022,56739.818,"GDP per capita, current prices (U.S. dollars per capita)"
Canada,2023,59125.562,"GDP per capita, current prices (U.S. dollars per capita)"
Canada,2024,61237.174,"GDP per capita, current prices (U.S. dollars per capita)"
Canada,2025,63293.417,"GDP per capita, current prices (U.S. dollars per capita)"
Canada,2026,65414.364,"GDP per capita, current prices (U.S. dollars per capita)"
