﻿Country,Year,GDP Value,Type of GDP
"China, People's Republic of",1990,346.873,"GDP per capita, current prices (U.S. dollars per capita)"
"China, People's Republic of",1991,356.759,"GDP per capita, current prices (U.S. dollars per capita)"
"China, People's Republic of",1992,420.025,"GDP per capita, current prices (U.S. dollars per capita)"
"China, People's Republic of",1993,520.966,"GDP per capita, current prices (U.S. dollars per capita)"
"China, People's Republic of",1994,468.658,"GDP per capita, current prices (U.S. dollars per capita)"
"China, People's Republic of",1995,603.526,"GDP per capita, current prices (U.S. dollars per capita)"
"China, People's Republic of",1996,703.06,"GDP per capita, current prices (U.S. dollars per capita)"
"China, People's Republic of",1997,774.91,"GDP per capita, current prices (U.S. dollars per capita)"
"China, People's Republic of",1998,820.903,"GDP per capita, current prices (U.S. dollars per capita)"
"China, People's Republic of",1999,865.236,"GDP per capita, current prices (U.S. dollars per capita)"
"China, People's Republic of",2000,951.163,"GDP per capita, current prices (U.S. dollars per capita)"
"China, People's Republic of",2001,1044.958,"GDP per capita, current prices (U.S. dollars per capita)"
"China, People's Republic of",2002,1141.14,"GDP per capita, current prices (U.S. dollars per capita)"
"China, People's Republic of",2003,1282.21,"GDP per capita, current prices (U.S. dollars per capita)"
"China, People's Republic of",2004,1499.712,"GDP per capita, current prices (U.S. dollars per capita)"
"China, People's Republic of",2005,1751.368,"GDP per capita, current prices (U.S. dollars per capita)"
"China, People's Republic of",2006,2095.239,"GDP per capita, current prices (U.S. dollars per capita)"
"China, People's Republic of",2007,2691.048,"GDP per capita, current prices (U.S. dollars per capita)"
"China, People's Republic of",2008,3446.695,"GDP per capita, current prices (U.S. dollars per capita)"
"China, People's Republic of",2009,3813.408,"GDP per capita, current prices (U.S. dollars per capita)"
"China, People's Republic of",2010,4499.803,"GDP per capita, current prices (U.S. dollars per capita)"
"China, People's Republic of",2011,5553.242,"GDP per capita, current prices (U.S. dollars per capita)"
"China, People's Republic of",2012,6282.709,"GDP per capita, current prices (U.S. dollars per capita)"
"China, People's Republic of",2013,7039.574,"GDP per capita, current prices (U.S. dollars per capita)"
"China, People's Republic of",2014,7645.875,"GDP per capita, current prices (U.S. dollars per capita)"
"China, People's Republic of",2015,8034.287,"GDP per capita, current prices (U.S. dollars per capita)"
"China, People's Republic of",2016,8063.446,"GDP per capita, current prices (U.S. dollars per capita)"
"China, People's Republic of",2017,8760.259,"GDP per capita, current prices (U.S. dollars per capita)"
"China, People's Republic of",2018,9848.949,"GDP per capita, current prices (U.S. dollars per capita)"
"China, People's Republic of",2019,10170.061,"GDP per capita, current prices (U.S. dollars per capita)"
"China, People's Republic of",2020,10511.335,"GDP per capita, current prices (U.S. dollars per capita)"
"China, People's Republic of",2021,11891.202,"GDP per capita, current prices (U.S. dollars per capita)"
"China, People's Republic of",2022,12990.014,"GDP per capita, current prices (U.S. dollars per capita)"
"China, People's Republic of",2023,14040.075,"GDP per capita, current prices (U.S. dollars per capita)"
"China, People's Republic of",2024,15141.545,"GDP per capita, current prices (U.S. dollars per capita)"
"China, People's Republic of",2025,16295.347,"GDP per capita, current prices (U.S. dollars per capita)"
"China, People's Republic of",2026,17492.963,"GDP per capita, current prices (U.S. dollars per capita)"
