﻿Country,Data source,Sector,Gas,Unit,Year,Gas Emitted
China,CAIT,Energy,All GHG,MtCO₂e,2018,10318.51
China,CAIT,Agriculture,All GHG,MtCO₂e,2018,672.87
China,CAIT,Electricity/Heat,All GHG,MtCO₂e,2018,5214.2
China,CAIT,Manufacturing/Construction,All GHG,MtCO₂e,2018,2667.43
China,CAIT,Transportation,All GHG,MtCO₂e,2018,917.02
China,CAIT,Energy,All GHG,MtCO₂e,2017,10037.65
China,CAIT,Agriculture,All GHG,MtCO₂e,2017,684.3
China,CAIT,Electricity/Heat,All GHG,MtCO₂e,2017,4904.12
China,CAIT,Manufacturing/Construction,All GHG,MtCO₂e,2017,2734.18
China,CAIT,Transportation,All GHG,MtCO₂e,2017,880.9
China,CAIT,Energy,All GHG,MtCO₂e,2016,9849.23
China,CAIT,Agriculture,All GHG,MtCO₂e,2016,699.82
China,CAIT,Electricity/Heat,All GHG,MtCO₂e,2016,4637.77
China,CAIT,Manufacturing/Construction,All GHG,MtCO₂e,2016,2846.38
China,CAIT,Transportation,All GHG,MtCO₂e,2016,843.42
China,CAIT,Energy,All GHG,MtCO₂e,2015,9890.2
China,CAIT,Agriculture,All GHG,MtCO₂e,2015,698.73
China,CAIT,Electricity/Heat,All GHG,MtCO₂e,2015,4580.61
China,CAIT,Manufacturing/Construction,All GHG,MtCO₂e,2015,2972.98
China,CAIT,Transportation,All GHG,MtCO₂e,2015,827.14
China,CAIT,Energy,All GHG,MtCO₂e,2014,9886.46
China,CAIT,Agriculture,All GHG,MtCO₂e,2014,691.8
China,CAIT,Electricity/Heat,All GHG,MtCO₂e,2014,4636.87
China,CAIT,Manufacturing/Construction,All GHG,MtCO₂e,2014,3022.68
China,CAIT,Transportation,All GHG,MtCO₂e,2014,770.56
China,CAIT,Energy,All GHG,MtCO₂e,2013,9935.16
China,CAIT,Agriculture,All GHG,MtCO₂e,2013,690.84
China,CAIT,Electricity/Heat,All GHG,MtCO₂e,2013,4742.95
China,CAIT,Manufacturing/Construction,All GHG,MtCO₂e,2013,3029.29
China,CAIT,Transportation,All GHG,MtCO₂e,2013,741.09
China,CAIT,Energy,All GHG,MtCO₂e,2012,9541.85
China,CAIT,Agriculture,All GHG,MtCO₂e,2012,691.17
China,CAIT,Electricity/Heat,All GHG,MtCO₂e,2012,4450.73
China,CAIT,Manufacturing/Construction,All GHG,MtCO₂e,2012,3038.4
China,CAIT,Transportation,All GHG,MtCO₂e,2012,686.13
China,CAIT,Energy,All GHG,MtCO₂e,2011,9251.09
China,CAIT,Agriculture,All GHG,MtCO₂e,2011,689.64
China,CAIT,Electricity/Heat,All GHG,MtCO₂e,2011,4324.11
China,CAIT,Manufacturing/Construction,All GHG,MtCO₂e,2011,3005.39
China,CAIT,Transportation,All GHG,MtCO₂e,2011,621.89
China,CAIT,Energy,All GHG,MtCO₂e,2010,8470.4
China,CAIT,Agriculture,All GHG,MtCO₂e,2010,695.41
China,CAIT,Electricity/Heat,All GHG,MtCO₂e,2010,3831.98
China,CAIT,Manufacturing/Construction,All GHG,MtCO₂e,2010,2844.45
China,CAIT,Transportation,All GHG,MtCO₂e,2010,568.78
China,CAIT,Energy,All GHG,MtCO₂e,2009,7727.96
China,CAIT,Agriculture,All GHG,MtCO₂e,2009,694.65
China,CAIT,Electricity/Heat,All GHG,MtCO₂e,2009,3455.66
China,CAIT,Manufacturing/Construction,All GHG,MtCO₂e,2009,2601.83
China,CAIT,Transportation,All GHG,MtCO₂e,2009,517.08
China,CAIT,Energy,All GHG,MtCO₂e,2008,7222.57
China,CAIT,Agriculture,All GHG,MtCO₂e,2008,693.16
China,CAIT,Electricity/Heat,All GHG,MtCO₂e,2008,3208.47
China,CAIT,Manufacturing/Construction,All GHG,MtCO₂e,2008,2409.86
China,CAIT,Transportation,All GHG,MtCO₂e,2008,507.07
China,CAIT,Energy,All GHG,MtCO₂e,2007,6983.68
China,CAIT,Agriculture,All GHG,MtCO₂e,2007,680.84
China,CAIT,Electricity/Heat,All GHG,MtCO₂e,2007,3171.09
China,CAIT,Manufacturing/Construction,All GHG,MtCO₂e,2007,2274.35
China,CAIT,Transportation,All GHG,MtCO₂e,2007,468.58
China,CAIT,Energy,All GHG,MtCO₂e,2006,6429.29
China,CAIT,Agriculture,All GHG,MtCO₂e,2006,689.39
China,CAIT,Electricity/Heat,All GHG,MtCO₂e,2006,2898.66
China,CAIT,Manufacturing/Construction,All GHG,MtCO₂e,2006,2083.32
China,CAIT,Transportation,All GHG,MtCO₂e,2006,434.81
China,CAIT,Energy,All GHG,MtCO₂e,2005,5832.01
China,CAIT,Agriculture,All GHG,MtCO₂e,2005,687.28
China,CAIT,Electricity/Heat,All GHG,MtCO₂e,2005,2552.71
China,CAIT,Manufacturing/Construction,All GHG,MtCO₂e,2005,1935.87
China,CAIT,Transportation,All GHG,MtCO₂e,2005,397.31
China,CAIT,Energy,All GHG,MtCO₂e,2004,5152.35
China,CAIT,Agriculture,All GHG,MtCO₂e,2004,679.51
China,CAIT,Electricity/Heat,All GHG,MtCO₂e,2004,2376.12
China,CAIT,Manufacturing/Construction,All GHG,MtCO₂e,2004,1500.19
China,CAIT,Transportation,All GHG,MtCO₂e,2004,371.14
China,CAIT,Energy,All GHG,MtCO₂e,2003,4464.64
China,CAIT,Agriculture,All GHG,MtCO₂e,2003,660.99
China,CAIT,Electricity/Heat,All GHG,MtCO₂e,2003,2178.69
China,CAIT,Manufacturing/Construction,All GHG,MtCO₂e,2003,1138.75
China,CAIT,Transportation,All GHG,MtCO₂e,2003,313.14
China,CAIT,Energy,All GHG,MtCO₂e,2002,3894.3
China,CAIT,Agriculture,All GHG,MtCO₂e,2002,671.53
China,CAIT,Electricity/Heat,All GHG,MtCO₂e,2002,1840.48
China,CAIT,Manufacturing/Construction,All GHG,MtCO₂e,2002,999.54
China,CAIT,Transportation,All GHG,MtCO₂e,2002,276.44
China,CAIT,Energy,All GHG,MtCO₂e,2001,3624.55
China,CAIT,Agriculture,All GHG,MtCO₂e,2001,666.04
China,CAIT,Electricity/Heat,All GHG,MtCO₂e,2001,1661.15
China,CAIT,Manufacturing/Construction,All GHG,MtCO₂e,2001,961.33
China,CAIT,Transportation,All GHG,MtCO₂e,2001,254.25
China,CAIT,Energy,All GHG,MtCO₂e,2000,3454.31
China,CAIT,Agriculture,All GHG,MtCO₂e,2000,677.06
China,CAIT,Electricity/Heat,All GHG,MtCO₂e,2000,1575.21
China,CAIT,Manufacturing/Construction,All GHG,MtCO₂e,2000,906.38
China,CAIT,Transportation,All GHG,MtCO₂e,2000,248.48
China,CAIT,Energy,All GHG,MtCO₂e,1999,3261.61
China,CAIT,Agriculture,All GHG,MtCO₂e,1999,689.04
China,CAIT,Electricity/Heat,All GHG,MtCO₂e,1999,1432.76
China,CAIT,Manufacturing/Construction,All GHG,MtCO₂e,1999,871.49
China,CAIT,Transportation,All GHG,MtCO₂e,1999,157.36
China,CAIT,Energy,All GHG,MtCO₂e,1998,3347.51
China,CAIT,Agriculture,All GHG,MtCO₂e,1998,669.11
China,CAIT,Electricity/Heat,All GHG,MtCO₂e,1998,1409.58
China,CAIT,Manufacturing/Construction,All GHG,MtCO₂e,1998,1023.82
China,CAIT,Transportation,All GHG,MtCO₂e,1998,140.29
China,CAIT,Energy,All GHG,MtCO₂e,1997,3238.63
China,CAIT,Agriculture,All GHG,MtCO₂e,1997,646.42
China,CAIT,Electricity/Heat,All GHG,MtCO₂e,1997,1328.11
China,CAIT,Manufacturing/Construction,All GHG,MtCO₂e,1997,961.13
China,CAIT,Transportation,All GHG,MtCO₂e,1997,146.13
China,CAIT,Energy,All GHG,MtCO₂e,1996,3170.95
China,CAIT,Agriculture,All GHG,MtCO₂e,1996,714.64
China,CAIT,Electricity/Heat,All GHG,MtCO₂e,1996,1330.33
China,CAIT,Manufacturing/Construction,All GHG,MtCO₂e,1996,968.66
China,CAIT,Transportation,All GHG,MtCO₂e,1996,169.85
China,CAIT,Energy,All GHG,MtCO₂e,1995,3185.31
China,CAIT,Agriculture,All GHG,MtCO₂e,1995,671.87
China,CAIT,Electricity/Heat,All GHG,MtCO₂e,1995,1185.7
China,CAIT,Manufacturing/Construction,All GHG,MtCO₂e,1995,1070.17
China,CAIT,Transportation,All GHG,MtCO₂e,1995,127.37
China,CAIT,Energy,All GHG,MtCO₂e,1994,2870.87
China,CAIT,Agriculture,All GHG,MtCO₂e,1994,612.72
China,CAIT,Electricity/Heat,All GHG,MtCO₂e,1994,1082.83
China,CAIT,Manufacturing/Construction,All GHG,MtCO₂e,1994,903.38
China,CAIT,Transportation,All GHG,MtCO₂e,1994,116.35
China,CAIT,Energy,All GHG,MtCO₂e,1993,2767.7
China,CAIT,Agriculture,All GHG,MtCO₂e,1993,592.67
China,CAIT,Electricity/Heat,All GHG,MtCO₂e,1993,997.65
China,CAIT,Manufacturing/Construction,All GHG,MtCO₂e,1993,861.54
China,CAIT,Transportation,All GHG,MtCO₂e,1993,125.7
China,CAIT,Energy,All GHG,MtCO₂e,1992,2558.36
China,CAIT,Agriculture,All GHG,MtCO₂e,1992,605.37
China,CAIT,Electricity/Heat,All GHG,MtCO₂e,1992,877.75
China,CAIT,Manufacturing/Construction,All GHG,MtCO₂e,1992,807.8
China,CAIT,Transportation,All GHG,MtCO₂e,1992,111.1
China,CAIT,Energy,All GHG,MtCO₂e,1991,2459.08
China,CAIT,Agriculture,All GHG,MtCO₂e,1991,600.81
China,CAIT,Electricity/Heat,All GHG,MtCO₂e,1991,794.33
China,CAIT,Manufacturing/Construction,All GHG,MtCO₂e,1991,778.83
China,CAIT,Transportation,All GHG,MtCO₂e,1991,100.62
China,CAIT,Energy,All GHG,MtCO₂e,1990,2342.66
China,CAIT,Agriculture,All GHG,MtCO₂e,1990,590.56
China,CAIT,Electricity/Heat,All GHG,MtCO₂e,1990,725.36
China,CAIT,Manufacturing/Construction,All GHG,MtCO₂e,1990,745.2
China,CAIT,Transportation,All GHG,MtCO₂e,1990,94.15
