﻿Country,Data source,Sector,Gas,Unit,Year,Gas Emitted
China,CAIT,Energy,All GHG,MtCO₂e,2018,10318.51
China,CAIT,Industrial Processes,All GHG,MtCO₂e,2018,1166.29
China,CAIT,Agriculture,All GHG,MtCO₂e,2018,672.87
China,CAIT,Waste,All GHG,MtCO₂e,2018,197.57
China,CAIT,Land-Use Change and Forestry,All GHG,MtCO₂e,2018,-649.43
China,CAIT,Bunker Fuels,All GHG,MtCO₂e,2018,63.82
China,CAIT,Electricity/Heat,All GHG,MtCO₂e,2018,5214.2
China,CAIT,Manufacturing/Construction,All GHG,MtCO₂e,2018,2667.43
China,CAIT,Transportation,All GHG,MtCO₂e,2018,917.02
China,CAIT,Building,All GHG,MtCO₂e,2018,542.13
China,CAIT,Other Fuel Combustion,All GHG,MtCO₂e,2018,284.08
China,CAIT,Fugitive Emissions,All GHG,MtCO₂e,2018,693.66
China,CAIT,Energy,All GHG,MtCO₂e,2017,10037.65
China,CAIT,Industrial Processes,All GHG,MtCO₂e,2017,1144.49
China,CAIT,Agriculture,All GHG,MtCO₂e,2017,684.3
China,CAIT,Waste,All GHG,MtCO₂e,2017,191.61
China,CAIT,Land-Use Change and Forestry,All GHG,MtCO₂e,2017,-649.79
China,CAIT,Bunker Fuels,All GHG,MtCO₂e,2017,61.54
China,CAIT,Electricity/Heat,All GHG,MtCO₂e,2017,4904.12
China,CAIT,Manufacturing/Construction,All GHG,MtCO₂e,2017,2734.18
China,CAIT,Transportation,All GHG,MtCO₂e,2017,880.9
China,CAIT,Building,All GHG,MtCO₂e,2017,533.08
China,CAIT,Other Fuel Combustion,All GHG,MtCO₂e,2017,290.6
China,CAIT,Fugitive Emissions,All GHG,MtCO₂e,2017,694.79
China,CAIT,Energy,All GHG,MtCO₂e,2016,9849.23
China,CAIT,Industrial Processes,All GHG,MtCO₂e,2016,1122.48
China,CAIT,Agriculture,All GHG,MtCO₂e,2016,699.82
China,CAIT,Waste,All GHG,MtCO₂e,2016,185.65
China,CAIT,Land-Use Change and Forestry,All GHG,MtCO₂e,2016,-649.52
China,CAIT,Bunker Fuels,All GHG,MtCO₂e,2016,57.07
China,CAIT,Electricity/Heat,All GHG,MtCO₂e,2016,4637.77
China,CAIT,Manufacturing/Construction,All GHG,MtCO₂e,2016,2846.38
China,CAIT,Transportation,All GHG,MtCO₂e,2016,843.42
China,CAIT,Building,All GHG,MtCO₂e,2016,525.09
China,CAIT,Other Fuel Combustion,All GHG,MtCO₂e,2016,299.76
China,CAIT,Fugitive Emissions,All GHG,MtCO₂e,2016,696.81
China,CAIT,Energy,All GHG,MtCO₂e,2015,9890.2
China,CAIT,Industrial Processes,All GHG,MtCO₂e,2015,1090.68
China,CAIT,Agriculture,All GHG,MtCO₂e,2015,698.73
China,CAIT,Waste,All GHG,MtCO₂e,2015,179.68
China,CAIT,Land-Use Change and Forestry,All GHG,MtCO₂e,2015,-709.61
China,CAIT,Bunker Fuels,All GHG,MtCO₂e,2015,53.19
China,CAIT,Electricity/Heat,All GHG,MtCO₂e,2015,4580.61
China,CAIT,Manufacturing/Construction,All GHG,MtCO₂e,2015,2972.98
China,CAIT,Transportation,All GHG,MtCO₂e,2015,827.14
China,CAIT,Building,All GHG,MtCO₂e,2015,510.54
China,CAIT,Other Fuel Combustion,All GHG,MtCO₂e,2015,300.62
China,CAIT,Fugitive Emissions,All GHG,MtCO₂e,2015,698.3
China,CAIT,Energy,All GHG,MtCO₂e,2014,9886.46
China,CAIT,Industrial Processes,All GHG,MtCO₂e,2014,1112.43
China,CAIT,Agriculture,All GHG,MtCO₂e,2014,691.8
China,CAIT,Waste,All GHG,MtCO₂e,2014,174.62
China,CAIT,Land-Use Change and Forestry,All GHG,MtCO₂e,2014,-709.55
China,CAIT,Bunker Fuels,All GHG,MtCO₂e,2014,44.62
China,CAIT,Electricity/Heat,All GHG,MtCO₂e,2014,4636.87
China,CAIT,Manufacturing/Construction,All GHG,MtCO₂e,2014,3022.68
China,CAIT,Transportation,All GHG,MtCO₂e,2014,770.56
China,CAIT,Building,All GHG,MtCO₂e,2014,487.0
China,CAIT,Other Fuel Combustion,All GHG,MtCO₂e,2014,298.06
China,CAIT,Fugitive Emissions,All GHG,MtCO₂e,2014,671.3
China,CAIT,Energy,All GHG,MtCO₂e,2013,9935.16
China,CAIT,Industrial Processes,All GHG,MtCO₂e,2013,1058.98
China,CAIT,Agriculture,All GHG,MtCO₂e,2013,690.84
China,CAIT,Waste,All GHG,MtCO₂e,2013,169.55
China,CAIT,Land-Use Change and Forestry,All GHG,MtCO₂e,2013,-709.78
China,CAIT,Bunker Fuels,All GHG,MtCO₂e,2013,44.68
China,CAIT,Electricity/Heat,All GHG,MtCO₂e,2013,4742.95
China,CAIT,Manufacturing/Construction,All GHG,MtCO₂e,2013,3029.29
China,CAIT,Transportation,All GHG,MtCO₂e,2013,741.09
China,CAIT,Building,All GHG,MtCO₂e,2013,476.57
China,CAIT,Other Fuel Combustion,All GHG,MtCO₂e,2013,297.54
China,CAIT,Fugitive Emissions,All GHG,MtCO₂e,2013,647.72
China,CAIT,Energy,All GHG,MtCO₂e,2012,9541.85
China,CAIT,Industrial Processes,All GHG,MtCO₂e,2012,1002.33
China,CAIT,Agriculture,All GHG,MtCO₂e,2012,691.17
China,CAIT,Waste,All GHG,MtCO₂e,2012,164.48
China,CAIT,Land-Use Change and Forestry,All GHG,MtCO₂e,2012,-709.8
China,CAIT,Bunker Fuels,All GHG,MtCO₂e,2012,47.18
China,CAIT,Electricity/Heat,All GHG,MtCO₂e,2012,4450.73
China,CAIT,Manufacturing/Construction,All GHG,MtCO₂e,2012,3038.4
China,CAIT,Transportation,All GHG,MtCO₂e,2012,686.13
China,CAIT,Building,All GHG,MtCO₂e,2012,457.22
China,CAIT,Other Fuel Combustion,All GHG,MtCO₂e,2012,285.23
China,CAIT,Fugitive Emissions,All GHG,MtCO₂e,2012,624.15
China,CAIT,Energy,All GHG,MtCO₂e,2011,9251.09
China,CAIT,Industrial Processes,All GHG,MtCO₂e,2011,975.36
China,CAIT,Agriculture,All GHG,MtCO₂e,2011,689.64
China,CAIT,Waste,All GHG,MtCO₂e,2011,158.46
China,CAIT,Land-Use Change and Forestry,All GHG,MtCO₂e,2011,-709.71
China,CAIT,Bunker Fuels,All GHG,MtCO₂e,2011,46.97
China,CAIT,Electricity/Heat,All GHG,MtCO₂e,2011,4324.11
China,CAIT,Manufacturing/Construction,All GHG,MtCO₂e,2011,3005.39
China,CAIT,Transportation,All GHG,MtCO₂e,2011,621.89
China,CAIT,Building,All GHG,MtCO₂e,2011,440.72
China,CAIT,Other Fuel Combustion,All GHG,MtCO₂e,2011,277.06
China,CAIT,Fugitive Emissions,All GHG,MtCO₂e,2011,581.91
China,CAIT,Energy,All GHG,MtCO₂e,2010,8470.4
China,CAIT,Industrial Processes,All GHG,MtCO₂e,2010,885.58
China,CAIT,Agriculture,All GHG,MtCO₂e,2010,695.41
China,CAIT,Waste,All GHG,MtCO₂e,2010,152.44
China,CAIT,Land-Use Change and Forestry,All GHG,MtCO₂e,2010,-331.45
China,CAIT,Bunker Fuels,All GHG,MtCO₂e,2010,43.48
China,CAIT,Electricity/Heat,All GHG,MtCO₂e,2010,3831.98
China,CAIT,Manufacturing/Construction,All GHG,MtCO₂e,2010,2844.45
China,CAIT,Transportation,All GHG,MtCO₂e,2010,568.78
China,CAIT,Building,All GHG,MtCO₂e,2010,416.4
China,CAIT,Other Fuel Combustion,All GHG,MtCO₂e,2010,269.11
China,CAIT,Fugitive Emissions,All GHG,MtCO₂e,2010,539.68
China,CAIT,Energy,All GHG,MtCO₂e,2009,7727.96
China,CAIT,Industrial Processes,All GHG,MtCO₂e,2009,808.64
China,CAIT,Agriculture,All GHG,MtCO₂e,2009,694.65
China,CAIT,Waste,All GHG,MtCO₂e,2009,146.41
China,CAIT,Land-Use Change and Forestry,All GHG,MtCO₂e,2009,-331.47
China,CAIT,Bunker Fuels,All GHG,MtCO₂e,2009,35.89
China,CAIT,Electricity/Heat,All GHG,MtCO₂e,2009,3455.66
China,CAIT,Manufacturing/Construction,All GHG,MtCO₂e,2009,2601.83
China,CAIT,Transportation,All GHG,MtCO₂e,2009,517.08
China,CAIT,Building,All GHG,MtCO₂e,2009,391.66
China,CAIT,Other Fuel Combustion,All GHG,MtCO₂e,2009,264.3
China,CAIT,Fugitive Emissions,All GHG,MtCO₂e,2009,497.44
China,CAIT,Energy,All GHG,MtCO₂e,2008,7222.57
China,CAIT,Industrial Processes,All GHG,MtCO₂e,2008,730.0
China,CAIT,Agriculture,All GHG,MtCO₂e,2008,693.16
China,CAIT,Waste,All GHG,MtCO₂e,2008,140.39
China,CAIT,Land-Use Change and Forestry,All GHG,MtCO₂e,2008,-330.47
China,CAIT,Bunker Fuels,All GHG,MtCO₂e,2008,33.3
China,CAIT,Electricity/Heat,All GHG,MtCO₂e,2008,3208.47
China,CAIT,Manufacturing/Construction,All GHG,MtCO₂e,2008,2409.86
China,CAIT,Transportation,All GHG,MtCO₂e,2008,507.07
China,CAIT,Building,All GHG,MtCO₂e,2008,383.25
China,CAIT,Other Fuel Combustion,All GHG,MtCO₂e,2008,258.71
China,CAIT,Fugitive Emissions,All GHG,MtCO₂e,2008,455.21
China,CAIT,Energy,All GHG,MtCO₂e,2007,6983.68
China,CAIT,Industrial Processes,All GHG,MtCO₂e,2007,698.16
China,CAIT,Agriculture,All GHG,MtCO₂e,2007,680.84
China,CAIT,Waste,All GHG,MtCO₂e,2007,134.37
China,CAIT,Land-Use Change and Forestry,All GHG,MtCO₂e,2007,-331.61
China,CAIT,Bunker Fuels,All GHG,MtCO₂e,2007,34.05
China,CAIT,Electricity/Heat,All GHG,MtCO₂e,2007,3171.09
China,CAIT,Manufacturing/Construction,All GHG,MtCO₂e,2007,2274.35
China,CAIT,Transportation,All GHG,MtCO₂e,2007,468.58
China,CAIT,Building,All GHG,MtCO₂e,2007,398.28
China,CAIT,Other Fuel Combustion,All GHG,MtCO₂e,2007,258.41
China,CAIT,Fugitive Emissions,All GHG,MtCO₂e,2007,412.97
China,CAIT,Energy,All GHG,MtCO₂e,2006,6429.29
China,CAIT,Industrial Processes,All GHG,MtCO₂e,2006,632.32
China,CAIT,Agriculture,All GHG,MtCO₂e,2006,689.39
China,CAIT,Waste,All GHG,MtCO₂e,2006,128.34
China,CAIT,Land-Use Change and Forestry,All GHG,MtCO₂e,2006,-331.79
China,CAIT,Bunker Fuels,All GHG,MtCO₂e,2006,30.7
China,CAIT,Electricity/Heat,All GHG,MtCO₂e,2006,2898.66
China,CAIT,Manufacturing/Construction,All GHG,MtCO₂e,2006,2083.32
China,CAIT,Transportation,All GHG,MtCO₂e,2006,434.81
China,CAIT,Building,All GHG,MtCO₂e,2006,384.12
China,CAIT,Other Fuel Combustion,All GHG,MtCO₂e,2006,257.64
China,CAIT,Fugitive Emissions,All GHG,MtCO₂e,2006,370.74
China,CAIT,Energy,All GHG,MtCO₂e,2005,5832.01
China,CAIT,Industrial Processes,All GHG,MtCO₂e,2005,552.88
China,CAIT,Agriculture,All GHG,MtCO₂e,2005,687.28
China,CAIT,Waste,All GHG,MtCO₂e,2005,122.32
China,CAIT,Land-Use Change and Forestry,All GHG,MtCO₂e,2005,-331.67
China,CAIT,Bunker Fuels,All GHG,MtCO₂e,2005,26.38
China,CAIT,Electricity/Heat,All GHG,MtCO₂e,2005,2552.71
China,CAIT,Manufacturing/Construction,All GHG,MtCO₂e,2005,1935.87
China,CAIT,Transportation,All GHG,MtCO₂e,2005,397.31
China,CAIT,Building,All GHG,MtCO₂e,2005,365.46
China,CAIT,Other Fuel Combustion,All GHG,MtCO₂e,2005,252.16
China,CAIT,Fugitive Emissions,All GHG,MtCO₂e,2005,328.5
China,CAIT,Energy,All GHG,MtCO₂e,2004,5152.35
China,CAIT,Industrial Processes,All GHG,MtCO₂e,2004,504.42
China,CAIT,Agriculture,All GHG,MtCO₂e,2004,679.51
China,CAIT,Waste,All GHG,MtCO₂e,2004,130.79
China,CAIT,Land-Use Change and Forestry,All GHG,MtCO₂e,2004,-331.12
China,CAIT,Bunker Fuels,All GHG,MtCO₂e,2004,22.7
China,CAIT,Electricity/Heat,All GHG,MtCO₂e,2004,2376.12
China,CAIT,Manufacturing/Construction,All GHG,MtCO₂e,2004,1500.19
China,CAIT,Transportation,All GHG,MtCO₂e,2004,371.14
China,CAIT,Building,All GHG,MtCO₂e,2004,352.57
China,CAIT,Other Fuel Combustion,All GHG,MtCO₂e,2004,237.28
China,CAIT,Fugitive Emissions,All GHG,MtCO₂e,2004,315.05
China,CAIT,Energy,All GHG,MtCO₂e,2003,4464.64
China,CAIT,Industrial Processes,All GHG,MtCO₂e,2003,452.75
China,CAIT,Agriculture,All GHG,MtCO₂e,2003,660.99
China,CAIT,Waste,All GHG,MtCO₂e,2003,139.27
China,CAIT,Land-Use Change and Forestry,All GHG,MtCO₂e,2003,-330.76
China,CAIT,Bunker Fuels,All GHG,MtCO₂e,2003,17.03
China,CAIT,Electricity/Heat,All GHG,MtCO₂e,2003,2178.69
China,CAIT,Manufacturing/Construction,All GHG,MtCO₂e,2003,1138.75
China,CAIT,Transportation,All GHG,MtCO₂e,2003,313.14
China,CAIT,Building,All GHG,MtCO₂e,2003,308.48
China,CAIT,Other Fuel Combustion,All GHG,MtCO₂e,2003,223.97
China,CAIT,Fugitive Emissions,All GHG,MtCO₂e,2003,301.61
China,CAIT,Energy,All GHG,MtCO₂e,2002,3894.3
China,CAIT,Industrial Processes,All GHG,MtCO₂e,2002,387.29
China,CAIT,Agriculture,All GHG,MtCO₂e,2002,671.53
China,CAIT,Waste,All GHG,MtCO₂e,2002,147.74
China,CAIT,Land-Use Change and Forestry,All GHG,MtCO₂e,2002,-331.83
China,CAIT,Bunker Fuels,All GHG,MtCO₂e,2002,17.39
China,CAIT,Electricity/Heat,All GHG,MtCO₂e,2002,1840.48
China,CAIT,Manufacturing/Construction,All GHG,MtCO₂e,2002,999.54
China,CAIT,Transportation,All GHG,MtCO₂e,2002,276.44
China,CAIT,Building,All GHG,MtCO₂e,2002,283.61
China,CAIT,Other Fuel Combustion,All GHG,MtCO₂e,2002,206.06
China,CAIT,Fugitive Emissions,All GHG,MtCO₂e,2002,288.16
China,CAIT,Energy,All GHG,MtCO₂e,2001,3624.55
China,CAIT,Industrial Processes,All GHG,MtCO₂e,2001,344.63
China,CAIT,Agriculture,All GHG,MtCO₂e,2001,666.04
China,CAIT,Waste,All GHG,MtCO₂e,2001,156.22
China,CAIT,Land-Use Change and Forestry,All GHG,MtCO₂e,2001,-331.53
China,CAIT,Bunker Fuels,All GHG,MtCO₂e,2001,15.52
China,CAIT,Electricity/Heat,All GHG,MtCO₂e,2001,1661.15
China,CAIT,Manufacturing/Construction,All GHG,MtCO₂e,2001,961.33
China,CAIT,Transportation,All GHG,MtCO₂e,2001,254.25
China,CAIT,Building,All GHG,MtCO₂e,2001,277.73
China,CAIT,Other Fuel Combustion,All GHG,MtCO₂e,2001,195.38
China,CAIT,Fugitive Emissions,All GHG,MtCO₂e,2001,274.72
China,CAIT,Energy,All GHG,MtCO₂e,2000,3454.31
China,CAIT,Industrial Processes,All GHG,MtCO₂e,2000,301.37
China,CAIT,Agriculture,All GHG,MtCO₂e,2000,677.06
China,CAIT,Waste,All GHG,MtCO₂e,2000,164.69
China,CAIT,Land-Use Change and Forestry,All GHG,MtCO₂e,2000,-347.73
China,CAIT,Bunker Fuels,All GHG,MtCO₂e,2000,13.79
China,CAIT,Electricity/Heat,All GHG,MtCO₂e,2000,1575.21
China,CAIT,Manufacturing/Construction,All GHG,MtCO₂e,2000,906.38
China,CAIT,Transportation,All GHG,MtCO₂e,2000,248.48
China,CAIT,Building,All GHG,MtCO₂e,2000,274.12
China,CAIT,Other Fuel Combustion,All GHG,MtCO₂e,2000,188.86
China,CAIT,Fugitive Emissions,All GHG,MtCO₂e,2000,261.27
China,CAIT,Energy,All GHG,MtCO₂e,1999,3261.61
China,CAIT,Industrial Processes,All GHG,MtCO₂e,1999,277.78
China,CAIT,Agriculture,All GHG,MtCO₂e,1999,689.04
China,CAIT,Waste,All GHG,MtCO₂e,1999,172.86
China,CAIT,Land-Use Change and Forestry,All GHG,MtCO₂e,1999,-347.92
China,CAIT,Bunker Fuels,All GHG,MtCO₂e,1999,10.86
China,CAIT,Electricity/Heat,All GHG,MtCO₂e,1999,1432.76
China,CAIT,Manufacturing/Construction,All GHG,MtCO₂e,1999,871.49
China,CAIT,Transportation,All GHG,MtCO₂e,1999,157.36
China,CAIT,Building,All GHG,MtCO₂e,1999,305.36
China,CAIT,Other Fuel Combustion,All GHG,MtCO₂e,1999,246.8
China,CAIT,Fugitive Emissions,All GHG,MtCO₂e,1999,247.83
China,CAIT,Energy,All GHG,MtCO₂e,1998,3347.51
China,CAIT,Industrial Processes,All GHG,MtCO₂e,1998,253.39
China,CAIT,Agriculture,All GHG,MtCO₂e,1998,669.11
China,CAIT,Waste,All GHG,MtCO₂e,1998,181.03
China,CAIT,Land-Use Change and Forestry,All GHG,MtCO₂e,1998,-347.8
China,CAIT,Bunker Fuels,All GHG,MtCO₂e,1998,10.64
China,CAIT,Electricity/Heat,All GHG,MtCO₂e,1998,1409.58
China,CAIT,Manufacturing/Construction,All GHG,MtCO₂e,1998,1023.82
China,CAIT,Transportation,All GHG,MtCO₂e,1998,140.29
China,CAIT,Building,All GHG,MtCO₂e,1998,298.69
China,CAIT,Other Fuel Combustion,All GHG,MtCO₂e,1998,240.76
China,CAIT,Fugitive Emissions,All GHG,MtCO₂e,1998,234.38
China,CAIT,Energy,All GHG,MtCO₂e,1997,3238.63
China,CAIT,Industrial Processes,All GHG,MtCO₂e,1997,237.4
China,CAIT,Agriculture,All GHG,MtCO₂e,1997,646.42
China,CAIT,Waste,All GHG,MtCO₂e,1997,189.2
China,CAIT,Land-Use Change and Forestry,All GHG,MtCO₂e,1997,-348.04
China,CAIT,Bunker Fuels,All GHG,MtCO₂e,1997,10.13
China,CAIT,Electricity/Heat,All GHG,MtCO₂e,1997,1328.11
China,CAIT,Manufacturing/Construction,All GHG,MtCO₂e,1997,961.13
China,CAIT,Transportation,All GHG,MtCO₂e,1997,146.13
China,CAIT,Building,All GHG,MtCO₂e,1997,352.62
China,CAIT,Other Fuel Combustion,All GHG,MtCO₂e,1997,229.7
China,CAIT,Fugitive Emissions,All GHG,MtCO₂e,1997,220.94
China,CAIT,Energy,All GHG,MtCO₂e,1996,3170.95
China,CAIT,Industrial Processes,All GHG,MtCO₂e,1996,219.9
China,CAIT,Agriculture,All GHG,MtCO₂e,1996,714.64
China,CAIT,Waste,All GHG,MtCO₂e,1996,197.38
China,CAIT,Land-Use Change and Forestry,All GHG,MtCO₂e,1996,-348.12
China,CAIT,Bunker Fuels,All GHG,MtCO₂e,1996,12.42
China,CAIT,Electricity/Heat,All GHG,MtCO₂e,1996,1330.33
China,CAIT,Manufacturing/Construction,All GHG,MtCO₂e,1996,968.66
China,CAIT,Transportation,All GHG,MtCO₂e,1996,169.85
China,CAIT,Building,All GHG,MtCO₂e,1996,313.8
China,CAIT,Other Fuel Combustion,All GHG,MtCO₂e,1996,180.82
China,CAIT,Fugitive Emissions,All GHG,MtCO₂e,1996,207.49
China,CAIT,Energy,All GHG,MtCO₂e,1995,3185.31
China,CAIT,Industrial Processes,All GHG,MtCO₂e,1995,204.11
China,CAIT,Agriculture,All GHG,MtCO₂e,1995,671.87
China,CAIT,Waste,All GHG,MtCO₂e,1995,205.55
China,CAIT,Land-Use Change and Forestry,All GHG,MtCO₂e,1995,-348.54
China,CAIT,Bunker Fuels,All GHG,MtCO₂e,1995,11.17
China,CAIT,Electricity/Heat,All GHG,MtCO₂e,1995,1185.7
China,CAIT,Manufacturing/Construction,All GHG,MtCO₂e,1995,1070.17
China,CAIT,Transportation,All GHG,MtCO₂e,1995,127.37
China,CAIT,Building,All GHG,MtCO₂e,1995,365.7
China,CAIT,Other Fuel Combustion,All GHG,MtCO₂e,1995,242.32
China,CAIT,Fugitive Emissions,All GHG,MtCO₂e,1995,194.05
China,CAIT,Energy,All GHG,MtCO₂e,1994,2870.87
China,CAIT,Industrial Processes,All GHG,MtCO₂e,1994,180.08
China,CAIT,Agriculture,All GHG,MtCO₂e,1994,612.72
China,CAIT,Waste,All GHG,MtCO₂e,1994,213.71
China,CAIT,Land-Use Change and Forestry,All GHG,MtCO₂e,1994,-348.56
China,CAIT,Bunker Fuels,All GHG,MtCO₂e,1994,10.83
China,CAIT,Electricity/Heat,All GHG,MtCO₂e,1994,1082.83
China,CAIT,Manufacturing/Construction,All GHG,MtCO₂e,1994,903.38
China,CAIT,Transportation,All GHG,MtCO₂e,1994,116.35
China,CAIT,Building,All GHG,MtCO₂e,1994,341.37
China,CAIT,Other Fuel Combustion,All GHG,MtCO₂e,1994,246.34
China,CAIT,Fugitive Emissions,All GHG,MtCO₂e,1994,180.6
China,CAIT,Energy,All GHG,MtCO₂e,1993,2767.7
China,CAIT,Industrial Processes,All GHG,MtCO₂e,1993,157.02
China,CAIT,Agriculture,All GHG,MtCO₂e,1993,592.67
China,CAIT,Waste,All GHG,MtCO₂e,1993,208.96
China,CAIT,Land-Use Change and Forestry,All GHG,MtCO₂e,1993,-348.56
China,CAIT,Bunker Fuels,All GHG,MtCO₂e,1993,9.81
China,CAIT,Electricity/Heat,All GHG,MtCO₂e,1993,997.65
China,CAIT,Manufacturing/Construction,All GHG,MtCO₂e,1993,861.54
China,CAIT,Transportation,All GHG,MtCO₂e,1993,125.7
China,CAIT,Building,All GHG,MtCO₂e,1993,370.43
China,CAIT,Other Fuel Combustion,All GHG,MtCO₂e,1993,237.71
China,CAIT,Fugitive Emissions,All GHG,MtCO₂e,1993,174.68
China,CAIT,Energy,All GHG,MtCO₂e,1992,2558.36
China,CAIT,Industrial Processes,All GHG,MtCO₂e,1992,135.16
China,CAIT,Agriculture,All GHG,MtCO₂e,1992,605.37
China,CAIT,Waste,All GHG,MtCO₂e,1992,204.21
China,CAIT,Land-Use Change and Forestry,All GHG,MtCO₂e,1992,-348.56
China,CAIT,Bunker Fuels,All GHG,MtCO₂e,1992,11.27
China,CAIT,Electricity/Heat,All GHG,MtCO₂e,1992,877.75
China,CAIT,Manufacturing/Construction,All GHG,MtCO₂e,1992,807.8
China,CAIT,Transportation,All GHG,MtCO₂e,1992,111.1
China,CAIT,Building,All GHG,MtCO₂e,1992,360.03
China,CAIT,Other Fuel Combustion,All GHG,MtCO₂e,1992,232.92
China,CAIT,Fugitive Emissions,All GHG,MtCO₂e,1992,168.76
China,CAIT,Energy,All GHG,MtCO₂e,1991,2459.08
China,CAIT,Industrial Processes,All GHG,MtCO₂e,1991,112.6
China,CAIT,Agriculture,All GHG,MtCO₂e,1991,600.81
China,CAIT,Waste,All GHG,MtCO₂e,1991,199.46
China,CAIT,Land-Use Change and Forestry,All GHG,MtCO₂e,1991,-348.56
China,CAIT,Bunker Fuels,All GHG,MtCO₂e,1991,7.26
China,CAIT,Electricity/Heat,All GHG,MtCO₂e,1991,794.33
China,CAIT,Manufacturing/Construction,All GHG,MtCO₂e,1991,778.83
China,CAIT,Transportation,All GHG,MtCO₂e,1991,100.62
China,CAIT,Building,All GHG,MtCO₂e,1991,383.27
China,CAIT,Other Fuel Combustion,All GHG,MtCO₂e,1991,239.2
China,CAIT,Fugitive Emissions,All GHG,MtCO₂e,1991,162.83
China,CAIT,Energy,All GHG,MtCO₂e,1990,2342.66
China,CAIT,Industrial Processes,All GHG,MtCO₂e,1990,94.35
China,CAIT,Agriculture,All GHG,MtCO₂e,1990,590.56
China,CAIT,Waste,All GHG,MtCO₂e,1990,194.71
China,CAIT,Land-Use Change and Forestry,All GHG,MtCO₂e,1990,-348.56
China,CAIT,Bunker Fuels,All GHG,MtCO₂e,1990,5.64
China,CAIT,Electricity/Heat,All GHG,MtCO₂e,1990,725.36
China,CAIT,Manufacturing/Construction,All GHG,MtCO₂e,1990,745.2
China,CAIT,Transportation,All GHG,MtCO₂e,1990,94.15
China,CAIT,Building,All GHG,MtCO₂e,1990,384.68
China,CAIT,Other Fuel Combustion,All GHG,MtCO₂e,1990,236.35
China,CAIT,Fugitive Emissions,All GHG,MtCO₂e,1990,156.91
