﻿Country,Data source,Sector,Gas,Unit,Year,Gas Emitted
European Union (27),CAIT,Energy,All GHG,MtCO₂e,2018,2902.77
European Union (27),CAIT,Industrial Processes,All GHG,MtCO₂e,2018,166.07
European Union (27),CAIT,Agriculture,All GHG,MtCO₂e,2018,389.55
European Union (27),CAIT,Waste,All GHG,MtCO₂e,2018,108.7
European Union (27),CAIT,Land-Use Change and Forestry,All GHG,MtCO₂e,2018,-233.92
European Union (27),CAIT,Bunker Fuels,All GHG,MtCO₂e,2018,259.59
European Union (27),CAIT,Electricity/Heat,All GHG,MtCO₂e,2018,1108.45
European Union (27),CAIT,Manufacturing/Construction,All GHG,MtCO₂e,2018,378.83
European Union (27),CAIT,Transportation,All GHG,MtCO₂e,2018,807.16
European Union (27),CAIT,Building,All GHG,MtCO₂e,2018,435.04
European Union (27),CAIT,Other Fuel Combustion,All GHG,MtCO₂e,2018,118.29
European Union (27),CAIT,Fugitive Emissions,All GHG,MtCO₂e,2018,55.0
European Union (27),CAIT,Energy,All GHG,MtCO₂e,2017,2958.65
European Union (27),CAIT,Industrial Processes,All GHG,MtCO₂e,2017,172.85
European Union (27),CAIT,Agriculture,All GHG,MtCO₂e,2017,394.07
European Union (27),CAIT,Waste,All GHG,MtCO₂e,2017,110.07
European Union (27),CAIT,Land-Use Change and Forestry,All GHG,MtCO₂e,2017,-233.7
European Union (27),CAIT,Bunker Fuels,All GHG,MtCO₂e,2017,249.36
European Union (27),CAIT,Electricity/Heat,All GHG,MtCO₂e,2017,1161.54
European Union (27),CAIT,Manufacturing/Construction,All GHG,MtCO₂e,2017,371.14
European Union (27),CAIT,Transportation,All GHG,MtCO₂e,2017,806.76
European Union (27),CAIT,Building,All GHG,MtCO₂e,2017,453.37
European Union (27),CAIT,Other Fuel Combustion,All GHG,MtCO₂e,2017,110.72
European Union (27),CAIT,Fugitive Emissions,All GHG,MtCO₂e,2017,55.12
European Union (27),CAIT,Energy,All GHG,MtCO₂e,2016,2938.57
European Union (27),CAIT,Industrial Processes,All GHG,MtCO₂e,2016,177.5
European Union (27),CAIT,Agriculture,All GHG,MtCO₂e,2016,394.81
European Union (27),CAIT,Waste,All GHG,MtCO₂e,2016,111.45
European Union (27),CAIT,Land-Use Change and Forestry,All GHG,MtCO₂e,2016,-234.36
European Union (27),CAIT,Bunker Fuels,All GHG,MtCO₂e,2016,239.15
European Union (27),CAIT,Electricity/Heat,All GHG,MtCO₂e,2016,1158.37
European Union (27),CAIT,Manufacturing/Construction,All GHG,MtCO₂e,2016,364.54
European Union (27),CAIT,Transportation,All GHG,MtCO₂e,2016,792.25
European Union (27),CAIT,Building,All GHG,MtCO₂e,2016,458.0
European Union (27),CAIT,Other Fuel Combustion,All GHG,MtCO₂e,2016,110.17
European Union (27),CAIT,Fugitive Emissions,All GHG,MtCO₂e,2016,55.23
European Union (27),CAIT,Energy,All GHG,MtCO₂e,2015,2932.86
European Union (27),CAIT,Industrial Processes,All GHG,MtCO₂e,2015,177.42
European Union (27),CAIT,Agriculture,All GHG,MtCO₂e,2015,396.18
European Union (27),CAIT,Waste,All GHG,MtCO₂e,2015,115.09
European Union (27),CAIT,Land-Use Change and Forestry,All GHG,MtCO₂e,2015,-575.16
European Union (27),CAIT,Bunker Fuels,All GHG,MtCO₂e,2015,228.06
European Union (27),CAIT,Electricity/Heat,All GHG,MtCO₂e,2015,1181.42
European Union (27),CAIT,Manufacturing/Construction,All GHG,MtCO₂e,2015,363.23
European Union (27),CAIT,Transportation,All GHG,MtCO₂e,2015,773.05
European Union (27),CAIT,Building,All GHG,MtCO₂e,2015,447.91
European Union (27),CAIT,Other Fuel Combustion,All GHG,MtCO₂e,2015,110.08
European Union (27),CAIT,Fugitive Emissions,All GHG,MtCO₂e,2015,57.17
European Union (27),CAIT,Energy,All GHG,MtCO₂e,2014,2873.12
European Union (27),CAIT,Industrial Processes,All GHG,MtCO₂e,2014,182.79
European Union (27),CAIT,Agriculture,All GHG,MtCO₂e,2014,392.8
European Union (27),CAIT,Waste,All GHG,MtCO₂e,2014,116.92
European Union (27),CAIT,Land-Use Change and Forestry,All GHG,MtCO₂e,2014,-575.13
European Union (27),CAIT,Bunker Fuels,All GHG,MtCO₂e,2014,225.16
European Union (27),CAIT,Electricity/Heat,All GHG,MtCO₂e,2014,1158.16
European Union (27),CAIT,Manufacturing/Construction,All GHG,MtCO₂e,2014,364.62
European Union (27),CAIT,Transportation,All GHG,MtCO₂e,2014,758.68
European Union (27),CAIT,Building,All GHG,MtCO₂e,2014,422.84
European Union (27),CAIT,Other Fuel Combustion,All GHG,MtCO₂e,2014,110.07
European Union (27),CAIT,Fugitive Emissions,All GHG,MtCO₂e,2014,58.75
European Union (27),CAIT,Energy,All GHG,MtCO₂e,2013,3025.05
European Union (27),CAIT,Industrial Processes,All GHG,MtCO₂e,2013,177.32
European Union (27),CAIT,Agriculture,All GHG,MtCO₂e,2013,388.62
European Union (27),CAIT,Waste,All GHG,MtCO₂e,2013,120.45
European Union (27),CAIT,Land-Use Change and Forestry,All GHG,MtCO₂e,2013,-575.11
European Union (27),CAIT,Bunker Fuels,All GHG,MtCO₂e,2013,227.87
European Union (27),CAIT,Electricity/Heat,All GHG,MtCO₂e,2013,1226.9
European Union (27),CAIT,Manufacturing/Construction,All GHG,MtCO₂e,2013,375.84
European Union (27),CAIT,Transportation,All GHG,MtCO₂e,2013,751.42
European Union (27),CAIT,Building,All GHG,MtCO₂e,2013,495.53
European Union (27),CAIT,Other Fuel Combustion,All GHG,MtCO₂e,2013,114.98
European Union (27),CAIT,Fugitive Emissions,All GHG,MtCO₂e,2013,60.38
European Union (27),CAIT,Energy,All GHG,MtCO₂e,2012,3097.78
European Union (27),CAIT,Industrial Processes,All GHG,MtCO₂e,2012,180.58
European Union (27),CAIT,Agriculture,All GHG,MtCO₂e,2012,385.73
European Union (27),CAIT,Waste,All GHG,MtCO₂e,2012,124.11
European Union (27),CAIT,Land-Use Change and Forestry,All GHG,MtCO₂e,2012,-575.0
European Union (27),CAIT,Bunker Fuels,All GHG,MtCO₂e,2012,234.81
European Union (27),CAIT,Electricity/Heat,All GHG,MtCO₂e,2012,1294.02
European Union (27),CAIT,Manufacturing/Construction,All GHG,MtCO₂e,2012,382.68
European Union (27),CAIT,Transportation,All GHG,MtCO₂e,2012,757.98
European Union (27),CAIT,Building,All GHG,MtCO₂e,2012,485.49
European Union (27),CAIT,Other Fuel Combustion,All GHG,MtCO₂e,2012,115.07
European Union (27),CAIT,Fugitive Emissions,All GHG,MtCO₂e,2012,62.56
European Union (27),CAIT,Energy,All GHG,MtCO₂e,2011,3152.14
European Union (27),CAIT,Industrial Processes,All GHG,MtCO₂e,2011,184.21
European Union (27),CAIT,Agriculture,All GHG,MtCO₂e,2011,386.19
European Union (27),CAIT,Waste,All GHG,MtCO₂e,2011,126.96
European Union (27),CAIT,Land-Use Change and Forestry,All GHG,MtCO₂e,2011,-575.11
European Union (27),CAIT,Bunker Fuels,All GHG,MtCO₂e,2011,246.16
European Union (27),CAIT,Electricity/Heat,All GHG,MtCO₂e,2011,1314.33
European Union (27),CAIT,Manufacturing/Construction,All GHG,MtCO₂e,2011,397.24
European Union (27),CAIT,Transportation,All GHG,MtCO₂e,2011,788.52
European Union (27),CAIT,Building,All GHG,MtCO₂e,2011,473.55
European Union (27),CAIT,Other Fuel Combustion,All GHG,MtCO₂e,2011,115.25
European Union (27),CAIT,Fugitive Emissions,All GHG,MtCO₂e,2011,63.25
European Union (27),CAIT,Energy,All GHG,MtCO₂e,2010,3251.96
European Union (27),CAIT,Industrial Processes,All GHG,MtCO₂e,2010,185.95
European Union (27),CAIT,Agriculture,All GHG,MtCO₂e,2010,392.76
European Union (27),CAIT,Waste,All GHG,MtCO₂e,2010,130.13
European Union (27),CAIT,Land-Use Change and Forestry,All GHG,MtCO₂e,2010,-314.29
European Union (27),CAIT,Bunker Fuels,All GHG,MtCO₂e,2010,244.65
European Union (27),CAIT,Electricity/Heat,All GHG,MtCO₂e,2010,1330.92
European Union (27),CAIT,Manufacturing/Construction,All GHG,MtCO₂e,2010,401.76
European Union (27),CAIT,Transportation,All GHG,MtCO₂e,2010,794.13
European Union (27),CAIT,Building,All GHG,MtCO₂e,2010,541.01
European Union (27),CAIT,Other Fuel Combustion,All GHG,MtCO₂e,2010,120.56
European Union (27),CAIT,Fugitive Emissions,All GHG,MtCO₂e,2010,63.59
European Union (27),CAIT,Energy,All GHG,MtCO₂e,2009,3162.75
European Union (27),CAIT,Industrial Processes,All GHG,MtCO₂e,2009,193.86
European Union (27),CAIT,Agriculture,All GHG,MtCO₂e,2009,391.78
European Union (27),CAIT,Waste,All GHG,MtCO₂e,2009,132.98
European Union (27),CAIT,Land-Use Change and Forestry,All GHG,MtCO₂e,2009,-314.5
European Union (27),CAIT,Bunker Fuels,All GHG,MtCO₂e,2009,242.65
European Union (27),CAIT,Electricity/Heat,All GHG,MtCO₂e,2009,1292.7
European Union (27),CAIT,Manufacturing/Construction,All GHG,MtCO₂e,2009,375.28
European Union (27),CAIT,Transportation,All GHG,MtCO₂e,2009,800.13
European Union (27),CAIT,Building,All GHG,MtCO₂e,2009,514.41
European Union (27),CAIT,Other Fuel Combustion,All GHG,MtCO₂e,2009,116.07
European Union (27),CAIT,Fugitive Emissions,All GHG,MtCO₂e,2009,64.17
European Union (27),CAIT,Energy,All GHG,MtCO₂e,2008,3401.18
European Union (27),CAIT,Industrial Processes,All GHG,MtCO₂e,2008,220.69
European Union (27),CAIT,Agriculture,All GHG,MtCO₂e,2008,398.94
European Union (27),CAIT,Waste,All GHG,MtCO₂e,2008,134.84
European Union (27),CAIT,Land-Use Change and Forestry,All GHG,MtCO₂e,2008,-314.63
European Union (27),CAIT,Bunker Fuels,All GHG,MtCO₂e,2008,269.0
European Union (27),CAIT,Electricity/Heat,All GHG,MtCO₂e,2008,1405.84
European Union (27),CAIT,Manufacturing/Construction,All GHG,MtCO₂e,2008,452.94
European Union (27),CAIT,Transportation,All GHG,MtCO₂e,2008,826.78
European Union (27),CAIT,Building,All GHG,MtCO₂e,2008,526.41
European Union (27),CAIT,Other Fuel Combustion,All GHG,MtCO₂e,2008,120.07
European Union (27),CAIT,Fugitive Emissions,All GHG,MtCO₂e,2008,69.15
European Union (27),CAIT,Energy,All GHG,MtCO₂e,2007,3471.05
European Union (27),CAIT,Industrial Processes,All GHG,MtCO₂e,2007,234.35
European Union (27),CAIT,Agriculture,All GHG,MtCO₂e,2007,403.03
European Union (27),CAIT,Waste,All GHG,MtCO₂e,2007,138.76
European Union (27),CAIT,Land-Use Change and Forestry,All GHG,MtCO₂e,2007,-314.53
European Union (27),CAIT,Bunker Fuels,All GHG,MtCO₂e,2007,268.92
European Union (27),CAIT,Electricity/Heat,All GHG,MtCO₂e,2007,1481.34
European Union (27),CAIT,Manufacturing/Construction,All GHG,MtCO₂e,2007,471.87
European Union (27),CAIT,Transportation,All GHG,MtCO₂e,2007,843.56
European Union (27),CAIT,Building,All GHG,MtCO₂e,2007,484.56
European Union (27),CAIT,Other Fuel Combustion,All GHG,MtCO₂e,2007,119.94
European Union (27),CAIT,Fugitive Emissions,All GHG,MtCO₂e,2007,69.78
European Union (27),CAIT,Energy,All GHG,MtCO₂e,2006,3518.91
European Union (27),CAIT,Industrial Processes,All GHG,MtCO₂e,2006,224.07
European Union (27),CAIT,Agriculture,All GHG,MtCO₂e,2006,398.0
European Union (27),CAIT,Waste,All GHG,MtCO₂e,2006,142.32
European Union (27),CAIT,Land-Use Change and Forestry,All GHG,MtCO₂e,2006,-314.67
European Union (27),CAIT,Bunker Fuels,All GHG,MtCO₂e,2006,257.63
European Union (27),CAIT,Electricity/Heat,All GHG,MtCO₂e,2006,1455.83
European Union (27),CAIT,Manufacturing/Construction,All GHG,MtCO₂e,2006,470.59
European Union (27),CAIT,Transportation,All GHG,MtCO₂e,2006,834.69
European Union (27),CAIT,Building,All GHG,MtCO₂e,2006,560.78
European Union (27),CAIT,Other Fuel Combustion,All GHG,MtCO₂e,2006,123.18
European Union (27),CAIT,Fugitive Emissions,All GHG,MtCO₂e,2006,73.85
European Union (27),CAIT,Energy,All GHG,MtCO₂e,2005,3517.48
European Union (27),CAIT,Industrial Processes,All GHG,MtCO₂e,2005,223.18
European Union (27),CAIT,Agriculture,All GHG,MtCO₂e,2005,402.21
European Union (27),CAIT,Waste,All GHG,MtCO₂e,2005,145.46
European Union (27),CAIT,Land-Use Change and Forestry,All GHG,MtCO₂e,2005,-314.62
European Union (27),CAIT,Bunker Fuels,All GHG,MtCO₂e,2005,242.96
European Union (27),CAIT,Electricity/Heat,All GHG,MtCO₂e,2005,1442.58
European Union (27),CAIT,Manufacturing/Construction,All GHG,MtCO₂e,2005,485.33
European Union (27),CAIT,Transportation,All GHG,MtCO₂e,2005,822.93
European Union (27),CAIT,Building,All GHG,MtCO₂e,2005,563.24
European Union (27),CAIT,Other Fuel Combustion,All GHG,MtCO₂e,2005,125.58
European Union (27),CAIT,Fugitive Emissions,All GHG,MtCO₂e,2005,77.82
European Union (27),CAIT,Energy,All GHG,MtCO₂e,2004,3540.02
European Union (27),CAIT,Industrial Processes,All GHG,MtCO₂e,2004,220.26
European Union (27),CAIT,Agriculture,All GHG,MtCO₂e,2004,409.51
European Union (27),CAIT,Waste,All GHG,MtCO₂e,2004,150.33
European Union (27),CAIT,Land-Use Change and Forestry,All GHG,MtCO₂e,2004,-314.92
European Union (27),CAIT,Bunker Fuels,All GHG,MtCO₂e,2004,236.5
European Union (27),CAIT,Electricity/Heat,All GHG,MtCO₂e,2004,1449.35
European Union (27),CAIT,Manufacturing/Construction,All GHG,MtCO₂e,2004,497.34
European Union (27),CAIT,Transportation,All GHG,MtCO₂e,2004,824.51
European Union (27),CAIT,Building,All GHG,MtCO₂e,2004,563.34
European Union (27),CAIT,Other Fuel Combustion,All GHG,MtCO₂e,2004,124.76
European Union (27),CAIT,Fugitive Emissions,All GHG,MtCO₂e,2004,80.71
European Union (27),CAIT,Energy,All GHG,MtCO₂e,2003,3546.08
European Union (27),CAIT,Industrial Processes,All GHG,MtCO₂e,2003,212.32
European Union (27),CAIT,Agriculture,All GHG,MtCO₂e,2003,410.54
European Union (27),CAIT,Waste,All GHG,MtCO₂e,2003,154.51
European Union (27),CAIT,Land-Use Change and Forestry,All GHG,MtCO₂e,2003,-314.65
European Union (27),CAIT,Bunker Fuels,All GHG,MtCO₂e,2003,223.38
European Union (27),CAIT,Electricity/Heat,All GHG,MtCO₂e,2003,1450.35
European Union (27),CAIT,Manufacturing/Construction,All GHG,MtCO₂e,2003,511.91
European Union (27),CAIT,Transportation,All GHG,MtCO₂e,2003,805.01
European Union (27),CAIT,Building,All GHG,MtCO₂e,2003,566.83
European Union (27),CAIT,Other Fuel Combustion,All GHG,MtCO₂e,2003,124.15
European Union (27),CAIT,Fugitive Emissions,All GHG,MtCO₂e,2003,87.83
European Union (27),CAIT,Energy,All GHG,MtCO₂e,2002,3454.87
European Union (27),CAIT,Industrial Processes,All GHG,MtCO₂e,2002,208.26
European Union (27),CAIT,Agriculture,All GHG,MtCO₂e,2002,415.63
European Union (27),CAIT,Waste,All GHG,MtCO₂e,2002,156.96
European Union (27),CAIT,Land-Use Change and Forestry,All GHG,MtCO₂e,2002,-314.69
European Union (27),CAIT,Bunker Fuels,All GHG,MtCO₂e,2002,216.73
European Union (27),CAIT,Electricity/Heat,All GHG,MtCO₂e,2002,1405.6
European Union (27),CAIT,Manufacturing/Construction,All GHG,MtCO₂e,2002,500.27
European Union (27),CAIT,Transportation,All GHG,MtCO₂e,2002,790.84
European Union (27),CAIT,Building,All GHG,MtCO₂e,2002,539.09
European Union (27),CAIT,Other Fuel Combustion,All GHG,MtCO₂e,2002,129.22
European Union (27),CAIT,Fugitive Emissions,All GHG,MtCO₂e,2002,89.84
European Union (27),CAIT,Energy,All GHG,MtCO₂e,2001,3468.19
European Union (27),CAIT,Industrial Processes,All GHG,MtCO₂e,2001,208.86
European Union (27),CAIT,Agriculture,All GHG,MtCO₂e,2001,418.25
European Union (27),CAIT,Waste,All GHG,MtCO₂e,2001,159.55
European Union (27),CAIT,Land-Use Change and Forestry,All GHG,MtCO₂e,2001,-314.64
European Union (27),CAIT,Bunker Fuels,All GHG,MtCO₂e,2001,214.21
European Union (27),CAIT,Electricity/Heat,All GHG,MtCO₂e,2001,1381.64
European Union (27),CAIT,Manufacturing/Construction,All GHG,MtCO₂e,2001,514.23
European Union (27),CAIT,Transportation,All GHG,MtCO₂e,2001,782.75
European Union (27),CAIT,Building,All GHG,MtCO₂e,2001,561.28
European Union (27),CAIT,Other Fuel Combustion,All GHG,MtCO₂e,2001,133.08
European Union (27),CAIT,Fugitive Emissions,All GHG,MtCO₂e,2001,95.21
European Union (27),CAIT,Energy,All GHG,MtCO₂e,2000,3409.37
European Union (27),CAIT,Industrial Processes,All GHG,MtCO₂e,2000,213.13
European Union (27),CAIT,Agriculture,All GHG,MtCO₂e,2000,424.73
European Union (27),CAIT,Waste,All GHG,MtCO₂e,2000,161.74
European Union (27),CAIT,Land-Use Change and Forestry,All GHG,MtCO₂e,2000,-275.1
European Union (27),CAIT,Bunker Fuels,All GHG,MtCO₂e,2000,212.18
European Union (27),CAIT,Electricity/Heat,All GHG,MtCO₂e,2000,1364.21
European Union (27),CAIT,Manufacturing/Construction,All GHG,MtCO₂e,2000,522.09
European Union (27),CAIT,Transportation,All GHG,MtCO₂e,2000,768.34
European Union (27),CAIT,Building,All GHG,MtCO₂e,2000,524.57
European Union (27),CAIT,Other Fuel Combustion,All GHG,MtCO₂e,2000,135.55
European Union (27),CAIT,Fugitive Emissions,All GHG,MtCO₂e,2000,94.62
European Union (27),CAIT,Energy,All GHG,MtCO₂e,1999,3407.89
European Union (27),CAIT,Industrial Processes,All GHG,MtCO₂e,1999,209.92
European Union (27),CAIT,Agriculture,All GHG,MtCO₂e,1999,429.82
European Union (27),CAIT,Waste,All GHG,MtCO₂e,1999,162.79
European Union (27),CAIT,Land-Use Change and Forestry,All GHG,MtCO₂e,1999,-275.57
European Union (27),CAIT,Bunker Fuels,All GHG,MtCO₂e,1999,199.16
European Union (27),CAIT,Electricity/Heat,All GHG,MtCO₂e,1999,1345.76
European Union (27),CAIT,Manufacturing/Construction,All GHG,MtCO₂e,1999,508.51
European Union (27),CAIT,Transportation,All GHG,MtCO₂e,1999,768.71
European Union (27),CAIT,Building,All GHG,MtCO₂e,1999,549.71
European Union (27),CAIT,Other Fuel Combustion,All GHG,MtCO₂e,1999,137.66
European Union (27),CAIT,Fugitive Emissions,All GHG,MtCO₂e,1999,97.54
European Union (27),CAIT,Energy,All GHG,MtCO₂e,1998,3466.85
European Union (27),CAIT,Industrial Processes,All GHG,MtCO₂e,1998,219.16
European Union (27),CAIT,Agriculture,All GHG,MtCO₂e,1998,432.53
European Union (27),CAIT,Waste,All GHG,MtCO₂e,1998,165.29
European Union (27),CAIT,Land-Use Change and Forestry,All GHG,MtCO₂e,1998,-275.54
European Union (27),CAIT,Bunker Fuels,All GHG,MtCO₂e,1998,198.23
European Union (27),CAIT,Electricity/Heat,All GHG,MtCO₂e,1998,1381.99
European Union (27),CAIT,Manufacturing/Construction,All GHG,MtCO₂e,1998,533.34
European Union (27),CAIT,Transportation,All GHG,MtCO₂e,1998,750.78
European Union (27),CAIT,Building,All GHG,MtCO₂e,1998,559.47
European Union (27),CAIT,Other Fuel Combustion,All GHG,MtCO₂e,1998,145.36
European Union (27),CAIT,Fugitive Emissions,All GHG,MtCO₂e,1998,95.92
European Union (27),CAIT,Energy,All GHG,MtCO₂e,1997,3484.28
European Union (27),CAIT,Industrial Processes,All GHG,MtCO₂e,1997,235.47
European Union (27),CAIT,Agriculture,All GHG,MtCO₂e,1997,437.27
European Union (27),CAIT,Waste,All GHG,MtCO₂e,1997,167.37
European Union (27),CAIT,Land-Use Change and Forestry,All GHG,MtCO₂e,1997,-275.8
European Union (27),CAIT,Bunker Fuels,All GHG,MtCO₂e,1997,189.13
European Union (27),CAIT,Electricity/Heat,All GHG,MtCO₂e,1997,1380.96
European Union (27),CAIT,Manufacturing/Construction,All GHG,MtCO₂e,1997,560.12
European Union (27),CAIT,Transportation,All GHG,MtCO₂e,1997,721.41
European Union (27),CAIT,Building,All GHG,MtCO₂e,1997,571.83
European Union (27),CAIT,Other Fuel Combustion,All GHG,MtCO₂e,1997,147.9
European Union (27),CAIT,Fugitive Emissions,All GHG,MtCO₂e,1997,102.07
European Union (27),CAIT,Energy,All GHG,MtCO₂e,1996,3559.99
European Union (27),CAIT,Industrial Processes,All GHG,MtCO₂e,1996,234.01
European Union (27),CAIT,Agriculture,All GHG,MtCO₂e,1996,438.76
European Union (27),CAIT,Waste,All GHG,MtCO₂e,1996,169.55
European Union (27),CAIT,Land-Use Change and Forestry,All GHG,MtCO₂e,1996,-275.91
European Union (27),CAIT,Bunker Fuels,All GHG,MtCO₂e,1996,177.86
European Union (27),CAIT,Electricity/Heat,All GHG,MtCO₂e,1996,1420.27
European Union (27),CAIT,Manufacturing/Construction,All GHG,MtCO₂e,1996,560.9
European Union (27),CAIT,Transportation,All GHG,MtCO₂e,1996,709.99
European Union (27),CAIT,Building,All GHG,MtCO₂e,1996,612.05
European Union (27),CAIT,Other Fuel Combustion,All GHG,MtCO₂e,1996,150.49
European Union (27),CAIT,Fugitive Emissions,All GHG,MtCO₂e,1996,106.28
European Union (27),CAIT,Energy,All GHG,MtCO₂e,1995,3460.3
European Union (27),CAIT,Industrial Processes,All GHG,MtCO₂e,1995,228.38
European Union (27),CAIT,Agriculture,All GHG,MtCO₂e,1995,435.46
European Union (27),CAIT,Waste,All GHG,MtCO₂e,1995,170.59
European Union (27),CAIT,Land-Use Change and Forestry,All GHG,MtCO₂e,1995,-275.94
European Union (27),CAIT,Bunker Fuels,All GHG,MtCO₂e,1995,170.24
European Union (27),CAIT,Electricity/Heat,All GHG,MtCO₂e,1995,1392.4
European Union (27),CAIT,Manufacturing/Construction,All GHG,MtCO₂e,1995,563.7
European Union (27),CAIT,Transportation,All GHG,MtCO₂e,1995,687.32
European Union (27),CAIT,Building,All GHG,MtCO₂e,1995,561.26
European Union (27),CAIT,Other Fuel Combustion,All GHG,MtCO₂e,1995,146.17
European Union (27),CAIT,Fugitive Emissions,All GHG,MtCO₂e,1995,109.45
European Union (27),CAIT,Energy,All GHG,MtCO₂e,1994,3410.58
European Union (27),CAIT,Industrial Processes,All GHG,MtCO₂e,1994,220.58
European Union (27),CAIT,Agriculture,All GHG,MtCO₂e,1994,442.72
European Union (27),CAIT,Waste,All GHG,MtCO₂e,1994,170.48
European Union (27),CAIT,Land-Use Change and Forestry,All GHG,MtCO₂e,1994,-276.04
European Union (27),CAIT,Bunker Fuels,All GHG,MtCO₂e,1994,166.64
European Union (27),CAIT,Electricity/Heat,All GHG,MtCO₂e,1994,1377.23
European Union (27),CAIT,Manufacturing/Construction,All GHG,MtCO₂e,1994,547.83
European Union (27),CAIT,Transportation,All GHG,MtCO₂e,1994,678.76
European Union (27),CAIT,Building,All GHG,MtCO₂e,1994,549.79
European Union (27),CAIT,Other Fuel Combustion,All GHG,MtCO₂e,1994,145.49
European Union (27),CAIT,Fugitive Emissions,All GHG,MtCO₂e,1994,111.49
European Union (27),CAIT,Energy,All GHG,MtCO₂e,1993,3433.44
European Union (27),CAIT,Industrial Processes,All GHG,MtCO₂e,1993,208.17
European Union (27),CAIT,Agriculture,All GHG,MtCO₂e,1993,448.2
European Union (27),CAIT,Waste,All GHG,MtCO₂e,1993,171.16
European Union (27),CAIT,Land-Use Change and Forestry,All GHG,MtCO₂e,1993,-276.01
European Union (27),CAIT,Bunker Fuels,All GHG,MtCO₂e,1993,164.34
European Union (27),CAIT,Electricity/Heat,All GHG,MtCO₂e,1993,1376.32
European Union (27),CAIT,Manufacturing/Construction,All GHG,MtCO₂e,1993,531.91
European Union (27),CAIT,Transportation,All GHG,MtCO₂e,1993,674.19
European Union (27),CAIT,Building,All GHG,MtCO₂e,1993,590.21
European Union (27),CAIT,Other Fuel Combustion,All GHG,MtCO₂e,1993,146.54
European Union (27),CAIT,Fugitive Emissions,All GHG,MtCO₂e,1993,114.27
European Union (27),CAIT,Energy,All GHG,MtCO₂e,1992,3489.25
European Union (27),CAIT,Industrial Processes,All GHG,MtCO₂e,1992,210.6
European Union (27),CAIT,Agriculture,All GHG,MtCO₂e,1992,463.83
European Union (27),CAIT,Waste,All GHG,MtCO₂e,1992,170.43
European Union (27),CAIT,Land-Use Change and Forestry,All GHG,MtCO₂e,1992,-276.01
European Union (27),CAIT,Bunker Fuels,All GHG,MtCO₂e,1992,161.82
European Union (27),CAIT,Electricity/Heat,All GHG,MtCO₂e,1992,1425.76
European Union (27),CAIT,Manufacturing/Construction,All GHG,MtCO₂e,1992,550.81
European Union (27),CAIT,Transportation,All GHG,MtCO₂e,1992,669.05
European Union (27),CAIT,Building,All GHG,MtCO₂e,1992,584.43
European Union (27),CAIT,Other Fuel Combustion,All GHG,MtCO₂e,1992,143.64
European Union (27),CAIT,Fugitive Emissions,All GHG,MtCO₂e,1992,115.56
European Union (27),CAIT,Energy,All GHG,MtCO₂e,1991,3616.36
European Union (27),CAIT,Industrial Processes,All GHG,MtCO₂e,1991,203.69
European Union (27),CAIT,Agriculture,All GHG,MtCO₂e,1991,489.54
European Union (27),CAIT,Waste,All GHG,MtCO₂e,1991,168.48
European Union (27),CAIT,Land-Use Change and Forestry,All GHG,MtCO₂e,1991,-276.05
European Union (27),CAIT,Bunker Fuels,All GHG,MtCO₂e,1991,157.12
European Union (27),CAIT,Electricity/Heat,All GHG,MtCO₂e,1991,1456.81
European Union (27),CAIT,Manufacturing/Construction,All GHG,MtCO₂e,1991,605.97
European Union (27),CAIT,Transportation,All GHG,MtCO₂e,1991,651.17
European Union (27),CAIT,Building,All GHG,MtCO₂e,1991,628.63
European Union (27),CAIT,Other Fuel Combustion,All GHG,MtCO₂e,1991,153.0
European Union (27),CAIT,Fugitive Emissions,All GHG,MtCO₂e,1991,120.78
European Union (27),CAIT,Energy,All GHG,MtCO₂e,1990,3660.7
European Union (27),CAIT,Industrial Processes,All GHG,MtCO₂e,1990,216.99
European Union (27),CAIT,Agriculture,All GHG,MtCO₂e,1990,512.18
European Union (27),CAIT,Waste,All GHG,MtCO₂e,1990,165.17
European Union (27),CAIT,Land-Use Change and Forestry,All GHG,MtCO₂e,1990,-276.05
European Union (27),CAIT,Bunker Fuels,All GHG,MtCO₂e,1990,158.72
European Union (27),CAIT,Electricity/Heat,All GHG,MtCO₂e,1990,1465.11
European Union (27),CAIT,Manufacturing/Construction,All GHG,MtCO₂e,1990,669.72
European Union (27),CAIT,Transportation,All GHG,MtCO₂e,1990,642.96
European Union (27),CAIT,Building,All GHG,MtCO₂e,1990,600.12
European Union (27),CAIT,Other Fuel Combustion,All GHG,MtCO₂e,1990,152.28
European Union (27),CAIT,Fugitive Emissions,All GHG,MtCO₂e,1990,130.51
