﻿Country,Year,GDP Value,Type of GDP
European Union,1990,15988.049,"GDP per capita, current prices (U.S. dollars per capita)"
European Union,1991,16966.151,"GDP per capita, current prices (U.S. dollars per capita)"
European Union,1992,18239.443,"GDP per capita, current prices (U.S. dollars per capita)"
European Union,1993,16337.107,"GDP per capita, current prices (U.S. dollars per capita)"
European Union,1994,17290.057,"GDP per capita, current prices (U.S. dollars per capita)"
European Union,1995,19544.827,"GDP per capita, current prices (U.S. dollars per capita)"
European Union,1996,19842.06,"GDP per capita, current prices (U.S. dollars per capita)"
European Union,1997,18198.497,"GDP per capita, current prices (U.S. dollars per capita)"
European Union,1998,18740.12,"GDP per capita, current prices (U.S. dollars per capita)"
European Union,1999,18619.762,"GDP per capita, current prices (U.S. dollars per capita)"
European Union,2000,17054.264,"GDP per capita, current prices (U.S. dollars per capita)"
European Union,2001,17299.038,"GDP per capita, current prices (U.S. dollars per capita)"
European Union,2002,18856.04,"GDP per capita, current prices (U.S. dollars per capita)"
European Union,2003,23106.054,"GDP per capita, current prices (U.S. dollars per capita)"
European Union,2004,26464.178,"GDP per capita, current prices (U.S. dollars per capita)"
European Union,2005,27522.482,"GDP per capita, current prices (U.S. dollars per capita)"
European Union,2006,29277.348,"GDP per capita, current prices (U.S. dollars per capita)"
European Union,2007,33810.886,"GDP per capita, current prices (U.S. dollars per capita)"
European Union,2008,37287.583,"GDP per capita, current prices (U.S. dollars per capita)"
European Union,2009,33683.46,"GDP per capita, current prices (U.S. dollars per capita)"
European Union,2010,33232.746,"GDP per capita, current prices (U.S. dollars per capita)"
European Union,2011,35904.191,"GDP per capita, current prices (U.S. dollars per capita)"
European Union,2012,33313.946,"GDP per capita, current prices (U.S. dollars per capita)"
European Union,2013,34762.091,"GDP per capita, current prices (U.S. dollars per capita)"
European Union,2014,35518.706,"GDP per capita, current prices (U.S. dollars per capita)"
European Union,2015,30682.842,"GDP per capita, current prices (U.S. dollars per capita)"
European Union,2016,31384.746,"GDP per capita, current prices (U.S. dollars per capita)"
European Union,2017,33299.341,"GDP per capita, current prices (U.S. dollars per capita)"
European Union,2018,36009.123,"GDP per capita, current prices (U.S. dollars per capita)"
European Union,2019,35273.696,"GDP per capita, current prices (U.S. dollars per capita)"
European Union,2020,34305.159,"GDP per capita, current prices (U.S. dollars per capita)"
European Union,2021,38337.875,"GDP per capita, current prices (U.S. dollars per capita)"
European Union,2022,41143.206,"GDP per capita, current prices (U.S. dollars per capita)"
European Union,2023,43299.403,"GDP per capita, current prices (U.S. dollars per capita)"
European Union,2024,45328.798,"GDP per capita, current prices (U.S. dollars per capita)"
European Union,2025,47388.582,"GDP per capita, current prices (U.S. dollars per capita)"
European Union,2026,49410.342,"GDP per capita, current prices (U.S. dollars per capita)"
