﻿Country,Data source,Sector,Gas,Unit,Year,Gas Emitted
Germany,CAIT,Energy,All GHG,MtCO₂e,2018,713.82
Germany,CAIT,Industrial Processes,All GHG,MtCO₂e,2018,25.34
Germany,CAIT,Agriculture,All GHG,MtCO₂e,2018,58.3
Germany,CAIT,Waste,All GHG,MtCO₂e,2018,8.63
Germany,CAIT,Land-Use Change and Forestry,All GHG,MtCO₂e,2018,-29.48
Germany,CAIT,Bunker Fuels,All GHG,MtCO₂e,2018,34.9
Germany,CAIT,Electricity/Heat,All GHG,MtCO₂e,2018,310.35
Germany,CAIT,Manufacturing/Construction,All GHG,MtCO₂e,2018,99.33
Germany,CAIT,Transportation,All GHG,MtCO₂e,2018,158.3
Germany,CAIT,Building,All GHG,MtCO₂e,2018,120.82
Germany,CAIT,Other Fuel Combustion,All GHG,MtCO₂e,2018,17.52
Germany,CAIT,Fugitive Emissions,All GHG,MtCO₂e,2018,7.51
Germany,CAIT,Energy,All GHG,MtCO₂e,2017,736.52
Germany,CAIT,Industrial Processes,All GHG,MtCO₂e,2017,26.12
Germany,CAIT,Agriculture,All GHG,MtCO₂e,2017,60.96
Germany,CAIT,Waste,All GHG,MtCO₂e,2017,9.06
Germany,CAIT,Land-Use Change and Forestry,All GHG,MtCO₂e,2017,-29.47
Germany,CAIT,Bunker Fuels,All GHG,MtCO₂e,2017,35.89
Germany,CAIT,Electricity/Heat,All GHG,MtCO₂e,2017,327.74
Germany,CAIT,Manufacturing/Construction,All GHG,MtCO₂e,2017,95.14
Germany,CAIT,Transportation,All GHG,MtCO₂e,2017,163.49
Germany,CAIT,Building,All GHG,MtCO₂e,2017,131.57
Germany,CAIT,Other Fuel Combustion,All GHG,MtCO₂e,2017,11.07
Germany,CAIT,Fugitive Emissions,All GHG,MtCO₂e,2017,7.51
Germany,CAIT,Energy,All GHG,MtCO₂e,2016,752.24
Germany,CAIT,Industrial Processes,All GHG,MtCO₂e,2016,26.15
Germany,CAIT,Agriculture,All GHG,MtCO₂e,2016,62.29
Germany,CAIT,Waste,All GHG,MtCO₂e,2016,9.48
Germany,CAIT,Land-Use Change and Forestry,All GHG,MtCO₂e,2016,-29.47
Germany,CAIT,Bunker Fuels,All GHG,MtCO₂e,2016,34.82
Germany,CAIT,Electricity/Heat,All GHG,MtCO₂e,2016,345.94
Germany,CAIT,Manufacturing/Construction,All GHG,MtCO₂e,2016,93.22
Germany,CAIT,Transportation,All GHG,MtCO₂e,2016,161.02
Germany,CAIT,Building,All GHG,MtCO₂e,2016,133.2
Germany,CAIT,Other Fuel Combustion,All GHG,MtCO₂e,2016,11.34
Germany,CAIT,Fugitive Emissions,All GHG,MtCO₂e,2016,7.51
Germany,CAIT,Energy,All GHG,MtCO₂e,2015,747.68
Germany,CAIT,Industrial Processes,All GHG,MtCO₂e,2015,26.38
Germany,CAIT,Agriculture,All GHG,MtCO₂e,2015,63.33
Germany,CAIT,Waste,All GHG,MtCO₂e,2015,10.07
Germany,CAIT,Land-Use Change and Forestry,All GHG,MtCO₂e,2015,-29.24
Germany,CAIT,Bunker Fuels,All GHG,MtCO₂e,2015,31.7
Germany,CAIT,Electricity/Heat,All GHG,MtCO₂e,2015,346.26
Germany,CAIT,Manufacturing/Construction,All GHG,MtCO₂e,2015,95.12
Germany,CAIT,Transportation,All GHG,MtCO₂e,2015,157.59
Germany,CAIT,Building,All GHG,MtCO₂e,2015,129.62
Germany,CAIT,Other Fuel Combustion,All GHG,MtCO₂e,2015,11.02
Germany,CAIT,Fugitive Emissions,All GHG,MtCO₂e,2015,8.08
Germany,CAIT,Energy,All GHG,MtCO₂e,2014,741.94
Germany,CAIT,Industrial Processes,All GHG,MtCO₂e,2014,26.52
Germany,CAIT,Agriculture,All GHG,MtCO₂e,2014,64.52
Germany,CAIT,Waste,All GHG,MtCO₂e,2014,10.68
Germany,CAIT,Land-Use Change and Forestry,All GHG,MtCO₂e,2014,-29.23
Germany,CAIT,Bunker Fuels,All GHG,MtCO₂e,2014,31.39
Germany,CAIT,Electricity/Heat,All GHG,MtCO₂e,2014,350.25
Germany,CAIT,Manufacturing/Construction,All GHG,MtCO₂e,2014,91.25
Germany,CAIT,Transportation,All GHG,MtCO₂e,2014,154.57
Germany,CAIT,Building,All GHG,MtCO₂e,2014,125.79
Germany,CAIT,Other Fuel Combustion,All GHG,MtCO₂e,2014,10.85
Germany,CAIT,Fugitive Emissions,All GHG,MtCO₂e,2014,9.22
Germany,CAIT,Energy,All GHG,MtCO₂e,2013,783.39
Germany,CAIT,Industrial Processes,All GHG,MtCO₂e,2013,26.07
Germany,CAIT,Agriculture,All GHG,MtCO₂e,2013,63.12
Germany,CAIT,Waste,All GHG,MtCO₂e,2013,11.34
Germany,CAIT,Land-Use Change and Forestry,All GHG,MtCO₂e,2013,-29.21
Germany,CAIT,Bunker Fuels,All GHG,MtCO₂e,2013,32.37
Germany,CAIT,Electricity/Heat,All GHG,MtCO₂e,2013,369.74
Germany,CAIT,Manufacturing/Construction,All GHG,MtCO₂e,2013,93.81
Germany,CAIT,Transportation,All GHG,MtCO₂e,2013,152.37
Germany,CAIT,Building,All GHG,MtCO₂e,2013,146.58
Germany,CAIT,Other Fuel Combustion,All GHG,MtCO₂e,2013,10.89
Germany,CAIT,Fugitive Emissions,All GHG,MtCO₂e,2013,10.01
Germany,CAIT,Energy,All GHG,MtCO₂e,2012,765.4
Germany,CAIT,Industrial Processes,All GHG,MtCO₂e,2012,26.85
Germany,CAIT,Agriculture,All GHG,MtCO₂e,2012,62.3
Germany,CAIT,Waste,All GHG,MtCO₂e,2012,12.11
Germany,CAIT,Land-Use Change and Forestry,All GHG,MtCO₂e,2012,-29.21
Germany,CAIT,Bunker Fuels,All GHG,MtCO₂e,2012,32.66
Germany,CAIT,Electricity/Heat,All GHG,MtCO₂e,2012,365.16
Germany,CAIT,Manufacturing/Construction,All GHG,MtCO₂e,2012,94.25
Germany,CAIT,Transportation,All GHG,MtCO₂e,2012,148.51
Germany,CAIT,Building,All GHG,MtCO₂e,2012,136.0
Germany,CAIT,Other Fuel Combustion,All GHG,MtCO₂e,2012,10.78
Germany,CAIT,Fugitive Emissions,All GHG,MtCO₂e,2012,10.71
Germany,CAIT,Energy,All GHG,MtCO₂e,2011,750.41
Germany,CAIT,Industrial Processes,All GHG,MtCO₂e,2011,27.18
Germany,CAIT,Agriculture,All GHG,MtCO₂e,2011,62.02
Germany,CAIT,Waste,All GHG,MtCO₂e,2011,12.94
Germany,CAIT,Land-Use Change and Forestry,All GHG,MtCO₂e,2011,-29.21
Germany,CAIT,Bunker Fuels,All GHG,MtCO₂e,2011,31.7
Germany,CAIT,Electricity/Heat,All GHG,MtCO₂e,2011,354.26
Germany,CAIT,Manufacturing/Construction,All GHG,MtCO₂e,2011,97.18
Germany,CAIT,Transportation,All GHG,MtCO₂e,2011,149.94
Germany,CAIT,Building,All GHG,MtCO₂e,2011,128.46
Germany,CAIT,Other Fuel Combustion,All GHG,MtCO₂e,2011,10.6
Germany,CAIT,Fugitive Emissions,All GHG,MtCO₂e,2011,9.97
Germany,CAIT,Energy,All GHG,MtCO₂e,2010,777.87
Germany,CAIT,Industrial Processes,All GHG,MtCO₂e,2010,26.27
Germany,CAIT,Agriculture,All GHG,MtCO₂e,2010,63.36
Germany,CAIT,Waste,All GHG,MtCO₂e,2010,13.81
Germany,CAIT,Land-Use Change and Forestry,All GHG,MtCO₂e,2010,-18.34
Germany,CAIT,Bunker Fuels,All GHG,MtCO₂e,2010,32.74
Germany,CAIT,Electricity/Heat,All GHG,MtCO₂e,2010,361.68
Germany,CAIT,Manufacturing/Construction,All GHG,MtCO₂e,2010,98.35
Germany,CAIT,Transportation,All GHG,MtCO₂e,2010,148.12
Germany,CAIT,Building,All GHG,MtCO₂e,2010,149.39
Germany,CAIT,Other Fuel Combustion,All GHG,MtCO₂e,2010,10.29
Germany,CAIT,Fugitive Emissions,All GHG,MtCO₂e,2010,10.04
Germany,CAIT,Energy,All GHG,MtCO₂e,2009,738.57
Germany,CAIT,Industrial Processes,All GHG,MtCO₂e,2009,34.21
Germany,CAIT,Agriculture,All GHG,MtCO₂e,2009,62.92
Germany,CAIT,Waste,All GHG,MtCO₂e,2009,14.93
Germany,CAIT,Land-Use Change and Forestry,All GHG,MtCO₂e,2009,-18.33
Germany,CAIT,Bunker Fuels,All GHG,MtCO₂e,2009,32.9
Germany,CAIT,Electricity/Heat,All GHG,MtCO₂e,2009,343.1
Germany,CAIT,Manufacturing/Construction,All GHG,MtCO₂e,2009,86.87
Germany,CAIT,Transportation,All GHG,MtCO₂e,2009,147.06
Germany,CAIT,Building,All GHG,MtCO₂e,2009,142.64
Germany,CAIT,Other Fuel Combustion,All GHG,MtCO₂e,2009,8.46
Germany,CAIT,Fugitive Emissions,All GHG,MtCO₂e,2009,10.45
Germany,CAIT,Energy,All GHG,MtCO₂e,2008,793.88
Germany,CAIT,Industrial Processes,All GHG,MtCO₂e,2008,34.8
Germany,CAIT,Agriculture,All GHG,MtCO₂e,2008,62.94
Germany,CAIT,Waste,All GHG,MtCO₂e,2008,16.17
Germany,CAIT,Land-Use Change and Forestry,All GHG,MtCO₂e,2008,-18.33
Germany,CAIT,Bunker Fuels,All GHG,MtCO₂e,2008,34.34
Germany,CAIT,Electricity/Heat,All GHG,MtCO₂e,2008,371.06
Germany,CAIT,Manufacturing/Construction,All GHG,MtCO₂e,2008,99.87
Germany,CAIT,Transportation,All GHG,MtCO₂e,2008,148.89
Germany,CAIT,Building,All GHG,MtCO₂e,2008,153.55
Germany,CAIT,Other Fuel Combustion,All GHG,MtCO₂e,2008,8.55
Germany,CAIT,Fugitive Emissions,All GHG,MtCO₂e,2008,11.96
Germany,CAIT,Energy,All GHG,MtCO₂e,2007,787.18
Germany,CAIT,Industrial Processes,All GHG,MtCO₂e,2007,37.38
Germany,CAIT,Agriculture,All GHG,MtCO₂e,2007,63.17
Germany,CAIT,Waste,All GHG,MtCO₂e,2007,17.4
Germany,CAIT,Land-Use Change and Forestry,All GHG,MtCO₂e,2007,-18.32
Germany,CAIT,Bunker Fuels,All GHG,MtCO₂e,2007,34.27
Germany,CAIT,Electricity/Heat,All GHG,MtCO₂e,2007,392.57
Germany,CAIT,Manufacturing/Construction,All GHG,MtCO₂e,2007,96.05
Germany,CAIT,Transportation,All GHG,MtCO₂e,2007,148.38
Germany,CAIT,Building,All GHG,MtCO₂e,2007,129.44
Germany,CAIT,Other Fuel Combustion,All GHG,MtCO₂e,2007,8.36
Germany,CAIT,Fugitive Emissions,All GHG,MtCO₂e,2007,12.39
Germany,CAIT,Energy,All GHG,MtCO₂e,2006,819.76
Germany,CAIT,Industrial Processes,All GHG,MtCO₂e,2006,33.68
Germany,CAIT,Agriculture,All GHG,MtCO₂e,2006,61.99
Germany,CAIT,Waste,All GHG,MtCO₂e,2006,18.77
Germany,CAIT,Land-Use Change and Forestry,All GHG,MtCO₂e,2006,-18.33
Germany,CAIT,Bunker Fuels,All GHG,MtCO₂e,2006,31.79
Germany,CAIT,Electricity/Heat,All GHG,MtCO₂e,2006,379.51
Germany,CAIT,Manufacturing/Construction,All GHG,MtCO₂e,2006,96.66
Germany,CAIT,Transportation,All GHG,MtCO₂e,2006,153.48
Germany,CAIT,Building,All GHG,MtCO₂e,2006,168.22
Germany,CAIT,Other Fuel Combustion,All GHG,MtCO₂e,2006,8.29
Germany,CAIT,Fugitive Emissions,All GHG,MtCO₂e,2006,13.6
Germany,CAIT,Energy,All GHG,MtCO₂e,2005,809.48
Germany,CAIT,Industrial Processes,All GHG,MtCO₂e,2005,33.52
Germany,CAIT,Agriculture,All GHG,MtCO₂e,2005,64.27
Germany,CAIT,Waste,All GHG,MtCO₂e,2005,20.44
Germany,CAIT,Land-Use Change and Forestry,All GHG,MtCO₂e,2005,-18.32
Germany,CAIT,Bunker Fuels,All GHG,MtCO₂e,2005,30.32
Germany,CAIT,Electricity/Heat,All GHG,MtCO₂e,2005,375.8
Germany,CAIT,Manufacturing/Construction,All GHG,MtCO₂e,2005,94.77
Germany,CAIT,Transportation,All GHG,MtCO₂e,2005,155.63
Germany,CAIT,Building,All GHG,MtCO₂e,2005,159.66
Germany,CAIT,Other Fuel Combustion,All GHG,MtCO₂e,2005,8.21
Germany,CAIT,Fugitive Emissions,All GHG,MtCO₂e,2005,15.42
Germany,CAIT,Energy,All GHG,MtCO₂e,2004,829.55
Germany,CAIT,Industrial Processes,All GHG,MtCO₂e,2004,35.95
Germany,CAIT,Agriculture,All GHG,MtCO₂e,2004,64.72
Germany,CAIT,Waste,All GHG,MtCO₂e,2004,21.89
Germany,CAIT,Land-Use Change and Forestry,All GHG,MtCO₂e,2004,-18.33
Germany,CAIT,Bunker Fuels,All GHG,MtCO₂e,2004,29.18
Germany,CAIT,Electricity/Heat,All GHG,MtCO₂e,2004,379.48
Germany,CAIT,Manufacturing/Construction,All GHG,MtCO₂e,2004,97.07
Germany,CAIT,Transportation,All GHG,MtCO₂e,2004,163.99
Germany,CAIT,Building,All GHG,MtCO₂e,2004,163.12
Germany,CAIT,Other Fuel Combustion,All GHG,MtCO₂e,2004,8.25
Germany,CAIT,Fugitive Emissions,All GHG,MtCO₂e,2004,17.64
Germany,CAIT,Energy,All GHG,MtCO₂e,2003,849.37
Germany,CAIT,Industrial Processes,All GHG,MtCO₂e,2003,33.51
Germany,CAIT,Agriculture,All GHG,MtCO₂e,2003,65.68
Germany,CAIT,Waste,All GHG,MtCO₂e,2003,23.35
Germany,CAIT,Land-Use Change and Forestry,All GHG,MtCO₂e,2003,-18.24
Germany,CAIT,Bunker Fuels,All GHG,MtCO₂e,2003,27.25
Germany,CAIT,Electricity/Heat,All GHG,MtCO₂e,2003,384.22
Germany,CAIT,Manufacturing/Construction,All GHG,MtCO₂e,2003,98.57
Germany,CAIT,Transportation,All GHG,MtCO₂e,2003,164.04
Germany,CAIT,Building,All GHG,MtCO₂e,2003,172.83
Germany,CAIT,Other Fuel Combustion,All GHG,MtCO₂e,2003,8.35
Germany,CAIT,Fugitive Emissions,All GHG,MtCO₂e,2003,21.36
Germany,CAIT,Energy,All GHG,MtCO₂e,2002,848.59
Germany,CAIT,Industrial Processes,All GHG,MtCO₂e,2002,32.51
Germany,CAIT,Agriculture,All GHG,MtCO₂e,2002,66.96
Germany,CAIT,Waste,All GHG,MtCO₂e,2002,24.87
Germany,CAIT,Land-Use Change and Forestry,All GHG,MtCO₂e,2002,-18.17
Germany,CAIT,Bunker Fuels,All GHG,MtCO₂e,2002,26.06
Germany,CAIT,Electricity/Heat,All GHG,MtCO₂e,2002,378.73
Germany,CAIT,Manufacturing/Construction,All GHG,MtCO₂e,2002,95.84
Germany,CAIT,Transportation,All GHG,MtCO₂e,2002,167.12
Germany,CAIT,Building,All GHG,MtCO₂e,2002,165.0
Germany,CAIT,Other Fuel Combustion,All GHG,MtCO₂e,2002,18.29
Germany,CAIT,Fugitive Emissions,All GHG,MtCO₂e,2002,23.6
Germany,CAIT,Energy,All GHG,MtCO₂e,2001,864.61
Germany,CAIT,Industrial Processes,All GHG,MtCO₂e,2001,32.17
Germany,CAIT,Agriculture,All GHG,MtCO₂e,2001,68.16
Germany,CAIT,Waste,All GHG,MtCO₂e,2001,26.38
Germany,CAIT,Land-Use Change and Forestry,All GHG,MtCO₂e,2001,-18.11
Germany,CAIT,Bunker Fuels,All GHG,MtCO₂e,2001,25.58
Germany,CAIT,Electricity/Heat,All GHG,MtCO₂e,2001,377.21
Germany,CAIT,Manufacturing/Construction,All GHG,MtCO₂e,2001,96.44
Germany,CAIT,Transportation,All GHG,MtCO₂e,2001,169.54
Germany,CAIT,Building,All GHG,MtCO₂e,2001,177.11
Germany,CAIT,Other Fuel Combustion,All GHG,MtCO₂e,2001,18.69
Germany,CAIT,Fugitive Emissions,All GHG,MtCO₂e,2001,25.62
Germany,CAIT,Energy,All GHG,MtCO₂e,2000,848.46
Germany,CAIT,Industrial Processes,All GHG,MtCO₂e,2000,30.67
Germany,CAIT,Agriculture,All GHG,MtCO₂e,2000,68.64
Germany,CAIT,Waste,All GHG,MtCO₂e,2000,28.05
Germany,CAIT,Land-Use Change and Forestry,All GHG,MtCO₂e,2000,-51.11
Germany,CAIT,Bunker Fuels,All GHG,MtCO₂e,2000,26.31
Germany,CAIT,Electricity/Heat,All GHG,MtCO₂e,2000,364.01
Germany,CAIT,Manufacturing/Construction,All GHG,MtCO₂e,2000,102.74
Germany,CAIT,Transportation,All GHG,MtCO₂e,2000,173.47
Germany,CAIT,Building,All GHG,MtCO₂e,2000,161.02
Germany,CAIT,Other Fuel Combustion,All GHG,MtCO₂e,2000,18.54
Germany,CAIT,Fugitive Emissions,All GHG,MtCO₂e,2000,28.68
Germany,CAIT,Energy,All GHG,MtCO₂e,1999,853.25
Germany,CAIT,Industrial Processes,All GHG,MtCO₂e,1999,31.45
Germany,CAIT,Agriculture,All GHG,MtCO₂e,1999,70.77
Germany,CAIT,Waste,All GHG,MtCO₂e,1999,29.7
Germany,CAIT,Land-Use Change and Forestry,All GHG,MtCO₂e,1999,-51.02
Germany,CAIT,Bunker Fuels,All GHG,MtCO₂e,1999,25.04
Germany,CAIT,Electricity/Heat,All GHG,MtCO₂e,1999,359.05
Germany,CAIT,Manufacturing/Construction,All GHG,MtCO₂e,1999,101.69
Germany,CAIT,Transportation,All GHG,MtCO₂e,1999,177.66
Germany,CAIT,Building,All GHG,MtCO₂e,1999,164.5
Germany,CAIT,Other Fuel Combustion,All GHG,MtCO₂e,1999,19.76
Germany,CAIT,Fugitive Emissions,All GHG,MtCO₂e,1999,30.6
Germany,CAIT,Energy,All GHG,MtCO₂e,1998,881.89
Germany,CAIT,Industrial Processes,All GHG,MtCO₂e,1998,35.75
Germany,CAIT,Agriculture,All GHG,MtCO₂e,1998,70.57
Germany,CAIT,Waste,All GHG,MtCO₂e,1998,31.41
Germany,CAIT,Land-Use Change and Forestry,All GHG,MtCO₂e,1998,-51.02
Germany,CAIT,Bunker Fuels,All GHG,MtCO₂e,1998,23.85
Germany,CAIT,Electricity/Heat,All GHG,MtCO₂e,1998,374.12
Germany,CAIT,Manufacturing/Construction,All GHG,MtCO₂e,1998,106.0
Germany,CAIT,Transportation,All GHG,MtCO₂e,1998,172.81
Germany,CAIT,Building,All GHG,MtCO₂e,1998,176.3
Germany,CAIT,Other Fuel Combustion,All GHG,MtCO₂e,1998,25.6
Germany,CAIT,Fugitive Emissions,All GHG,MtCO₂e,1998,27.05
Germany,CAIT,Energy,All GHG,MtCO₂e,1997,892.95
Germany,CAIT,Industrial Processes,All GHG,MtCO₂e,1997,47.79
Germany,CAIT,Agriculture,All GHG,MtCO₂e,1997,71.6
Germany,CAIT,Waste,All GHG,MtCO₂e,1997,33.55
Germany,CAIT,Land-Use Change and Forestry,All GHG,MtCO₂e,1997,-50.97
Germany,CAIT,Bunker Fuels,All GHG,MtCO₂e,1997,23.57
Germany,CAIT,Electricity/Heat,All GHG,MtCO₂e,1997,374.14
Germany,CAIT,Manufacturing/Construction,All GHG,MtCO₂e,1997,108.2
Germany,CAIT,Transportation,All GHG,MtCO₂e,1997,169.8
Germany,CAIT,Building,All GHG,MtCO₂e,1997,184.41
Germany,CAIT,Other Fuel Combustion,All GHG,MtCO₂e,1997,26.7
Germany,CAIT,Fugitive Emissions,All GHG,MtCO₂e,1997,29.69
Germany,CAIT,Energy,All GHG,MtCO₂e,1996,925.96
Germany,CAIT,Industrial Processes,All GHG,MtCO₂e,1996,49.92
Germany,CAIT,Agriculture,All GHG,MtCO₂e,1996,71.45
Germany,CAIT,Waste,All GHG,MtCO₂e,1996,36.55
Germany,CAIT,Land-Use Change and Forestry,All GHG,MtCO₂e,1996,-50.96
Germany,CAIT,Bunker Fuels,All GHG,MtCO₂e,1996,22.5
Germany,CAIT,Electricity/Heat,All GHG,MtCO₂e,1996,389.99
Germany,CAIT,Manufacturing/Construction,All GHG,MtCO₂e,1996,110.52
Germany,CAIT,Transportation,All GHG,MtCO₂e,1996,169.06
Germany,CAIT,Building,All GHG,MtCO₂e,1996,199.23
Germany,CAIT,Other Fuel Combustion,All GHG,MtCO₂e,1996,26.74
Germany,CAIT,Fugitive Emissions,All GHG,MtCO₂e,1996,30.43
Germany,CAIT,Energy,All GHG,MtCO₂e,1995,896.73
Germany,CAIT,Industrial Processes,All GHG,MtCO₂e,1995,49.02
Germany,CAIT,Agriculture,All GHG,MtCO₂e,1995,71.91
Germany,CAIT,Waste,All GHG,MtCO₂e,1995,38.07
Germany,CAIT,Land-Use Change and Forestry,All GHG,MtCO₂e,1995,-50.94
Germany,CAIT,Bunker Fuels,All GHG,MtCO₂e,1995,22.22
Germany,CAIT,Electricity/Heat,All GHG,MtCO₂e,1995,379.36
Germany,CAIT,Manufacturing/Construction,All GHG,MtCO₂e,1995,116.64
Germany,CAIT,Transportation,All GHG,MtCO₂e,1995,167.93
Germany,CAIT,Building,All GHG,MtCO₂e,1995,177.61
Germany,CAIT,Other Fuel Combustion,All GHG,MtCO₂e,1995,23.6
Germany,CAIT,Fugitive Emissions,All GHG,MtCO₂e,1995,31.6
Germany,CAIT,Energy,All GHG,MtCO₂e,1994,900.31
Germany,CAIT,Industrial Processes,All GHG,MtCO₂e,1994,50.89
Germany,CAIT,Agriculture,All GHG,MtCO₂e,1994,72.02
Germany,CAIT,Waste,All GHG,MtCO₂e,1994,39.13
Germany,CAIT,Land-Use Change and Forestry,All GHG,MtCO₂e,1994,-50.94
Germany,CAIT,Bunker Fuels,All GHG,MtCO₂e,1994,22.16
Germany,CAIT,Electricity/Heat,All GHG,MtCO₂e,1994,384.92
Germany,CAIT,Manufacturing/Construction,All GHG,MtCO₂e,1994,117.94
Germany,CAIT,Transportation,All GHG,MtCO₂e,1994,166.04
Germany,CAIT,Building,All GHG,MtCO₂e,1994,176.05
Germany,CAIT,Other Fuel Combustion,All GHG,MtCO₂e,1994,22.75
Germany,CAIT,Fugitive Emissions,All GHG,MtCO₂e,1994,32.61
Germany,CAIT,Energy,All GHG,MtCO₂e,1993,915.85
Germany,CAIT,Industrial Processes,All GHG,MtCO₂e,1993,47.74
Germany,CAIT,Agriculture,All GHG,MtCO₂e,1993,71.64
Germany,CAIT,Waste,All GHG,MtCO₂e,1993,40.0
Germany,CAIT,Land-Use Change and Forestry,All GHG,MtCO₂e,1993,-50.93
Germany,CAIT,Bunker Fuels,All GHG,MtCO₂e,1993,21.31
Germany,CAIT,Electricity/Heat,All GHG,MtCO₂e,1993,384.36
Germany,CAIT,Manufacturing/Construction,All GHG,MtCO₂e,1993,117.55
Germany,CAIT,Transportation,All GHG,MtCO₂e,1993,168.67
Germany,CAIT,Building,All GHG,MtCO₂e,1993,188.15
Germany,CAIT,Other Fuel Combustion,All GHG,MtCO₂e,1993,22.25
Germany,CAIT,Fugitive Emissions,All GHG,MtCO₂e,1993,34.88
Germany,CAIT,Energy,All GHG,MtCO₂e,1992,920.89
Germany,CAIT,Industrial Processes,All GHG,MtCO₂e,1992,47.86
Germany,CAIT,Agriculture,All GHG,MtCO₂e,1992,73.96
Germany,CAIT,Waste,All GHG,MtCO₂e,1992,40.21
Germany,CAIT,Land-Use Change and Forestry,All GHG,MtCO₂e,1992,-50.93
Germany,CAIT,Bunker Fuels,All GHG,MtCO₂e,1992,19.13
Germany,CAIT,Electricity/Heat,All GHG,MtCO₂e,1992,392.66
Germany,CAIT,Manufacturing/Construction,All GHG,MtCO₂e,1992,124.78
Germany,CAIT,Transportation,All GHG,MtCO₂e,1992,164.06
Germany,CAIT,Building,All GHG,MtCO₂e,1992,179.91
Germany,CAIT,Other Fuel Combustion,All GHG,MtCO₂e,1992,25.79
Germany,CAIT,Fugitive Emissions,All GHG,MtCO₂e,1992,33.69
Germany,CAIT,Energy,All GHG,MtCO₂e,1991,964.7
Germany,CAIT,Industrial Processes,All GHG,MtCO₂e,1991,44.9
Germany,CAIT,Agriculture,All GHG,MtCO₂e,1991,81.36
Germany,CAIT,Waste,All GHG,MtCO₂e,1991,39.66
Germany,CAIT,Land-Use Change and Forestry,All GHG,MtCO₂e,1991,-50.93
Germany,CAIT,Bunker Fuels,All GHG,MtCO₂e,1991,19.33
Germany,CAIT,Electricity/Heat,All GHG,MtCO₂e,1991,409.3
Germany,CAIT,Manufacturing/Construction,All GHG,MtCO₂e,1991,133.61
Germany,CAIT,Transportation,All GHG,MtCO₂e,1991,161.48
Germany,CAIT,Building,All GHG,MtCO₂e,1991,195.2
Germany,CAIT,Other Fuel Combustion,All GHG,MtCO₂e,1991,28.93
Germany,CAIT,Fugitive Emissions,All GHG,MtCO₂e,1991,36.17
Germany,CAIT,Energy,All GHG,MtCO₂e,1990,989.06
Germany,CAIT,Industrial Processes,All GHG,MtCO₂e,1990,46.45
Germany,CAIT,Agriculture,All GHG,MtCO₂e,1990,86.38
Germany,CAIT,Waste,All GHG,MtCO₂e,1990,38.31
Germany,CAIT,Land-Use Change and Forestry,All GHG,MtCO₂e,1990,-50.93
Germany,CAIT,Bunker Fuels,All GHG,MtCO₂e,1990,21.26
Germany,CAIT,Electricity/Heat,All GHG,MtCO₂e,1990,411.76
Germany,CAIT,Manufacturing/Construction,All GHG,MtCO₂e,1990,156.15
Germany,CAIT,Transportation,All GHG,MtCO₂e,1990,158.6
Germany,CAIT,Building,All GHG,MtCO₂e,1990,197.26
Germany,CAIT,Other Fuel Combustion,All GHG,MtCO₂e,1990,29.29
Germany,CAIT,Fugitive Emissions,All GHG,MtCO₂e,1990,35.99
