﻿Country,Year,GDP Value,Type of GDP
Germany,1990,20249.138,"GDP per capita, current prices (U.S. dollars per capita)"
Germany,1991,23453.063,"GDP per capita, current prices (U.S. dollars per capita)"
Germany,1992,26538.043,"GDP per capita, current prices (U.S. dollars per capita)"
Germany,1993,25602.961,"GDP per capita, current prices (U.S. dollars per capita)"
Germany,1994,27233.633,"GDP per capita, current prices (U.S. dollars per capita)"
Germany,1995,31829.61,"GDP per capita, current prices (U.S. dollars per capita)"
Germany,1996,30664.393,"GDP per capita, current prices (U.S. dollars per capita)"
Germany,1997,27170.747,"GDP per capita, current prices (U.S. dollars per capita)"
Germany,1998,27528.158,"GDP per capita, current prices (U.S. dollars per capita)"
Germany,1999,26984.243,"GDP per capita, current prices (U.S. dollars per capita)"
Germany,2000,23924.876,"GDP per capita, current prices (U.S. dollars per capita)"
Germany,2001,23869.773,"GDP per capita, current prices (U.S. dollars per capita)"
Germany,2002,25460.334,"GDP per capita, current prices (U.S. dollars per capita)"
Germany,2003,30668.849,"GDP per capita, current prices (U.S. dollars per capita)"
Germany,2004,34534.814,"GDP per capita, current prices (U.S. dollars per capita)"
Germany,2005,35020.197,"GDP per capita, current prices (U.S. dollars per capita)"
Germany,2006,36894.468,"GDP per capita, current prices (U.S. dollars per capita)"
Germany,2007,42299.862,"GDP per capita, current prices (U.S. dollars per capita)"
Germany,2008,46367.859,"GDP per capita, current prices (U.S. dollars per capita)"
Germany,2009,42338.844,"GDP per capita, current prices (U.S. dollars per capita)"
Germany,2010,42379.71,"GDP per capita, current prices (U.S. dollars per capita)"
Germany,2011,46697.376,"GDP per capita, current prices (U.S. dollars per capita)"
Germany,2012,43883.393,"GDP per capita, current prices (U.S. dollars per capita)"
Germany,2013,46299.371,"GDP per capita, current prices (U.S. dollars per capita)"
Germany,2014,48035.802,"GDP per capita, current prices (U.S. dollars per capita)"
Germany,2015,41107.222,"GDP per capita, current prices (U.S. dollars per capita)"
Germany,2016,42124.452,"GDP per capita, current prices (U.S. dollars per capita)"
Germany,2017,44636.698,"GDP per capita, current prices (U.S. dollars per capita)"
Germany,2018,47995.381,"GDP per capita, current prices (U.S. dollars per capita)"
Germany,2019,46800.183,"GDP per capita, current prices (U.S. dollars per capita)"
Germany,2020,46215.596,"GDP per capita, current prices (U.S. dollars per capita)"
Germany,2021,50787.859,"GDP per capita, current prices (U.S. dollars per capita)"
Germany,2022,54653.004,"GDP per capita, current prices (U.S. dollars per capita)"
Germany,2023,57208.886,"GDP per capita, current prices (U.S. dollars per capita)"
Germany,2024,59728.202,"GDP per capita, current prices (U.S. dollars per capita)"
Germany,2025,62235.56,"GDP per capita, current prices (U.S. dollars per capita)"
Germany,2026,64800.87,"GDP per capita, current prices (U.S. dollars per capita)"
