﻿Country,Data source,Sector,Gas,Unit,Year,Gas Emitted
India,CAIT,Energy,All GHG,MtCO₂e,2018,2424.58
India,CAIT,Industrial Processes,All GHG,MtCO₂e,2018,148.54
India,CAIT,Agriculture,All GHG,MtCO₂e,2018,718.7
India,CAIT,Waste,All GHG,MtCO₂e,2018,83.17
India,CAIT,Land-Use Change and Forestry,All GHG,MtCO₂e,2018,-28.36
India,CAIT,Bunker Fuels,All GHG,MtCO₂e,2018,18.53
India,CAIT,Electricity/Heat,All GHG,MtCO₂e,2018,1241.34
India,CAIT,Manufacturing/Construction,All GHG,MtCO₂e,2018,571.38
India,CAIT,Transportation,All GHG,MtCO₂e,2018,305.33
India,CAIT,Building,All GHG,MtCO₂e,2018,118.84
India,CAIT,Other Fuel Combustion,All GHG,MtCO₂e,2018,133.28
India,CAIT,Fugitive Emissions,All GHG,MtCO₂e,2018,54.41
India,CAIT,Energy,All GHG,MtCO₂e,2017,2307.82
India,CAIT,Industrial Processes,All GHG,MtCO₂e,2017,130.52
India,CAIT,Agriculture,All GHG,MtCO₂e,2017,709.5
India,CAIT,Waste,All GHG,MtCO₂e,2017,82.07
India,CAIT,Land-Use Change and Forestry,All GHG,MtCO₂e,2017,-27.1
India,CAIT,Bunker Fuels,All GHG,MtCO₂e,2017,17.11
India,CAIT,Electricity/Heat,All GHG,MtCO₂e,2017,1157.77
India,CAIT,Manufacturing/Construction,All GHG,MtCO₂e,2017,558.99
India,CAIT,Transportation,All GHG,MtCO₂e,2017,291.23
India,CAIT,Building,All GHG,MtCO₂e,2017,113.75
India,CAIT,Other Fuel Combustion,All GHG,MtCO₂e,2017,131.14
India,CAIT,Fugitive Emissions,All GHG,MtCO₂e,2017,54.94
India,CAIT,Energy,All GHG,MtCO₂e,2016,2187.89
India,CAIT,Industrial Processes,All GHG,MtCO₂e,2016,130.61
India,CAIT,Agriculture,All GHG,MtCO₂e,2016,703.63
India,CAIT,Waste,All GHG,MtCO₂e,2016,80.98
India,CAIT,Land-Use Change and Forestry,All GHG,MtCO₂e,2016,-29.86
India,CAIT,Bunker Fuels,All GHG,MtCO₂e,2016,16.37
India,CAIT,Electricity/Heat,All GHG,MtCO₂e,2016,1097.81
India,CAIT,Manufacturing/Construction,All GHG,MtCO₂e,2016,525.1
India,CAIT,Transportation,All GHG,MtCO₂e,2016,269.4
India,CAIT,Building,All GHG,MtCO₂e,2016,111.86
India,CAIT,Other Fuel Combustion,All GHG,MtCO₂e,2016,128.45
India,CAIT,Fugitive Emissions,All GHG,MtCO₂e,2016,55.28
India,CAIT,Energy,All GHG,MtCO₂e,2015,2153.56
India,CAIT,Industrial Processes,All GHG,MtCO₂e,2015,130.19
India,CAIT,Agriculture,All GHG,MtCO₂e,2015,700.01
India,CAIT,Waste,All GHG,MtCO₂e,2015,79.89
India,CAIT,Land-Use Change and Forestry,All GHG,MtCO₂e,2015,-61.48
India,CAIT,Bunker Fuels,All GHG,MtCO₂e,2015,15.24
India,CAIT,Electricity/Heat,All GHG,MtCO₂e,2015,1103.23
India,CAIT,Manufacturing/Construction,All GHG,MtCO₂e,2015,503.78
India,CAIT,Transportation,All GHG,MtCO₂e,2015,257.75
India,CAIT,Building,All GHG,MtCO₂e,2015,107.82
India,CAIT,Other Fuel Combustion,All GHG,MtCO₂e,2015,125.72
India,CAIT,Fugitive Emissions,All GHG,MtCO₂e,2015,55.26
India,CAIT,Energy,All GHG,MtCO₂e,2014,2144.78
India,CAIT,Industrial Processes,All GHG,MtCO₂e,2014,125.52
India,CAIT,Agriculture,All GHG,MtCO₂e,2014,699.71
India,CAIT,Waste,All GHG,MtCO₂e,2014,78.78
India,CAIT,Land-Use Change and Forestry,All GHG,MtCO₂e,2014,-60.44
India,CAIT,Bunker Fuels,All GHG,MtCO₂e,2014,14.29
India,CAIT,Electricity/Heat,All GHG,MtCO₂e,2014,1123.44
India,CAIT,Manufacturing/Construction,All GHG,MtCO₂e,2014,500.41
India,CAIT,Transportation,All GHG,MtCO₂e,2014,235.75
India,CAIT,Building,All GHG,MtCO₂e,2014,103.75
India,CAIT,Other Fuel Combustion,All GHG,MtCO₂e,2014,125.33
India,CAIT,Fugitive Emissions,All GHG,MtCO₂e,2014,56.11
India,CAIT,Energy,All GHG,MtCO₂e,2013,1979.19
India,CAIT,Industrial Processes,All GHG,MtCO₂e,2013,120.95
India,CAIT,Agriculture,All GHG,MtCO₂e,2013,698.17
India,CAIT,Waste,All GHG,MtCO₂e,2013,77.67
India,CAIT,Land-Use Change and Forestry,All GHG,MtCO₂e,2013,-59.5
India,CAIT,Bunker Fuels,All GHG,MtCO₂e,2013,13.87
India,CAIT,Electricity/Heat,All GHG,MtCO₂e,2013,1006.04
India,CAIT,Manufacturing/Construction,All GHG,MtCO₂e,2013,469.25
India,CAIT,Transportation,All GHG,MtCO₂e,2013,226.26
India,CAIT,Building,All GHG,MtCO₂e,2013,99.59
India,CAIT,Other Fuel Combustion,All GHG,MtCO₂e,2013,120.98
India,CAIT,Fugitive Emissions,All GHG,MtCO₂e,2013,57.07
India,CAIT,Energy,All GHG,MtCO₂e,2012,1924.61
India,CAIT,Industrial Processes,All GHG,MtCO₂e,2012,117.19
India,CAIT,Agriculture,All GHG,MtCO₂e,2012,695.63
India,CAIT,Waste,All GHG,MtCO₂e,2012,76.56
India,CAIT,Land-Use Change and Forestry,All GHG,MtCO₂e,2012,-55.47
India,CAIT,Bunker Fuels,All GHG,MtCO₂e,2012,13.51
India,CAIT,Electricity/Heat,All GHG,MtCO₂e,2012,989.12
India,CAIT,Manufacturing/Construction,All GHG,MtCO₂e,2012,431.78
India,CAIT,Transportation,All GHG,MtCO₂e,2012,221.52
India,CAIT,Building,All GHG,MtCO₂e,2012,97.46
India,CAIT,Other Fuel Combustion,All GHG,MtCO₂e,2012,126.4
India,CAIT,Fugitive Emissions,All GHG,MtCO₂e,2012,58.35
India,CAIT,Energy,All GHG,MtCO₂e,2011,1782.53
India,CAIT,Industrial Processes,All GHG,MtCO₂e,2011,111.41
India,CAIT,Agriculture,All GHG,MtCO₂e,2011,701.81
India,CAIT,Waste,All GHG,MtCO₂e,2011,75.45
India,CAIT,Land-Use Change and Forestry,All GHG,MtCO₂e,2011,-60.88
India,CAIT,Bunker Fuels,All GHG,MtCO₂e,2011,14.4
India,CAIT,Electricity/Heat,All GHG,MtCO₂e,2011,860.23
India,CAIT,Manufacturing/Construction,All GHG,MtCO₂e,2011,443.4
India,CAIT,Transportation,All GHG,MtCO₂e,2011,209.3
India,CAIT,Building,All GHG,MtCO₂e,2011,96.72
India,CAIT,Other Fuel Combustion,All GHG,MtCO₂e,2011,113.84
India,CAIT,Fugitive Emissions,All GHG,MtCO₂e,2011,59.04
India,CAIT,Energy,All GHG,MtCO₂e,2010,1692.93
India,CAIT,Industrial Processes,All GHG,MtCO₂e,2010,105.42
India,CAIT,Agriculture,All GHG,MtCO₂e,2010,691.44
India,CAIT,Waste,All GHG,MtCO₂e,2010,74.34
India,CAIT,Land-Use Change and Forestry,All GHG,MtCO₂e,2010,12.8
India,CAIT,Bunker Fuels,All GHG,MtCO₂e,2010,13.97
India,CAIT,Electricity/Heat,All GHG,MtCO₂e,2010,819.68
India,CAIT,Manufacturing/Construction,All GHG,MtCO₂e,2010,398.01
India,CAIT,Transportation,All GHG,MtCO₂e,2010,192.92
India,CAIT,Building,All GHG,MtCO₂e,2010,92.71
India,CAIT,Other Fuel Combustion,All GHG,MtCO₂e,2010,129.54
India,CAIT,Fugitive Emissions,All GHG,MtCO₂e,2010,60.05
India,CAIT,Energy,All GHG,MtCO₂e,2009,1599.57
India,CAIT,Industrial Processes,All GHG,MtCO₂e,2009,98.63
India,CAIT,Agriculture,All GHG,MtCO₂e,2009,681.39
India,CAIT,Waste,All GHG,MtCO₂e,2009,73.07
India,CAIT,Land-Use Change and Forestry,All GHG,MtCO₂e,2009,15.12
India,CAIT,Bunker Fuels,All GHG,MtCO₂e,2009,13.28
India,CAIT,Electricity/Heat,All GHG,MtCO₂e,2009,789.51
India,CAIT,Manufacturing/Construction,All GHG,MtCO₂e,2009,355.6
India,CAIT,Transportation,All GHG,MtCO₂e,2009,178.71
India,CAIT,Building,All GHG,MtCO₂e,2009,89.57
India,CAIT,Other Fuel Combustion,All GHG,MtCO₂e,2009,128.53
India,CAIT,Fugitive Emissions,All GHG,MtCO₂e,2009,57.66
India,CAIT,Energy,All GHG,MtCO₂e,2008,1464.01
India,CAIT,Industrial Processes,All GHG,MtCO₂e,2008,86.19
India,CAIT,Agriculture,All GHG,MtCO₂e,2008,687.34
India,CAIT,Waste,All GHG,MtCO₂e,2008,71.8
India,CAIT,Land-Use Change and Forestry,All GHG,MtCO₂e,2008,8.14
India,CAIT,Bunker Fuels,All GHG,MtCO₂e,2008,12.51
India,CAIT,Electricity/Heat,All GHG,MtCO₂e,2008,721.88
India,CAIT,Manufacturing/Construction,All GHG,MtCO₂e,2008,308.18
India,CAIT,Transportation,All GHG,MtCO₂e,2008,163.21
India,CAIT,Building,All GHG,MtCO₂e,2008,85.39
India,CAIT,Other Fuel Combustion,All GHG,MtCO₂e,2008,130.34
India,CAIT,Fugitive Emissions,All GHG,MtCO₂e,2008,55.0
India,CAIT,Energy,All GHG,MtCO₂e,2007,1377.91
India,CAIT,Industrial Processes,All GHG,MtCO₂e,2007,81.15
India,CAIT,Agriculture,All GHG,MtCO₂e,2007,679.66
India,CAIT,Waste,All GHG,MtCO₂e,2007,70.53
India,CAIT,Land-Use Change and Forestry,All GHG,MtCO₂e,2007,10.38
India,CAIT,Bunker Fuels,All GHG,MtCO₂e,2007,12.75
India,CAIT,Electricity/Heat,All GHG,MtCO₂e,2007,701.16
India,CAIT,Manufacturing/Construction,All GHG,MtCO₂e,2007,294.8
India,CAIT,Transportation,All GHG,MtCO₂e,2007,142.98
India,CAIT,Building,All GHG,MtCO₂e,2007,83.34
India,CAIT,Other Fuel Combustion,All GHG,MtCO₂e,2007,103.07
India,CAIT,Fugitive Emissions,All GHG,MtCO₂e,2007,52.56
India,CAIT,Energy,All GHG,MtCO₂e,2006,1257.45
India,CAIT,Industrial Processes,All GHG,MtCO₂e,2006,76.4
India,CAIT,Agriculture,All GHG,MtCO₂e,2006,662.47
India,CAIT,Waste,All GHG,MtCO₂e,2006,69.25
India,CAIT,Land-Use Change and Forestry,All GHG,MtCO₂e,2006,8.1
India,CAIT,Bunker Fuels,All GHG,MtCO₂e,2006,11.29
India,CAIT,Electricity/Heat,All GHG,MtCO₂e,2006,638.85
India,CAIT,Manufacturing/Construction,All GHG,MtCO₂e,2006,260.24
India,CAIT,Transportation,All GHG,MtCO₂e,2006,120.65
India,CAIT,Building,All GHG,MtCO₂e,2006,81.35
India,CAIT,Other Fuel Combustion,All GHG,MtCO₂e,2006,106.26
India,CAIT,Fugitive Emissions,All GHG,MtCO₂e,2006,50.11
India,CAIT,Energy,All GHG,MtCO₂e,2005,1181.44
India,CAIT,Industrial Processes,All GHG,MtCO₂e,2005,72.54
India,CAIT,Agriculture,All GHG,MtCO₂e,2005,647.72
India,CAIT,Waste,All GHG,MtCO₂e,2005,67.98
India,CAIT,Land-Use Change and Forestry,All GHG,MtCO₂e,2005,8.08
India,CAIT,Bunker Fuels,All GHG,MtCO₂e,2005,9.71
India,CAIT,Electricity/Heat,All GHG,MtCO₂e,2005,599.57
India,CAIT,Manufacturing/Construction,All GHG,MtCO₂e,2005,232.62
India,CAIT,Transportation,All GHG,MtCO₂e,2005,115.4
India,CAIT,Building,All GHG,MtCO₂e,2005,79.92
India,CAIT,Other Fuel Combustion,All GHG,MtCO₂e,2005,105.99
India,CAIT,Fugitive Emissions,All GHG,MtCO₂e,2005,47.94
India,CAIT,Energy,All GHG,MtCO₂e,2004,1131.13
India,CAIT,Industrial Processes,All GHG,MtCO₂e,2004,68.61
India,CAIT,Agriculture,All GHG,MtCO₂e,2004,628.33
India,CAIT,Waste,All GHG,MtCO₂e,2004,66.71
India,CAIT,Land-Use Change and Forestry,All GHG,MtCO₂e,2004,10.35
India,CAIT,Bunker Fuels,All GHG,MtCO₂e,2004,9.07
India,CAIT,Electricity/Heat,All GHG,MtCO₂e,2004,584.73
India,CAIT,Manufacturing/Construction,All GHG,MtCO₂e,2004,208.25
India,CAIT,Transportation,All GHG,MtCO₂e,2004,108.05
India,CAIT,Building,All GHG,MtCO₂e,2004,79.04
India,CAIT,Other Fuel Combustion,All GHG,MtCO₂e,2004,105.51
India,CAIT,Fugitive Emissions,All GHG,MtCO₂e,2004,45.55
India,CAIT,Energy,All GHG,MtCO₂e,2003,1058.67
India,CAIT,Industrial Processes,All GHG,MtCO₂e,2003,66.1
India,CAIT,Agriculture,All GHG,MtCO₂e,2003,618.71
India,CAIT,Waste,All GHG,MtCO₂e,2003,65.44
India,CAIT,Land-Use Change and Forestry,All GHG,MtCO₂e,2003,8.51
India,CAIT,Bunker Fuels,All GHG,MtCO₂e,2003,8.09
India,CAIT,Electricity/Heat,All GHG,MtCO₂e,2003,536.41
India,CAIT,Manufacturing/Construction,All GHG,MtCO₂e,2003,198.43
India,CAIT,Transportation,All GHG,MtCO₂e,2003,99.53
India,CAIT,Building,All GHG,MtCO₂e,2003,76.71
India,CAIT,Other Fuel Combustion,All GHG,MtCO₂e,2003,104.05
India,CAIT,Fugitive Emissions,All GHG,MtCO₂e,2003,43.54
India,CAIT,Energy,All GHG,MtCO₂e,2002,1029.63
India,CAIT,Industrial Processes,All GHG,MtCO₂e,2002,63.09
India,CAIT,Agriculture,All GHG,MtCO₂e,2002,607.05
India,CAIT,Waste,All GHG,MtCO₂e,2002,64.17
India,CAIT,Land-Use Change and Forestry,All GHG,MtCO₂e,2002,5.85
India,CAIT,Bunker Fuels,All GHG,MtCO₂e,2002,7.4
India,CAIT,Electricity/Heat,All GHG,MtCO₂e,2002,513.58
India,CAIT,Manufacturing/Construction,All GHG,MtCO₂e,2002,207.67
India,CAIT,Transportation,All GHG,MtCO₂e,2002,97.74
India,CAIT,Building,All GHG,MtCO₂e,2002,74.62
India,CAIT,Other Fuel Combustion,All GHG,MtCO₂e,2002,95.96
India,CAIT,Fugitive Emissions,All GHG,MtCO₂e,2002,40.06
India,CAIT,Energy,All GHG,MtCO₂e,2001,996.17
India,CAIT,Industrial Processes,All GHG,MtCO₂e,2001,59.21
India,CAIT,Agriculture,All GHG,MtCO₂e,2001,623.04
India,CAIT,Waste,All GHG,MtCO₂e,2001,62.89
India,CAIT,Land-Use Change and Forestry,All GHG,MtCO₂e,2001,6.17
India,CAIT,Bunker Fuels,All GHG,MtCO₂e,2001,7.29
India,CAIT,Electricity/Heat,All GHG,MtCO₂e,2001,505.36
India,CAIT,Manufacturing/Construction,All GHG,MtCO₂e,2001,193.98
India,CAIT,Transportation,All GHG,MtCO₂e,2001,94.92
India,CAIT,Building,All GHG,MtCO₂e,2001,71.32
India,CAIT,Other Fuel Combustion,All GHG,MtCO₂e,2001,92.97
India,CAIT,Fugitive Emissions,All GHG,MtCO₂e,2001,37.62
India,CAIT,Energy,All GHG,MtCO₂e,2000,980.51
India,CAIT,Industrial Processes,All GHG,MtCO₂e,2000,57.49
India,CAIT,Agriculture,All GHG,MtCO₂e,2000,617.94
India,CAIT,Waste,All GHG,MtCO₂e,2000,61.62
India,CAIT,Land-Use Change and Forestry,All GHG,MtCO₂e,2000,-219.36
India,CAIT,Bunker Fuels,All GHG,MtCO₂e,2000,7.22
India,CAIT,Electricity/Heat,All GHG,MtCO₂e,2000,491.24
India,CAIT,Manufacturing/Construction,All GHG,MtCO₂e,2000,192.28
India,CAIT,Transportation,All GHG,MtCO₂e,2000,95.09
India,CAIT,Building,All GHG,MtCO₂e,2000,72.68
India,CAIT,Other Fuel Combustion,All GHG,MtCO₂e,2000,91.04
India,CAIT,Fugitive Emissions,All GHG,MtCO₂e,2000,38.18
India,CAIT,Energy,All GHG,MtCO₂e,1999,943.51
India,CAIT,Industrial Processes,All GHG,MtCO₂e,1999,55.6
India,CAIT,Agriculture,All GHG,MtCO₂e,1999,623.28
India,CAIT,Waste,All GHG,MtCO₂e,1999,55.88
India,CAIT,Land-Use Change and Forestry,All GHG,MtCO₂e,1999,-218.03
India,CAIT,Bunker Fuels,All GHG,MtCO₂e,1999,7.03
India,CAIT,Electricity/Heat,All GHG,MtCO₂e,1999,459.65
India,CAIT,Manufacturing/Construction,All GHG,MtCO₂e,1999,187.8
India,CAIT,Transportation,All GHG,MtCO₂e,1999,93.31
India,CAIT,Building,All GHG,MtCO₂e,1999,73.44
India,CAIT,Other Fuel Combustion,All GHG,MtCO₂e,1999,91.55
India,CAIT,Fugitive Emissions,All GHG,MtCO₂e,1999,37.76
India,CAIT,Energy,All GHG,MtCO₂e,1998,882.18
India,CAIT,Industrial Processes,All GHG,MtCO₂e,1998,49.88
India,CAIT,Agriculture,All GHG,MtCO₂e,1998,619.68
India,CAIT,Waste,All GHG,MtCO₂e,1998,50.14
India,CAIT,Land-Use Change and Forestry,All GHG,MtCO₂e,1998,-219.62
India,CAIT,Bunker Fuels,All GHG,MtCO₂e,1998,6.68
India,CAIT,Electricity/Heat,All GHG,MtCO₂e,1998,418.14
India,CAIT,Manufacturing/Construction,All GHG,MtCO₂e,1998,182.58
India,CAIT,Transportation,All GHG,MtCO₂e,1998,88.78
India,CAIT,Building,All GHG,MtCO₂e,1998,70.4
India,CAIT,Other Fuel Combustion,All GHG,MtCO₂e,1998,84.94
India,CAIT,Fugitive Emissions,All GHG,MtCO₂e,1998,37.34
India,CAIT,Energy,All GHG,MtCO₂e,1997,864.55
India,CAIT,Industrial Processes,All GHG,MtCO₂e,1997,46.36
India,CAIT,Agriculture,All GHG,MtCO₂e,1997,612.43
India,CAIT,Waste,All GHG,MtCO₂e,1997,44.39
India,CAIT,Land-Use Change and Forestry,All GHG,MtCO₂e,1997,-219.65
India,CAIT,Bunker Fuels,All GHG,MtCO₂e,1997,6.57
India,CAIT,Electricity/Heat,All GHG,MtCO₂e,1997,402.1
India,CAIT,Manufacturing/Construction,All GHG,MtCO₂e,1997,173.13
India,CAIT,Transportation,All GHG,MtCO₂e,1997,85.8
India,CAIT,Building,All GHG,MtCO₂e,1997,72.9
India,CAIT,Other Fuel Combustion,All GHG,MtCO₂e,1997,93.64
India,CAIT,Fugitive Emissions,All GHG,MtCO₂e,1997,36.97
India,CAIT,Energy,All GHG,MtCO₂e,1996,821.42
India,CAIT,Industrial Processes,All GHG,MtCO₂e,1996,41.94
India,CAIT,Agriculture,All GHG,MtCO₂e,1996,607.06
India,CAIT,Waste,All GHG,MtCO₂e,1996,38.65
India,CAIT,Land-Use Change and Forestry,All GHG,MtCO₂e,1996,-219.43
India,CAIT,Bunker Fuels,All GHG,MtCO₂e,1996,6.63
India,CAIT,Electricity/Heat,All GHG,MtCO₂e,1996,388.14
India,CAIT,Manufacturing/Construction,All GHG,MtCO₂e,1996,156.92
India,CAIT,Transportation,All GHG,MtCO₂e,1996,83.8
India,CAIT,Building,All GHG,MtCO₂e,1996,67.27
India,CAIT,Other Fuel Combustion,All GHG,MtCO₂e,1996,88.8
India,CAIT,Fugitive Emissions,All GHG,MtCO₂e,1996,36.49
India,CAIT,Energy,All GHG,MtCO₂e,1995,787.19
India,CAIT,Industrial Processes,All GHG,MtCO₂e,1995,37.75
India,CAIT,Agriculture,All GHG,MtCO₂e,1995,599.54
India,CAIT,Waste,All GHG,MtCO₂e,1995,32.9
India,CAIT,Land-Use Change and Forestry,All GHG,MtCO₂e,1995,-216.95
India,CAIT,Bunker Fuels,All GHG,MtCO₂e,1995,6.36
India,CAIT,Electricity/Heat,All GHG,MtCO₂e,1995,364.89
India,CAIT,Manufacturing/Construction,All GHG,MtCO₂e,1995,156.7
India,CAIT,Transportation,All GHG,MtCO₂e,1995,78.29
India,CAIT,Building,All GHG,MtCO₂e,1995,65.38
India,CAIT,Other Fuel Combustion,All GHG,MtCO₂e,1995,84.92
India,CAIT,Fugitive Emissions,All GHG,MtCO₂e,1995,37.0
India,CAIT,Energy,All GHG,MtCO₂e,1994,735.21
India,CAIT,Industrial Processes,All GHG,MtCO₂e,1994,34.29
India,CAIT,Agriculture,All GHG,MtCO₂e,1994,595.12
India,CAIT,Waste,All GHG,MtCO₂e,1994,27.16
India,CAIT,Land-Use Change and Forestry,All GHG,MtCO₂e,1994,-216.99
India,CAIT,Bunker Fuels,All GHG,MtCO₂e,1994,5.84
India,CAIT,Electricity/Heat,All GHG,MtCO₂e,1994,319.86
India,CAIT,Manufacturing/Construction,All GHG,MtCO₂e,1994,164.34
India,CAIT,Transportation,All GHG,MtCO₂e,1994,70.81
India,CAIT,Building,All GHG,MtCO₂e,1994,63.49
India,CAIT,Other Fuel Combustion,All GHG,MtCO₂e,1994,81.45
India,CAIT,Fugitive Emissions,All GHG,MtCO₂e,1994,35.27
India,CAIT,Energy,All GHG,MtCO₂e,1993,699.92
India,CAIT,Industrial Processes,All GHG,MtCO₂e,1993,31.9
India,CAIT,Agriculture,All GHG,MtCO₂e,1993,587.12
India,CAIT,Waste,All GHG,MtCO₂e,1993,26.5
India,CAIT,Land-Use Change and Forestry,All GHG,MtCO₂e,1993,-217.0
India,CAIT,Bunker Fuels,All GHG,MtCO₂e,1993,5.4
India,CAIT,Electricity/Heat,All GHG,MtCO₂e,1993,306.8
India,CAIT,Manufacturing/Construction,All GHG,MtCO₂e,1993,154.53
India,CAIT,Transportation,All GHG,MtCO₂e,1993,68.55
India,CAIT,Building,All GHG,MtCO₂e,1993,58.88
India,CAIT,Other Fuel Combustion,All GHG,MtCO₂e,1993,76.09
India,CAIT,Fugitive Emissions,All GHG,MtCO₂e,1993,35.06
India,CAIT,Energy,All GHG,MtCO₂e,1992,677.4
India,CAIT,Industrial Processes,All GHG,MtCO₂e,1992,30.06
India,CAIT,Agriculture,All GHG,MtCO₂e,1992,580.41
India,CAIT,Waste,All GHG,MtCO₂e,1992,25.85
India,CAIT,Land-Use Change and Forestry,All GHG,MtCO₂e,1992,-217.0
India,CAIT,Bunker Fuels,All GHG,MtCO₂e,1992,4.95
India,CAIT,Electricity/Heat,All GHG,MtCO₂e,1992,278.57
India,CAIT,Manufacturing/Construction,All GHG,MtCO₂e,1992,156.66
India,CAIT,Transportation,All GHG,MtCO₂e,1992,68.55
India,CAIT,Building,All GHG,MtCO₂e,1992,58.56
India,CAIT,Other Fuel Combustion,All GHG,MtCO₂e,1992,76.44
India,CAIT,Fugitive Emissions,All GHG,MtCO₂e,1992,38.63
India,CAIT,Energy,All GHG,MtCO₂e,1991,653.39
India,CAIT,Industrial Processes,All GHG,MtCO₂e,1991,29.0
India,CAIT,Agriculture,All GHG,MtCO₂e,1991,573.91
India,CAIT,Waste,All GHG,MtCO₂e,1991,25.19
India,CAIT,Land-Use Change and Forestry,All GHG,MtCO₂e,1991,-217.0
India,CAIT,Bunker Fuels,All GHG,MtCO₂e,1991,4.87
India,CAIT,Electricity/Heat,All GHG,MtCO₂e,1991,258.97
India,CAIT,Manufacturing/Construction,All GHG,MtCO₂e,1991,153.2
India,CAIT,Transportation,All GHG,MtCO₂e,1991,66.93
India,CAIT,Building,All GHG,MtCO₂e,1991,59.28
India,CAIT,Other Fuel Combustion,All GHG,MtCO₂e,1991,75.93
India,CAIT,Fugitive Emissions,All GHG,MtCO₂e,1991,39.08
India,CAIT,Energy,All GHG,MtCO₂e,1990,608.93
India,CAIT,Industrial Processes,All GHG,MtCO₂e,1990,26.45
India,CAIT,Agriculture,All GHG,MtCO₂e,1990,566.53
India,CAIT,Waste,All GHG,MtCO₂e,1990,24.54
India,CAIT,Land-Use Change and Forestry,All GHG,MtCO₂e,1990,-217.0
India,CAIT,Bunker Fuels,All GHG,MtCO₂e,1990,5.12
India,CAIT,Electricity/Heat,All GHG,MtCO₂e,1990,231.92
India,CAIT,Manufacturing/Construction,All GHG,MtCO₂e,1990,149.11
India,CAIT,Transportation,All GHG,MtCO₂e,1990,64.39
India,CAIT,Building,All GHG,MtCO₂e,1990,56.41
India,CAIT,Other Fuel Combustion,All GHG,MtCO₂e,1990,70.59
India,CAIT,Fugitive Emissions,All GHG,MtCO₂e,1990,36.52
