﻿Country,Year,GDP Value,Type of GDP
India,1990,374.002,"GDP per capita, current prices (U.S. dollars per capita)"
India,1991,308.37,"GDP per capita, current prices (U.S. dollars per capita)"
India,1992,322.512,"GDP per capita, current prices (U.S. dollars per capita)"
India,1993,306.44,"GDP per capita, current prices (U.S. dollars per capita)"
India,1994,352.172,"GDP per capita, current prices (U.S. dollars per capita)"
India,1995,380.321,"GDP per capita, current prices (U.S. dollars per capita)"
India,1996,406.968,"GDP per capita, current prices (U.S. dollars per capita)"
India,1997,422.809,"GDP per capita, current prices (U.S. dollars per capita)"
India,1998,420.573,"GDP per capita, current prices (U.S. dollars per capita)"
India,1999,449.725,"GDP per capita, current prices (U.S. dollars per capita)"
India,2000,451.114,"GDP per capita, current prices (U.S. dollars per capita)"
India,2001,459.473,"GDP per capita, current prices (U.S. dollars per capita)"
India,2002,479.063,"GDP per capita, current prices (U.S. dollars per capita)"
India,2003,556.326,"GDP per capita, current prices (U.S. dollars per capita)"
India,2004,638.787,"GDP per capita, current prices (U.S. dollars per capita)"
India,2005,726.918,"GDP per capita, current prices (U.S. dollars per capita)"
India,2006,814.353,"GDP per capita, current prices (U.S. dollars per capita)"
India,2007,1046.898,"GDP per capita, current prices (U.S. dollars per capita)"
India,2008,1019.511,"GDP per capita, current prices (U.S. dollars per capita)"
India,2009,1121.248,"GDP per capita, current prices (U.S. dollars per capita)"
India,2010,1384.174,"GDP per capita, current prices (U.S. dollars per capita)"
India,2011,1458.105,"GDP per capita, current prices (U.S. dollars per capita)"
India,2012,1443.879,"GDP per capita, current prices (U.S. dollars per capita)"
India,2013,1449.605,"GDP per capita, current prices (U.S. dollars per capita)"
India,2014,1573.881,"GDP per capita, current prices (U.S. dollars per capita)"
India,2015,1605.605,"GDP per capita, current prices (U.S. dollars per capita)"
India,2016,1732.051,"GDP per capita, current prices (U.S. dollars per capita)"
India,2017,1980.694,"GDP per capita, current prices (U.S. dollars per capita)"
India,2018,1996.952,"GDP per capita, current prices (U.S. dollars per capita)"
India,2019,2098.933,"GDP per capita, current prices (U.S. dollars per capita)"
India,2020,1929.677,"GDP per capita, current prices (U.S. dollars per capita)"
India,2021,2116.444,"GDP per capita, current prices (U.S. dollars per capita)"
India,2022,2312.901,"GDP per capita, current prices (U.S. dollars per capita)"
India,2023,2478.616,"GDP per capita, current prices (U.S. dollars per capita)"
India,2024,2649.211,"GDP per capita, current prices (U.S. dollars per capita)"
India,2025,2829.645,"GDP per capita, current prices (U.S. dollars per capita)"
India,2026,3018.1,"GDP per capita, current prices (U.S. dollars per capita)"
