﻿Country,Data source,Sector,Gas,Unit,Year,Gas Emitted
India,CAIT,Energy,All GHG,MtCO₂e,2018,2424.58
India,CAIT,Agriculture,All GHG,MtCO₂e,2018,718.7
India,CAIT,Electricity/Heat,All GHG,MtCO₂e,2018,1241.34
India,CAIT,Manufacturing/Construction,All GHG,MtCO₂e,2018,571.38
India,CAIT,Transportation,All GHG,MtCO₂e,2018,305.33
India,CAIT,Energy,All GHG,MtCO₂e,2017,2307.82
India,CAIT,Agriculture,All GHG,MtCO₂e,2017,709.5
India,CAIT,Electricity/Heat,All GHG,MtCO₂e,2017,1157.77
India,CAIT,Manufacturing/Construction,All GHG,MtCO₂e,2017,558.99
India,CAIT,Transportation,All GHG,MtCO₂e,2017,291.23
India,CAIT,Energy,All GHG,MtCO₂e,2016,2187.89
India,CAIT,Agriculture,All GHG,MtCO₂e,2016,703.63
India,CAIT,Electricity/Heat,All GHG,MtCO₂e,2016,1097.81
India,CAIT,Manufacturing/Construction,All GHG,MtCO₂e,2016,525.1
India,CAIT,Transportation,All GHG,MtCO₂e,2016,269.4
India,CAIT,Energy,All GHG,MtCO₂e,2015,2153.56
India,CAIT,Agriculture,All GHG,MtCO₂e,2015,700.01
India,CAIT,Electricity/Heat,All GHG,MtCO₂e,2015,1103.23
India,CAIT,Manufacturing/Construction,All GHG,MtCO₂e,2015,503.78
India,CAIT,Transportation,All GHG,MtCO₂e,2015,257.75
India,CAIT,Energy,All GHG,MtCO₂e,2014,2144.78
India,CAIT,Agriculture,All GHG,MtCO₂e,2014,699.71
India,CAIT,Electricity/Heat,All GHG,MtCO₂e,2014,1123.44
India,CAIT,Manufacturing/Construction,All GHG,MtCO₂e,2014,500.41
India,CAIT,Transportation,All GHG,MtCO₂e,2014,235.75
India,CAIT,Energy,All GHG,MtCO₂e,2013,1979.19
India,CAIT,Agriculture,All GHG,MtCO₂e,2013,698.17
India,CAIT,Electricity/Heat,All GHG,MtCO₂e,2013,1006.04
India,CAIT,Manufacturing/Construction,All GHG,MtCO₂e,2013,469.25
India,CAIT,Transportation,All GHG,MtCO₂e,2013,226.26
India,CAIT,Energy,All GHG,MtCO₂e,2012,1924.61
India,CAIT,Agriculture,All GHG,MtCO₂e,2012,695.63
India,CAIT,Electricity/Heat,All GHG,MtCO₂e,2012,989.12
India,CAIT,Manufacturing/Construction,All GHG,MtCO₂e,2012,431.78
India,CAIT,Transportation,All GHG,MtCO₂e,2012,221.52
India,CAIT,Energy,All GHG,MtCO₂e,2011,1782.53
India,CAIT,Agriculture,All GHG,MtCO₂e,2011,701.81
India,CAIT,Electricity/Heat,All GHG,MtCO₂e,2011,860.23
India,CAIT,Manufacturing/Construction,All GHG,MtCO₂e,2011,443.4
India,CAIT,Transportation,All GHG,MtCO₂e,2011,209.3
India,CAIT,Energy,All GHG,MtCO₂e,2010,1692.93
India,CAIT,Agriculture,All GHG,MtCO₂e,2010,691.44
India,CAIT,Electricity/Heat,All GHG,MtCO₂e,2010,819.68
India,CAIT,Manufacturing/Construction,All GHG,MtCO₂e,2010,398.01
India,CAIT,Transportation,All GHG,MtCO₂e,2010,192.92
India,CAIT,Energy,All GHG,MtCO₂e,2009,1599.57
India,CAIT,Agriculture,All GHG,MtCO₂e,2009,681.39
India,CAIT,Electricity/Heat,All GHG,MtCO₂e,2009,789.51
India,CAIT,Manufacturing/Construction,All GHG,MtCO₂e,2009,355.6
India,CAIT,Transportation,All GHG,MtCO₂e,2009,178.71
India,CAIT,Energy,All GHG,MtCO₂e,2008,1464.01
India,CAIT,Agriculture,All GHG,MtCO₂e,2008,687.34
India,CAIT,Electricity/Heat,All GHG,MtCO₂e,2008,721.88
India,CAIT,Manufacturing/Construction,All GHG,MtCO₂e,2008,308.18
India,CAIT,Transportation,All GHG,MtCO₂e,2008,163.21
India,CAIT,Energy,All GHG,MtCO₂e,2007,1377.91
India,CAIT,Agriculture,All GHG,MtCO₂e,2007,679.66
India,CAIT,Electricity/Heat,All GHG,MtCO₂e,2007,701.16
India,CAIT,Manufacturing/Construction,All GHG,MtCO₂e,2007,294.8
India,CAIT,Transportation,All GHG,MtCO₂e,2007,142.98
India,CAIT,Energy,All GHG,MtCO₂e,2006,1257.45
India,CAIT,Agriculture,All GHG,MtCO₂e,2006,662.47
India,CAIT,Electricity/Heat,All GHG,MtCO₂e,2006,638.85
India,CAIT,Manufacturing/Construction,All GHG,MtCO₂e,2006,260.24
India,CAIT,Transportation,All GHG,MtCO₂e,2006,120.65
India,CAIT,Energy,All GHG,MtCO₂e,2005,1181.44
India,CAIT,Agriculture,All GHG,MtCO₂e,2005,647.72
India,CAIT,Electricity/Heat,All GHG,MtCO₂e,2005,599.57
India,CAIT,Manufacturing/Construction,All GHG,MtCO₂e,2005,232.62
India,CAIT,Transportation,All GHG,MtCO₂e,2005,115.4
India,CAIT,Energy,All GHG,MtCO₂e,2004,1131.13
India,CAIT,Agriculture,All GHG,MtCO₂e,2004,628.33
India,CAIT,Electricity/Heat,All GHG,MtCO₂e,2004,584.73
India,CAIT,Manufacturing/Construction,All GHG,MtCO₂e,2004,208.25
India,CAIT,Transportation,All GHG,MtCO₂e,2004,108.05
India,CAIT,Energy,All GHG,MtCO₂e,2003,1058.67
India,CAIT,Agriculture,All GHG,MtCO₂e,2003,618.71
India,CAIT,Electricity/Heat,All GHG,MtCO₂e,2003,536.41
India,CAIT,Manufacturing/Construction,All GHG,MtCO₂e,2003,198.43
India,CAIT,Transportation,All GHG,MtCO₂e,2003,99.53
India,CAIT,Energy,All GHG,MtCO₂e,2002,1029.63
India,CAIT,Agriculture,All GHG,MtCO₂e,2002,607.05
India,CAIT,Electricity/Heat,All GHG,MtCO₂e,2002,513.58
India,CAIT,Manufacturing/Construction,All GHG,MtCO₂e,2002,207.67
India,CAIT,Transportation,All GHG,MtCO₂e,2002,97.74
India,CAIT,Energy,All GHG,MtCO₂e,2001,996.17
India,CAIT,Agriculture,All GHG,MtCO₂e,2001,623.04
India,CAIT,Electricity/Heat,All GHG,MtCO₂e,2001,505.36
India,CAIT,Manufacturing/Construction,All GHG,MtCO₂e,2001,193.98
India,CAIT,Transportation,All GHG,MtCO₂e,2001,94.92
India,CAIT,Energy,All GHG,MtCO₂e,2000,980.51
India,CAIT,Agriculture,All GHG,MtCO₂e,2000,617.94
India,CAIT,Electricity/Heat,All GHG,MtCO₂e,2000,491.24
India,CAIT,Manufacturing/Construction,All GHG,MtCO₂e,2000,192.28
India,CAIT,Transportation,All GHG,MtCO₂e,2000,95.09
India,CAIT,Energy,All GHG,MtCO₂e,1999,943.51
India,CAIT,Agriculture,All GHG,MtCO₂e,1999,623.28
India,CAIT,Electricity/Heat,All GHG,MtCO₂e,1999,459.65
India,CAIT,Manufacturing/Construction,All GHG,MtCO₂e,1999,187.8
India,CAIT,Transportation,All GHG,MtCO₂e,1999,93.31
India,CAIT,Energy,All GHG,MtCO₂e,1998,882.18
India,CAIT,Agriculture,All GHG,MtCO₂e,1998,619.68
India,CAIT,Electricity/Heat,All GHG,MtCO₂e,1998,418.14
India,CAIT,Manufacturing/Construction,All GHG,MtCO₂e,1998,182.58
India,CAIT,Transportation,All GHG,MtCO₂e,1998,88.78
India,CAIT,Energy,All GHG,MtCO₂e,1997,864.55
India,CAIT,Agriculture,All GHG,MtCO₂e,1997,612.43
India,CAIT,Electricity/Heat,All GHG,MtCO₂e,1997,402.1
India,CAIT,Manufacturing/Construction,All GHG,MtCO₂e,1997,173.13
India,CAIT,Transportation,All GHG,MtCO₂e,1997,85.8
India,CAIT,Energy,All GHG,MtCO₂e,1996,821.42
India,CAIT,Agriculture,All GHG,MtCO₂e,1996,607.06
India,CAIT,Electricity/Heat,All GHG,MtCO₂e,1996,388.14
India,CAIT,Manufacturing/Construction,All GHG,MtCO₂e,1996,156.92
India,CAIT,Transportation,All GHG,MtCO₂e,1996,83.8
India,CAIT,Energy,All GHG,MtCO₂e,1995,787.19
India,CAIT,Agriculture,All GHG,MtCO₂e,1995,599.54
India,CAIT,Electricity/Heat,All GHG,MtCO₂e,1995,364.89
India,CAIT,Manufacturing/Construction,All GHG,MtCO₂e,1995,156.7
India,CAIT,Transportation,All GHG,MtCO₂e,1995,78.29
India,CAIT,Energy,All GHG,MtCO₂e,1994,735.21
India,CAIT,Agriculture,All GHG,MtCO₂e,1994,595.12
India,CAIT,Electricity/Heat,All GHG,MtCO₂e,1994,319.86
India,CAIT,Manufacturing/Construction,All GHG,MtCO₂e,1994,164.34
India,CAIT,Transportation,All GHG,MtCO₂e,1994,70.81
India,CAIT,Energy,All GHG,MtCO₂e,1993,699.92
India,CAIT,Agriculture,All GHG,MtCO₂e,1993,587.12
India,CAIT,Electricity/Heat,All GHG,MtCO₂e,1993,306.8
India,CAIT,Manufacturing/Construction,All GHG,MtCO₂e,1993,154.53
India,CAIT,Transportation,All GHG,MtCO₂e,1993,68.55
India,CAIT,Energy,All GHG,MtCO₂e,1992,677.4
India,CAIT,Agriculture,All GHG,MtCO₂e,1992,580.41
India,CAIT,Electricity/Heat,All GHG,MtCO₂e,1992,278.57
India,CAIT,Manufacturing/Construction,All GHG,MtCO₂e,1992,156.66
India,CAIT,Transportation,All GHG,MtCO₂e,1992,68.55
India,CAIT,Energy,All GHG,MtCO₂e,1991,653.39
India,CAIT,Agriculture,All GHG,MtCO₂e,1991,573.91
India,CAIT,Electricity/Heat,All GHG,MtCO₂e,1991,258.97
India,CAIT,Manufacturing/Construction,All GHG,MtCO₂e,1991,153.2
India,CAIT,Transportation,All GHG,MtCO₂e,1991,66.93
India,CAIT,Energy,All GHG,MtCO₂e,1990,608.93
India,CAIT,Agriculture,All GHG,MtCO₂e,1990,566.53
India,CAIT,Electricity/Heat,All GHG,MtCO₂e,1990,231.92
India,CAIT,Manufacturing/Construction,All GHG,MtCO₂e,1990,149.11
India,CAIT,Transportation,All GHG,MtCO₂e,1990,64.39
