﻿Country,Year,GDP Value,Type of GDP
Indonesia,1990,770.757,"GDP per capita, current prices (U.S. dollars per capita)"
Indonesia,1991,847.573,"GDP per capita, current prices (U.S. dollars per capita)"
Indonesia,1992,907.767,"GDP per capita, current prices (U.S. dollars per capita)"
Indonesia,1993,1013.057,"GDP per capita, current prices (U.S. dollars per capita)"
Indonesia,1994,1115.613,"GDP per capita, current prices (U.S. dollars per capita)"
Indonesia,1995,1254.023,"GDP per capita, current prices (U.S. dollars per capita)"
Indonesia,1996,1394.497,"GDP per capita, current prices (U.S. dollars per capita)"
Indonesia,1997,1308.114,"GDP per capita, current prices (U.S. dollars per capita)"
Indonesia,1998,572.09,"GDP per capita, current prices (U.S. dollars per capita)"
Indonesia,1999,829.574,"GDP per capita, current prices (U.S. dollars per capita)"
Indonesia,2000,870.154,"GDP per capita, current prices (U.S. dollars per capita)"
Indonesia,2001,834.139,"GDP per capita, current prices (U.S. dollars per capita)"
Indonesia,2002,1002.907,"GDP per capita, current prices (U.S. dollars per capita)"
Indonesia,2003,1186.845,"GDP per capita, current prices (U.S. dollars per capita)"
Indonesia,2004,1280.696,"GDP per capita, current prices (U.S. dollars per capita)"
Indonesia,2005,1403.876,"GDP per capita, current prices (U.S. dollars per capita)"
Indonesia,2006,1764.79,"GDP per capita, current prices (U.S. dollars per capita)"
Indonesia,2007,2064.232,"GDP per capita, current prices (U.S. dollars per capita)"
Indonesia,2008,2418.043,"GDP per capita, current prices (U.S. dollars per capita)"
Indonesia,2009,2464.956,"GDP per capita, current prices (U.S. dollars per capita)"
Indonesia,2010,3178.133,"GDP per capita, current prices (U.S. dollars per capita)"
Indonesia,2011,3688.531,"GDP per capita, current prices (U.S. dollars per capita)"
Indonesia,2012,3744.53,"GDP per capita, current prices (U.S. dollars per capita)"
Indonesia,2013,3684,"GDP per capita, current prices (U.S. dollars per capita)"
Indonesia,2014,3533.606,"GDP per capita, current prices (U.S. dollars per capita)"
Indonesia,2015,3367.691,"GDP per capita, current prices (U.S. dollars per capita)"
Indonesia,2016,3605.721,"GDP per capita, current prices (U.S. dollars per capita)"
Indonesia,2017,3885.465,"GDP per capita, current prices (U.S. dollars per capita)"
Indonesia,2018,3947.248,"GDP per capita, current prices (U.S. dollars per capita)"
Indonesia,2019,4196.297,"GDP per capita, current prices (U.S. dollars per capita)"
Indonesia,2020,3921.622,"GDP per capita, current prices (U.S. dollars per capita)"
Indonesia,2021,4224.982,"GDP per capita, current prices (U.S. dollars per capita)"
Indonesia,2022,4538.152,"GDP per capita, current prices (U.S. dollars per capita)"
Indonesia,2023,4888.899,"GDP per capita, current prices (U.S. dollars per capita)"
Indonesia,2024,5205.482,"GDP per capita, current prices (U.S. dollars per capita)"
Indonesia,2025,5529.556,"GDP per capita, current prices (U.S. dollars per capita)"
Indonesia,2026,5870.631,"GDP per capita, current prices (U.S. dollars per capita)"
