﻿Country,Data source,Sector,Gas,Unit,Year,Gas Emitted
Indonesia,CAIT,Energy,All GHG,MtCO₂e,2018,598.17
Indonesia,CAIT,Industrial Processes,All GHG,MtCO₂e,2018,37.34
Indonesia,CAIT,Agriculture,All GHG,MtCO₂e,2018,200.24
Indonesia,CAIT,Waste,All GHG,MtCO₂e,2018,133.84
Indonesia,CAIT,Land-Use Change and Forestry,All GHG,MtCO₂e,2018,734.28
Indonesia,CAIT,Bunker Fuels,All GHG,MtCO₂e,2018,5.77
Indonesia,CAIT,Electricity/Heat,All GHG,MtCO₂e,2018,243.36
Indonesia,CAIT,Manufacturing/Construction,All GHG,MtCO₂e,2018,114.44
Indonesia,CAIT,Transportation,All GHG,MtCO₂e,2018,154.01
Indonesia,CAIT,Building,All GHG,MtCO₂e,2018,25.12
Indonesia,CAIT,Other Fuel Combustion,All GHG,MtCO₂e,2018,31.31
Indonesia,CAIT,Fugitive Emissions,All GHG,MtCO₂e,2018,29.93
Indonesia,CAIT,Energy,All GHG,MtCO₂e,2017,548.51
Indonesia,CAIT,Industrial Processes,All GHG,MtCO₂e,2017,36.19
Indonesia,CAIT,Agriculture,All GHG,MtCO₂e,2017,196.08
Indonesia,CAIT,Waste,All GHG,MtCO₂e,2017,131.65
Indonesia,CAIT,Land-Use Change and Forestry,All GHG,MtCO₂e,2017,553.63
Indonesia,CAIT,Bunker Fuels,All GHG,MtCO₂e,2017,5.66
Indonesia,CAIT,Electricity/Heat,All GHG,MtCO₂e,2017,218.73
Indonesia,CAIT,Manufacturing/Construction,All GHG,MtCO₂e,2017,99.55
Indonesia,CAIT,Transportation,All GHG,MtCO₂e,2017,141.68
Indonesia,CAIT,Building,All GHG,MtCO₂e,2017,24.97
Indonesia,CAIT,Other Fuel Combustion,All GHG,MtCO₂e,2017,32.65
Indonesia,CAIT,Fugitive Emissions,All GHG,MtCO₂e,2017,30.94
Indonesia,CAIT,Energy,All GHG,MtCO₂e,2016,511.55
Indonesia,CAIT,Industrial Processes,All GHG,MtCO₂e,2016,34.58
Indonesia,CAIT,Agriculture,All GHG,MtCO₂e,2016,190.77
Indonesia,CAIT,Waste,All GHG,MtCO₂e,2016,129.47
Indonesia,CAIT,Land-Use Change and Forestry,All GHG,MtCO₂e,2016,586.87
Indonesia,CAIT,Bunker Fuels,All GHG,MtCO₂e,2016,5.31
Indonesia,CAIT,Electricity/Heat,All GHG,MtCO₂e,2016,206.45
Indonesia,CAIT,Manufacturing/Construction,All GHG,MtCO₂e,2016,84.22
Indonesia,CAIT,Transportation,All GHG,MtCO₂e,2016,133.64
Indonesia,CAIT,Building,All GHG,MtCO₂e,2016,23.1
Indonesia,CAIT,Other Fuel Combustion,All GHG,MtCO₂e,2016,31.29
Indonesia,CAIT,Fugitive Emissions,All GHG,MtCO₂e,2016,32.85
Indonesia,CAIT,Energy,All GHG,MtCO₂e,2015,511.21
Indonesia,CAIT,Industrial Processes,All GHG,MtCO₂e,2015,30.16
Indonesia,CAIT,Agriculture,All GHG,MtCO₂e,2015,183.36
Indonesia,CAIT,Waste,All GHG,MtCO₂e,2015,127.28
Indonesia,CAIT,Land-Use Change and Forestry,All GHG,MtCO₂e,2015,1218.24
Indonesia,CAIT,Bunker Fuels,All GHG,MtCO₂e,2015,4.89
Indonesia,CAIT,Electricity/Heat,All GHG,MtCO₂e,2015,195.51
Indonesia,CAIT,Manufacturing/Construction,All GHG,MtCO₂e,2015,99.98
Indonesia,CAIT,Transportation,All GHG,MtCO₂e,2015,122.57
Indonesia,CAIT,Building,All GHG,MtCO₂e,2015,24.14
Indonesia,CAIT,Other Fuel Combustion,All GHG,MtCO₂e,2015,35.5
Indonesia,CAIT,Fugitive Emissions,All GHG,MtCO₂e,2015,33.5
Indonesia,CAIT,Energy,All GHG,MtCO₂e,2014,509.19
Indonesia,CAIT,Industrial Processes,All GHG,MtCO₂e,2014,31.07
Indonesia,CAIT,Agriculture,All GHG,MtCO₂e,2014,180.06
Indonesia,CAIT,Waste,All GHG,MtCO₂e,2014,124.76
Indonesia,CAIT,Land-Use Change and Forestry,All GHG,MtCO₂e,2014,1171.21
Indonesia,CAIT,Bunker Fuels,All GHG,MtCO₂e,2014,4.79
Indonesia,CAIT,Electricity/Heat,All GHG,MtCO₂e,2014,193.76
Indonesia,CAIT,Manufacturing/Construction,All GHG,MtCO₂e,2014,88.87
Indonesia,CAIT,Transportation,All GHG,MtCO₂e,2014,136.59
Indonesia,CAIT,Building,All GHG,MtCO₂e,2014,23.21
Indonesia,CAIT,Other Fuel Combustion,All GHG,MtCO₂e,2014,33.01
Indonesia,CAIT,Fugitive Emissions,All GHG,MtCO₂e,2014,33.74
Indonesia,CAIT,Energy,All GHG,MtCO₂e,2013,472.62
Indonesia,CAIT,Industrial Processes,All GHG,MtCO₂e,2013,30.32
Indonesia,CAIT,Agriculture,All GHG,MtCO₂e,2013,173.88
Indonesia,CAIT,Waste,All GHG,MtCO₂e,2013,120.06
Indonesia,CAIT,Land-Use Change and Forestry,All GHG,MtCO₂e,2013,839.29
Indonesia,CAIT,Bunker Fuels,All GHG,MtCO₂e,2013,4.74
Indonesia,CAIT,Electricity/Heat,All GHG,MtCO₂e,2013,168.2
Indonesia,CAIT,Manufacturing/Construction,All GHG,MtCO₂e,2013,78.94
Indonesia,CAIT,Transportation,All GHG,MtCO₂e,2013,136.12
Indonesia,CAIT,Building,All GHG,MtCO₂e,2013,22.76
Indonesia,CAIT,Other Fuel Combustion,All GHG,MtCO₂e,2013,33.22
Indonesia,CAIT,Fugitive Emissions,All GHG,MtCO₂e,2013,33.39
Indonesia,CAIT,Energy,All GHG,MtCO₂e,2012,505.02
Indonesia,CAIT,Industrial Processes,All GHG,MtCO₂e,2012,28.77
Indonesia,CAIT,Agriculture,All GHG,MtCO₂e,2012,178.07
Indonesia,CAIT,Waste,All GHG,MtCO₂e,2012,115.36
Indonesia,CAIT,Land-Use Change and Forestry,All GHG,MtCO₂e,2012,868.05
Indonesia,CAIT,Bunker Fuels,All GHG,MtCO₂e,2012,4.48
Indonesia,CAIT,Electricity/Heat,All GHG,MtCO₂e,2012,168.79
Indonesia,CAIT,Manufacturing/Construction,All GHG,MtCO₂e,2012,119.16
Indonesia,CAIT,Transportation,All GHG,MtCO₂e,2012,129.63
Indonesia,CAIT,Building,All GHG,MtCO₂e,2012,21.54
Indonesia,CAIT,Other Fuel Combustion,All GHG,MtCO₂e,2012,33.58
Indonesia,CAIT,Fugitive Emissions,All GHG,MtCO₂e,2012,32.34
Indonesia,CAIT,Energy,All GHG,MtCO₂e,2011,501.48
Indonesia,CAIT,Industrial Processes,All GHG,MtCO₂e,2011,26.49
Indonesia,CAIT,Agriculture,All GHG,MtCO₂e,2011,172.7
Indonesia,CAIT,Waste,All GHG,MtCO₂e,2011,121.81
Indonesia,CAIT,Land-Use Change and Forestry,All GHG,MtCO₂e,2011,853.24
Indonesia,CAIT,Bunker Fuels,All GHG,MtCO₂e,2011,4.24
Indonesia,CAIT,Electricity/Heat,All GHG,MtCO₂e,2011,176.03
Indonesia,CAIT,Manufacturing/Construction,All GHG,MtCO₂e,2011,135.76
Indonesia,CAIT,Transportation,All GHG,MtCO₂e,2011,108.5
Indonesia,CAIT,Building,All GHG,MtCO₂e,2011,20.02
Indonesia,CAIT,Other Fuel Combustion,All GHG,MtCO₂e,2011,31.08
Indonesia,CAIT,Fugitive Emissions,All GHG,MtCO₂e,2011,30.09
Indonesia,CAIT,Energy,All GHG,MtCO₂e,2010,440.12
Indonesia,CAIT,Industrial Processes,All GHG,MtCO₂e,2010,24.8
Indonesia,CAIT,Agriculture,All GHG,MtCO₂e,2010,169.21
Indonesia,CAIT,Waste,All GHG,MtCO₂e,2010,128.27
Indonesia,CAIT,Land-Use Change and Forestry,All GHG,MtCO₂e,2010,362.85
Indonesia,CAIT,Bunker Fuels,All GHG,MtCO₂e,2010,4.31
Indonesia,CAIT,Electricity/Heat,All GHG,MtCO₂e,2010,149.0
Indonesia,CAIT,Manufacturing/Construction,All GHG,MtCO₂e,2010,126.17
Indonesia,CAIT,Transportation,All GHG,MtCO₂e,2010,89.11
Indonesia,CAIT,Building,All GHG,MtCO₂e,2010,19.7
Indonesia,CAIT,Other Fuel Combustion,All GHG,MtCO₂e,2010,29.21
Indonesia,CAIT,Fugitive Emissions,All GHG,MtCO₂e,2010,26.92
Indonesia,CAIT,Energy,All GHG,MtCO₂e,2009,418.24
Indonesia,CAIT,Industrial Processes,All GHG,MtCO₂e,2009,24.58
Indonesia,CAIT,Agriculture,All GHG,MtCO₂e,2009,166.49
Indonesia,CAIT,Waste,All GHG,MtCO₂e,2009,134.72
Indonesia,CAIT,Land-Use Change and Forestry,All GHG,MtCO₂e,2009,739.58
Indonesia,CAIT,Bunker Fuels,All GHG,MtCO₂e,2009,3.43
Indonesia,CAIT,Electricity/Heat,All GHG,MtCO₂e,2009,153.25
Indonesia,CAIT,Manufacturing/Construction,All GHG,MtCO₂e,2009,100.25
Indonesia,CAIT,Transportation,All GHG,MtCO₂e,2009,81.68
Indonesia,CAIT,Building,All GHG,MtCO₂e,2009,21.6
Indonesia,CAIT,Other Fuel Combustion,All GHG,MtCO₂e,2009,30.6
Indonesia,CAIT,Fugitive Emissions,All GHG,MtCO₂e,2009,30.86
Indonesia,CAIT,Energy,All GHG,MtCO₂e,2008,400.4
Indonesia,CAIT,Industrial Processes,All GHG,MtCO₂e,2008,25.45
Indonesia,CAIT,Agriculture,All GHG,MtCO₂e,2008,158.8
Indonesia,CAIT,Waste,All GHG,MtCO₂e,2008,141.17
Indonesia,CAIT,Land-Use Change and Forestry,All GHG,MtCO₂e,2008,362.12
Indonesia,CAIT,Bunker Fuels,All GHG,MtCO₂e,2008,3.25
Indonesia,CAIT,Electricity/Heat,All GHG,MtCO₂e,2008,152.51
Indonesia,CAIT,Manufacturing/Construction,All GHG,MtCO₂e,2008,91.57
Indonesia,CAIT,Transportation,All GHG,MtCO₂e,2008,72.07
Indonesia,CAIT,Building,All GHG,MtCO₂e,2008,25.35
Indonesia,CAIT,Other Fuel Combustion,All GHG,MtCO₂e,2008,30.68
Indonesia,CAIT,Fugitive Emissions,All GHG,MtCO₂e,2008,28.23
Indonesia,CAIT,Energy,All GHG,MtCO₂e,2007,404.74
Indonesia,CAIT,Industrial Processes,All GHG,MtCO₂e,2007,24.26
Indonesia,CAIT,Agriculture,All GHG,MtCO₂e,2007,154.78
Indonesia,CAIT,Waste,All GHG,MtCO₂e,2007,147.63
Indonesia,CAIT,Land-Use Change and Forestry,All GHG,MtCO₂e,2007,368.84
Indonesia,CAIT,Bunker Fuels,All GHG,MtCO₂e,2007,3.07
Indonesia,CAIT,Electricity/Heat,All GHG,MtCO₂e,2007,138.66
Indonesia,CAIT,Manufacturing/Construction,All GHG,MtCO₂e,2007,111.2
Indonesia,CAIT,Transportation,All GHG,MtCO₂e,2007,67.81
Indonesia,CAIT,Building,All GHG,MtCO₂e,2007,28.19
Indonesia,CAIT,Other Fuel Combustion,All GHG,MtCO₂e,2007,30.92
Indonesia,CAIT,Fugitive Emissions,All GHG,MtCO₂e,2007,27.96
Indonesia,CAIT,Energy,All GHG,MtCO₂e,2006,389.96
Indonesia,CAIT,Industrial Processes,All GHG,MtCO₂e,2006,23.52
Indonesia,CAIT,Agriculture,All GHG,MtCO₂e,2006,151.04
Indonesia,CAIT,Waste,All GHG,MtCO₂e,2006,154.08
Indonesia,CAIT,Land-Use Change and Forestry,All GHG,MtCO₂e,2006,936.64
Indonesia,CAIT,Bunker Fuels,All GHG,MtCO₂e,2006,2.92
Indonesia,CAIT,Electricity/Heat,All GHG,MtCO₂e,2006,130.17
Indonesia,CAIT,Manufacturing/Construction,All GHG,MtCO₂e,2006,104.64
Indonesia,CAIT,Transportation,All GHG,MtCO₂e,2006,66.3
Indonesia,CAIT,Building,All GHG,MtCO₂e,2006,28.19
Indonesia,CAIT,Other Fuel Combustion,All GHG,MtCO₂e,2006,31.33
Indonesia,CAIT,Fugitive Emissions,All GHG,MtCO₂e,2006,29.33
Indonesia,CAIT,Energy,All GHG,MtCO₂e,2005,371.36
Indonesia,CAIT,Industrial Processes,All GHG,MtCO₂e,2005,22.77
Indonesia,CAIT,Agriculture,All GHG,MtCO₂e,2005,148.58
Indonesia,CAIT,Waste,All GHG,MtCO₂e,2005,160.53
Indonesia,CAIT,Land-Use Change and Forestry,All GHG,MtCO₂e,2005,539.45
Indonesia,CAIT,Bunker Fuels,All GHG,MtCO₂e,2005,2.77
Indonesia,CAIT,Electricity/Heat,All GHG,MtCO₂e,2005,124.11
Indonesia,CAIT,Manufacturing/Construction,All GHG,MtCO₂e,2005,81.3
Indonesia,CAIT,Transportation,All GHG,MtCO₂e,2005,69.84
Indonesia,CAIT,Building,All GHG,MtCO₂e,2005,31.37
Indonesia,CAIT,Other Fuel Combustion,All GHG,MtCO₂e,2005,32.62
Indonesia,CAIT,Fugitive Emissions,All GHG,MtCO₂e,2005,32.12
Indonesia,CAIT,Energy,All GHG,MtCO₂e,2004,370.2
Indonesia,CAIT,Industrial Processes,All GHG,MtCO₂e,2004,23.12
Indonesia,CAIT,Agriculture,All GHG,MtCO₂e,2004,148.61
Indonesia,CAIT,Waste,All GHG,MtCO₂e,2004,166.99
Indonesia,CAIT,Land-Use Change and Forestry,All GHG,MtCO₂e,2004,808.11
Indonesia,CAIT,Bunker Fuels,All GHG,MtCO₂e,2004,1.87
Indonesia,CAIT,Electricity/Heat,All GHG,MtCO₂e,2004,119.66
Indonesia,CAIT,Manufacturing/Construction,All GHG,MtCO₂e,2004,80.26
Indonesia,CAIT,Transportation,All GHG,MtCO₂e,2004,70.84
Indonesia,CAIT,Building,All GHG,MtCO₂e,2004,32.92
Indonesia,CAIT,Other Fuel Combustion,All GHG,MtCO₂e,2004,33.86
Indonesia,CAIT,Fugitive Emissions,All GHG,MtCO₂e,2004,32.66
Indonesia,CAIT,Energy,All GHG,MtCO₂e,2003,364.24
Indonesia,CAIT,Industrial Processes,All GHG,MtCO₂e,2003,21.7
Indonesia,CAIT,Agriculture,All GHG,MtCO₂e,2003,144.1
Indonesia,CAIT,Waste,All GHG,MtCO₂e,2003,173.44
Indonesia,CAIT,Land-Use Change and Forestry,All GHG,MtCO₂e,2003,464.21
Indonesia,CAIT,Bunker Fuels,All GHG,MtCO₂e,2003,2.25
Indonesia,CAIT,Electricity/Heat,All GHG,MtCO₂e,2003,121.47
Indonesia,CAIT,Manufacturing/Construction,All GHG,MtCO₂e,2003,74.67
Indonesia,CAIT,Transportation,All GHG,MtCO₂e,2003,69.28
Indonesia,CAIT,Building,All GHG,MtCO₂e,2003,32.33
Indonesia,CAIT,Other Fuel Combustion,All GHG,MtCO₂e,2003,32.67
Indonesia,CAIT,Fugitive Emissions,All GHG,MtCO₂e,2003,33.81
Indonesia,CAIT,Energy,All GHG,MtCO₂e,2002,335.19
Indonesia,CAIT,Industrial Processes,All GHG,MtCO₂e,2002,21.86
Indonesia,CAIT,Agriculture,All GHG,MtCO₂e,2002,145.2
Indonesia,CAIT,Waste,All GHG,MtCO₂e,2002,179.9
Indonesia,CAIT,Land-Use Change and Forestry,All GHG,MtCO₂e,2002,818.83
Indonesia,CAIT,Bunker Fuels,All GHG,MtCO₂e,2002,1.65
Indonesia,CAIT,Electricity/Heat,All GHG,MtCO₂e,2002,109.24
Indonesia,CAIT,Manufacturing/Construction,All GHG,MtCO₂e,2002,58.99
Indonesia,CAIT,Transportation,All GHG,MtCO₂e,2002,68.0
Indonesia,CAIT,Building,All GHG,MtCO₂e,2002,32.13
Indonesia,CAIT,Other Fuel Combustion,All GHG,MtCO₂e,2002,33.4
Indonesia,CAIT,Fugitive Emissions,All GHG,MtCO₂e,2002,33.43
Indonesia,CAIT,Energy,All GHG,MtCO₂e,2001,331.25
Indonesia,CAIT,Industrial Processes,All GHG,MtCO₂e,2001,22.0
Indonesia,CAIT,Agriculture,All GHG,MtCO₂e,2001,141.71
Indonesia,CAIT,Waste,All GHG,MtCO₂e,2001,186.35
Indonesia,CAIT,Land-Use Change and Forestry,All GHG,MtCO₂e,2001,338.04
Indonesia,CAIT,Bunker Fuels,All GHG,MtCO₂e,2001,1.53
Indonesia,CAIT,Electricity/Heat,All GHG,MtCO₂e,2001,100.01
Indonesia,CAIT,Manufacturing/Construction,All GHG,MtCO₂e,2001,62.21
Indonesia,CAIT,Transportation,All GHG,MtCO₂e,2001,66.76
Indonesia,CAIT,Building,All GHG,MtCO₂e,2001,33.46
Indonesia,CAIT,Other Fuel Combustion,All GHG,MtCO₂e,2001,33.74
Indonesia,CAIT,Fugitive Emissions,All GHG,MtCO₂e,2001,35.07
Indonesia,CAIT,Energy,All GHG,MtCO₂e,2000,312.2
Indonesia,CAIT,Industrial Processes,All GHG,MtCO₂e,2000,19.82
Indonesia,CAIT,Agriculture,All GHG,MtCO₂e,2000,143.06
Indonesia,CAIT,Waste,All GHG,MtCO₂e,2000,192.8
Indonesia,CAIT,Land-Use Change and Forestry,All GHG,MtCO₂e,2000,523.94
Indonesia,CAIT,Bunker Fuels,All GHG,MtCO₂e,2000,1.58
Indonesia,CAIT,Electricity/Heat,All GHG,MtCO₂e,2000,89.36
Indonesia,CAIT,Manufacturing/Construction,All GHG,MtCO₂e,2000,57.94
Indonesia,CAIT,Transportation,All GHG,MtCO₂e,2000,62.7
Indonesia,CAIT,Building,All GHG,MtCO₂e,2000,33.69
Indonesia,CAIT,Other Fuel Combustion,All GHG,MtCO₂e,2000,33.27
Indonesia,CAIT,Fugitive Emissions,All GHG,MtCO₂e,2000,35.24
Indonesia,CAIT,Energy,All GHG,MtCO₂e,1999,315.31
Indonesia,CAIT,Industrial Processes,All GHG,MtCO₂e,1999,14.82
Indonesia,CAIT,Agriculture,All GHG,MtCO₂e,1999,143.74
Indonesia,CAIT,Waste,All GHG,MtCO₂e,1999,189.17
Indonesia,CAIT,Land-Use Change and Forestry,All GHG,MtCO₂e,1999,598.51
Indonesia,CAIT,Bunker Fuels,All GHG,MtCO₂e,1999,1.62
Indonesia,CAIT,Electricity/Heat,All GHG,MtCO₂e,1999,95.59
Indonesia,CAIT,Manufacturing/Construction,All GHG,MtCO₂e,1999,61.24
Indonesia,CAIT,Transportation,All GHG,MtCO₂e,1999,58.78
Indonesia,CAIT,Building,All GHG,MtCO₂e,1999,31.31
Indonesia,CAIT,Other Fuel Combustion,All GHG,MtCO₂e,1999,30.31
Indonesia,CAIT,Fugitive Emissions,All GHG,MtCO₂e,1999,38.07
Indonesia,CAIT,Energy,All GHG,MtCO₂e,1998,302.4
Indonesia,CAIT,Industrial Processes,All GHG,MtCO₂e,1998,13.81
Indonesia,CAIT,Agriculture,All GHG,MtCO₂e,1998,145.45
Indonesia,CAIT,Waste,All GHG,MtCO₂e,1998,185.55
Indonesia,CAIT,Land-Use Change and Forestry,All GHG,MtCO₂e,1998,726.35
Indonesia,CAIT,Bunker Fuels,All GHG,MtCO₂e,1998,2.06
Indonesia,CAIT,Electricity/Heat,All GHG,MtCO₂e,1998,98.59
Indonesia,CAIT,Manufacturing/Construction,All GHG,MtCO₂e,1998,47.63
Indonesia,CAIT,Transportation,All GHG,MtCO₂e,1998,59.2
Indonesia,CAIT,Building,All GHG,MtCO₂e,1998,26.63
Indonesia,CAIT,Other Fuel Combustion,All GHG,MtCO₂e,1998,27.54
Indonesia,CAIT,Fugitive Emissions,All GHG,MtCO₂e,1998,42.81
Indonesia,CAIT,Energy,All GHG,MtCO₂e,1997,299.93
Indonesia,CAIT,Industrial Processes,All GHG,MtCO₂e,1997,16.73
Indonesia,CAIT,Agriculture,All GHG,MtCO₂e,1997,142.44
Indonesia,CAIT,Waste,All GHG,MtCO₂e,1997,181.92
Indonesia,CAIT,Land-Use Change and Forestry,All GHG,MtCO₂e,1997,1501.8
Indonesia,CAIT,Bunker Fuels,All GHG,MtCO₂e,1997,2.17
Indonesia,CAIT,Electricity/Heat,All GHG,MtCO₂e,1997,88.77
Indonesia,CAIT,Manufacturing/Construction,All GHG,MtCO₂e,1997,50.9
Indonesia,CAIT,Transportation,All GHG,MtCO₂e,1997,60.65
Indonesia,CAIT,Building,All GHG,MtCO₂e,1997,25.87
Indonesia,CAIT,Other Fuel Combustion,All GHG,MtCO₂e,1997,26.7
Indonesia,CAIT,Fugitive Emissions,All GHG,MtCO₂e,1997,47.04
Indonesia,CAIT,Energy,All GHG,MtCO₂e,1996,282.41
Indonesia,CAIT,Industrial Processes,All GHG,MtCO₂e,1996,14.98
Indonesia,CAIT,Agriculture,All GHG,MtCO₂e,1996,146.98
Indonesia,CAIT,Waste,All GHG,MtCO₂e,1996,178.29
Indonesia,CAIT,Land-Use Change and Forestry,All GHG,MtCO₂e,1996,556.34
Indonesia,CAIT,Bunker Fuels,All GHG,MtCO₂e,1996,1.52
Indonesia,CAIT,Electricity/Heat,All GHG,MtCO₂e,1996,77.52
Indonesia,CAIT,Manufacturing/Construction,All GHG,MtCO₂e,1996,46.88
Indonesia,CAIT,Transportation,All GHG,MtCO₂e,1996,54.6
Indonesia,CAIT,Building,All GHG,MtCO₂e,1996,25.45
Indonesia,CAIT,Other Fuel Combustion,All GHG,MtCO₂e,1996,26.35
Indonesia,CAIT,Fugitive Emissions,All GHG,MtCO₂e,1996,51.61
Indonesia,CAIT,Energy,All GHG,MtCO₂e,1995,275.67
Indonesia,CAIT,Industrial Processes,All GHG,MtCO₂e,1995,14.01
Indonesia,CAIT,Agriculture,All GHG,MtCO₂e,1995,143.95
Indonesia,CAIT,Waste,All GHG,MtCO₂e,1995,174.66
Indonesia,CAIT,Land-Use Change and Forestry,All GHG,MtCO₂e,1995,752.6
Indonesia,CAIT,Bunker Fuels,All GHG,MtCO₂e,1995,2.46
Indonesia,CAIT,Electricity/Heat,All GHG,MtCO₂e,1995,74.27
Indonesia,CAIT,Manufacturing/Construction,All GHG,MtCO₂e,1995,46.74
Indonesia,CAIT,Transportation,All GHG,MtCO₂e,1995,49.26
Indonesia,CAIT,Building,All GHG,MtCO₂e,1995,23.98
Indonesia,CAIT,Other Fuel Combustion,All GHG,MtCO₂e,1995,25.4
Indonesia,CAIT,Fugitive Emissions,All GHG,MtCO₂e,1995,56.02
Indonesia,CAIT,Energy,All GHG,MtCO₂e,1994,254.72
Indonesia,CAIT,Industrial Processes,All GHG,MtCO₂e,1994,13.26
Indonesia,CAIT,Agriculture,All GHG,MtCO₂e,1994,137.76
Indonesia,CAIT,Waste,All GHG,MtCO₂e,1994,171.52
Indonesia,CAIT,Land-Use Change and Forestry,All GHG,MtCO₂e,1994,750.61
Indonesia,CAIT,Bunker Fuels,All GHG,MtCO₂e,1994,1.71
Indonesia,CAIT,Electricity/Heat,All GHG,MtCO₂e,1994,63.9
Indonesia,CAIT,Manufacturing/Construction,All GHG,MtCO₂e,1994,37.84
Indonesia,CAIT,Transportation,All GHG,MtCO₂e,1994,45.35
Indonesia,CAIT,Building,All GHG,MtCO₂e,1994,22.27
Indonesia,CAIT,Other Fuel Combustion,All GHG,MtCO₂e,1994,24.94
Indonesia,CAIT,Fugitive Emissions,All GHG,MtCO₂e,1994,60.42
Indonesia,CAIT,Energy,All GHG,MtCO₂e,1993,244.2
Indonesia,CAIT,Industrial Processes,All GHG,MtCO₂e,1993,11.52
Indonesia,CAIT,Agriculture,All GHG,MtCO₂e,1993,136.74
Indonesia,CAIT,Waste,All GHG,MtCO₂e,1993,168.18
Indonesia,CAIT,Land-Use Change and Forestry,All GHG,MtCO₂e,1993,750.63
Indonesia,CAIT,Bunker Fuels,All GHG,MtCO₂e,1993,1.76
Indonesia,CAIT,Electricity/Heat,All GHG,MtCO₂e,1993,62.7
Indonesia,CAIT,Manufacturing/Construction,All GHG,MtCO₂e,1993,32.19
Indonesia,CAIT,Transportation,All GHG,MtCO₂e,1993,40.49
Indonesia,CAIT,Building,All GHG,MtCO₂e,1993,21.61
Indonesia,CAIT,Other Fuel Combustion,All GHG,MtCO₂e,1993,24.88
Indonesia,CAIT,Fugitive Emissions,All GHG,MtCO₂e,1993,62.34
Indonesia,CAIT,Energy,All GHG,MtCO₂e,1992,229.75
Indonesia,CAIT,Industrial Processes,All GHG,MtCO₂e,1992,10.55
Indonesia,CAIT,Agriculture,All GHG,MtCO₂e,1992,139.25
Indonesia,CAIT,Waste,All GHG,MtCO₂e,1992,164.85
Indonesia,CAIT,Land-Use Change and Forestry,All GHG,MtCO₂e,1992,750.63
Indonesia,CAIT,Bunker Fuels,All GHG,MtCO₂e,1992,1.73
Indonesia,CAIT,Electricity/Heat,All GHG,MtCO₂e,1992,56.17
Indonesia,CAIT,Manufacturing/Construction,All GHG,MtCO₂e,1992,29.24
Indonesia,CAIT,Transportation,All GHG,MtCO₂e,1992,37.91
Indonesia,CAIT,Building,All GHG,MtCO₂e,1992,21.41
Indonesia,CAIT,Other Fuel Combustion,All GHG,MtCO₂e,1992,24.36
Indonesia,CAIT,Fugitive Emissions,All GHG,MtCO₂e,1992,60.65
Indonesia,CAIT,Energy,All GHG,MtCO₂e,1991,220.49
Indonesia,CAIT,Industrial Processes,All GHG,MtCO₂e,1991,9.88
Indonesia,CAIT,Agriculture,All GHG,MtCO₂e,1991,131.91
Indonesia,CAIT,Waste,All GHG,MtCO₂e,1991,161.52
Indonesia,CAIT,Land-Use Change and Forestry,All GHG,MtCO₂e,1991,750.63
Indonesia,CAIT,Bunker Fuels,All GHG,MtCO₂e,1991,1.65
Indonesia,CAIT,Electricity/Heat,All GHG,MtCO₂e,1991,54.09
Indonesia,CAIT,Manufacturing/Construction,All GHG,MtCO₂e,1991,27.75
Indonesia,CAIT,Transportation,All GHG,MtCO₂e,1991,35.85
Indonesia,CAIT,Building,All GHG,MtCO₂e,1991,20.24
Indonesia,CAIT,Other Fuel Combustion,All GHG,MtCO₂e,1991,23.71
Indonesia,CAIT,Fugitive Emissions,All GHG,MtCO₂e,1991,58.85
Indonesia,CAIT,Energy,All GHG,MtCO₂e,1990,207.16
Indonesia,CAIT,Industrial Processes,All GHG,MtCO₂e,1990,8.54
Indonesia,CAIT,Agriculture,All GHG,MtCO₂e,1990,132.57
Indonesia,CAIT,Waste,All GHG,MtCO₂e,1990,158.2
Indonesia,CAIT,Land-Use Change and Forestry,All GHG,MtCO₂e,1990,750.63
Indonesia,CAIT,Bunker Fuels,All GHG,MtCO₂e,1990,2.67
Indonesia,CAIT,Electricity/Heat,All GHG,MtCO₂e,1990,47.75
Indonesia,CAIT,Manufacturing/Construction,All GHG,MtCO₂e,1990,28.0
Indonesia,CAIT,Transportation,All GHG,MtCO₂e,1990,32.2
Indonesia,CAIT,Building,All GHG,MtCO₂e,1990,19.52
Indonesia,CAIT,Other Fuel Combustion,All GHG,MtCO₂e,1990,23.91
Indonesia,CAIT,Fugitive Emissions,All GHG,MtCO₂e,1990,55.79
