﻿Country,Year,GDP Value,Type of GDP
Japan,1990,25895.956,"GDP per capita, current prices (U.S. dollars per capita)"
Japan,1991,29511.775,"GDP per capita, current prices (U.S. dollars per capita)"
Japan,1992,32069.069,"GDP per capita, current prices (U.S. dollars per capita)"
Japan,1993,36425.222,"GDP per capita, current prices (U.S. dollars per capita)"
Japan,1994,39953.195,"GDP per capita, current prices (U.S. dollars per capita)"
Japan,1995,44210.242,"GDP per capita, current prices (U.S. dollars per capita)"
Japan,1996,39164.322,"GDP per capita, current prices (U.S. dollars per capita)"
Japan,1997,35651.27,"GDP per capita, current prices (U.S. dollars per capita)"
Japan,1998,32436.923,"GDP per capita, current prices (U.S. dollars per capita)"
Japan,1999,36622.885,"GDP per capita, current prices (U.S. dollars per capita)"
Japan,2000,39172.963,"GDP per capita, current prices (U.S. dollars per capita)"
Japan,2001,34410.68,"GDP per capita, current prices (U.S. dollars per capita)"
Japan,2002,32832.296,"GDP per capita, current prices (U.S. dollars per capita)"
Japan,2003,35410.222,"GDP per capita, current prices (U.S. dollars per capita)"
Japan,2004,38307.096,"GDP per capita, current prices (U.S. dollars per capita)"
Japan,2005,37819.1,"GDP per capita, current prices (U.S. dollars per capita)"
Japan,2006,36021.9,"GDP per capita, current prices (U.S. dollars per capita)"
Japan,2007,35847.226,"GDP per capita, current prices (U.S. dollars per capita)"
Japan,2008,39992.06,"GDP per capita, current prices (U.S. dollars per capita)"
Japan,2009,41469.773,"GDP per capita, current prices (U.S. dollars per capita)"
Japan,2010,45135.796,"GDP per capita, current prices (U.S. dollars per capita)"
Japan,2011,48760.905,"GDP per capita, current prices (U.S. dollars per capita)"
Japan,2012,49175.054,"GDP per capita, current prices (U.S. dollars per capita)"
Japan,2013,40934.756,"GDP per capita, current prices (U.S. dollars per capita)"
Japan,2014,38522.771,"GDP per capita, current prices (U.S. dollars per capita)"
Japan,2015,35005.656,"GDP per capita, current prices (U.S. dollars per capita)"
Japan,2016,39411.424,"GDP per capita, current prices (U.S. dollars per capita)"
Japan,2017,38903.298,"GDP per capita, current prices (U.S. dollars per capita)"
Japan,2018,39818.795,"GDP per capita, current prices (U.S. dollars per capita)"
Japan,2019,40689.791,"GDP per capita, current prices (U.S. dollars per capita)"
Japan,2020,40088.603,"GDP per capita, current prices (U.S. dollars per capita)"
Japan,2021,40704.304,"GDP per capita, current prices (U.S. dollars per capita)"
Japan,2022,43118.834,"GDP per capita, current prices (U.S. dollars per capita)"
Japan,2023,46138.055,"GDP per capita, current prices (U.S. dollars per capita)"
Japan,2024,48159.221,"GDP per capita, current prices (U.S. dollars per capita)"
Japan,2025,50047.522,"GDP per capita, current prices (U.S. dollars per capita)"
Japan,2026,51797.333,"GDP per capita, current prices (U.S. dollars per capita)"
