﻿Country,Data source,Sector,Gas,Unit,Year,Gas Emitted
Japan,CAIT,Energy,All GHG,MtCO₂e,2018,1090.42
Japan,CAIT,Industrial Processes,All GHG,MtCO₂e,2018,67.97
Japan,CAIT,Agriculture,All GHG,MtCO₂e,2018,21.56
Japan,CAIT,Waste,All GHG,MtCO₂e,2018,6.8
Japan,CAIT,Land-Use Change and Forestry,All GHG,MtCO₂e,2018,-32.05
Japan,CAIT,Bunker Fuels,All GHG,MtCO₂e,2018,36.25
Japan,CAIT,Electricity/Heat,All GHG,MtCO₂e,2018,561.86
Japan,CAIT,Manufacturing/Construction,All GHG,MtCO₂e,2018,191.68
Japan,CAIT,Transportation,All GHG,MtCO₂e,2018,204.56
Japan,CAIT,Building,All GHG,MtCO₂e,2018,106.11
Japan,CAIT,Other Fuel Combustion,All GHG,MtCO₂e,2018,23.92
Japan,CAIT,Fugitive Emissions,All GHG,MtCO₂e,2018,2.3
Japan,CAIT,Energy,All GHG,MtCO₂e,2017,1135.35
Japan,CAIT,Industrial Processes,All GHG,MtCO₂e,2017,71.59
Japan,CAIT,Agriculture,All GHG,MtCO₂e,2017,21.5
Japan,CAIT,Waste,All GHG,MtCO₂e,2017,6.92
Japan,CAIT,Land-Use Change and Forestry,All GHG,MtCO₂e,2017,-32.05
Japan,CAIT,Bunker Fuels,All GHG,MtCO₂e,2017,34.9
Japan,CAIT,Electricity/Heat,All GHG,MtCO₂e,2017,589.35
Japan,CAIT,Manufacturing/Construction,All GHG,MtCO₂e,2017,196.8
Japan,CAIT,Transportation,All GHG,MtCO₂e,2017,207.07
Japan,CAIT,Building,All GHG,MtCO₂e,2017,115.44
Japan,CAIT,Other Fuel Combustion,All GHG,MtCO₂e,2017,24.4
Japan,CAIT,Fugitive Emissions,All GHG,MtCO₂e,2017,2.3
Japan,CAIT,Energy,All GHG,MtCO₂e,2016,1155.42
Japan,CAIT,Industrial Processes,All GHG,MtCO₂e,2016,73.75
Japan,CAIT,Agriculture,All GHG,MtCO₂e,2016,21.51
Japan,CAIT,Waste,All GHG,MtCO₂e,2016,7.04
Japan,CAIT,Land-Use Change and Forestry,All GHG,MtCO₂e,2016,-32.05
Japan,CAIT,Bunker Fuels,All GHG,MtCO₂e,2016,34.86
Japan,CAIT,Electricity/Heat,All GHG,MtCO₂e,2016,608.59
Japan,CAIT,Manufacturing/Construction,All GHG,MtCO₂e,2016,197.98
Japan,CAIT,Transportation,All GHG,MtCO₂e,2016,208.9
Japan,CAIT,Building,All GHG,MtCO₂e,2016,111.56
Japan,CAIT,Other Fuel Combustion,All GHG,MtCO₂e,2016,26.1
Japan,CAIT,Fugitive Emissions,All GHG,MtCO₂e,2016,2.3
Japan,CAIT,Energy,All GHG,MtCO₂e,2015,1165.84
Japan,CAIT,Industrial Processes,All GHG,MtCO₂e,2015,70.38
Japan,CAIT,Agriculture,All GHG,MtCO₂e,2015,21.63
Japan,CAIT,Waste,All GHG,MtCO₂e,2015,7.22
Japan,CAIT,Land-Use Change and Forestry,All GHG,MtCO₂e,2015,-49.74
Japan,CAIT,Bunker Fuels,All GHG,MtCO₂e,2015,33.26
Japan,CAIT,Electricity/Heat,All GHG,MtCO₂e,2015,610.36
Japan,CAIT,Manufacturing/Construction,All GHG,MtCO₂e,2015,202.35
Japan,CAIT,Transportation,All GHG,MtCO₂e,2015,211.32
Japan,CAIT,Building,All GHG,MtCO₂e,2015,114.01
Japan,CAIT,Other Fuel Combustion,All GHG,MtCO₂e,2015,25.51
Japan,CAIT,Fugitive Emissions,All GHG,MtCO₂e,2015,2.29
Japan,CAIT,Energy,All GHG,MtCO₂e,2014,1203.46
Japan,CAIT,Industrial Processes,All GHG,MtCO₂e,2014,67.62
Japan,CAIT,Agriculture,All GHG,MtCO₂e,2014,22.44
Japan,CAIT,Waste,All GHG,MtCO₂e,2014,7.46
Japan,CAIT,Land-Use Change and Forestry,All GHG,MtCO₂e,2014,-49.67
Japan,CAIT,Bunker Fuels,All GHG,MtCO₂e,2014,31.61
Japan,CAIT,Electricity/Heat,All GHG,MtCO₂e,2014,636.28
Japan,CAIT,Manufacturing/Construction,All GHG,MtCO₂e,2014,209.97
Japan,CAIT,Transportation,All GHG,MtCO₂e,2014,211.97
Japan,CAIT,Building,All GHG,MtCO₂e,2014,118.92
Japan,CAIT,Other Fuel Combustion,All GHG,MtCO₂e,2014,24.1
Japan,CAIT,Fugitive Emissions,All GHG,MtCO₂e,2014,2.23
Japan,CAIT,Energy,All GHG,MtCO₂e,2013,1244.52
Japan,CAIT,Industrial Processes,All GHG,MtCO₂e,2013,63.76
Japan,CAIT,Agriculture,All GHG,MtCO₂e,2013,22.6
Japan,CAIT,Waste,All GHG,MtCO₂e,2013,7.74
Japan,CAIT,Land-Use Change and Forestry,All GHG,MtCO₂e,2013,-49.63
Japan,CAIT,Bunker Fuels,All GHG,MtCO₂e,2013,32.57
Japan,CAIT,Electricity/Heat,All GHG,MtCO₂e,2013,658.43
Japan,CAIT,Manufacturing/Construction,All GHG,MtCO₂e,2013,216.34
Japan,CAIT,Transportation,All GHG,MtCO₂e,2013,218.03
Japan,CAIT,Building,All GHG,MtCO₂e,2013,125.28
Japan,CAIT,Other Fuel Combustion,All GHG,MtCO₂e,2013,24.1
Japan,CAIT,Fugitive Emissions,All GHG,MtCO₂e,2013,2.35
Japan,CAIT,Energy,All GHG,MtCO₂e,2012,1237.06
Japan,CAIT,Industrial Processes,All GHG,MtCO₂e,2012,59.8
Japan,CAIT,Agriculture,All GHG,MtCO₂e,2012,22.23
Japan,CAIT,Waste,All GHG,MtCO₂e,2012,7.95
Japan,CAIT,Land-Use Change and Forestry,All GHG,MtCO₂e,2012,-49.56
Japan,CAIT,Bunker Fuels,All GHG,MtCO₂e,2012,32.48
Japan,CAIT,Electricity/Heat,All GHG,MtCO₂e,2012,652.83
Japan,CAIT,Manufacturing/Construction,All GHG,MtCO₂e,2012,214.45
Japan,CAIT,Transportation,All GHG,MtCO₂e,2012,220.7
Japan,CAIT,Building,All GHG,MtCO₂e,2012,121.32
Japan,CAIT,Other Fuel Combustion,All GHG,MtCO₂e,2012,25.4
Japan,CAIT,Fugitive Emissions,All GHG,MtCO₂e,2012,2.37
Japan,CAIT,Energy,All GHG,MtCO₂e,2011,1197.65
Japan,CAIT,Industrial Processes,All GHG,MtCO₂e,2011,56.1
Japan,CAIT,Agriculture,All GHG,MtCO₂e,2011,22.76
Japan,CAIT,Waste,All GHG,MtCO₂e,2011,8.26
Japan,CAIT,Land-Use Change and Forestry,All GHG,MtCO₂e,2011,-49.48
Japan,CAIT,Bunker Fuels,All GHG,MtCO₂e,2011,31.75
Japan,CAIT,Electricity/Heat,All GHG,MtCO₂e,2011,603.56
Japan,CAIT,Manufacturing/Construction,All GHG,MtCO₂e,2011,218.36
Japan,CAIT,Transportation,All GHG,MtCO₂e,2011,223.03
Japan,CAIT,Building,All GHG,MtCO₂e,2011,124.86
Japan,CAIT,Other Fuel Combustion,All GHG,MtCO₂e,2011,25.47
Japan,CAIT,Fugitive Emissions,All GHG,MtCO₂e,2011,2.38
Japan,CAIT,Energy,All GHG,MtCO₂e,2010,1142.6
Japan,CAIT,Industrial Processes,All GHG,MtCO₂e,2010,53.32
Japan,CAIT,Agriculture,All GHG,MtCO₂e,2010,23.83
Japan,CAIT,Waste,All GHG,MtCO₂e,2010,8.49
Japan,CAIT,Land-Use Change and Forestry,All GHG,MtCO₂e,2010,-98.11
Japan,CAIT,Bunker Fuels,All GHG,MtCO₂e,2010,31.34
Japan,CAIT,Electricity/Heat,All GHG,MtCO₂e,2010,546.23
Japan,CAIT,Manufacturing/Construction,All GHG,MtCO₂e,2010,211.82
Japan,CAIT,Transportation,All GHG,MtCO₂e,2010,228.65
Japan,CAIT,Building,All GHG,MtCO₂e,2010,126.14
Japan,CAIT,Other Fuel Combustion,All GHG,MtCO₂e,2010,27.36
Japan,CAIT,Fugitive Emissions,All GHG,MtCO₂e,2010,2.39
Japan,CAIT,Energy,All GHG,MtCO₂e,2009,1086.84
Japan,CAIT,Industrial Processes,All GHG,MtCO₂e,2009,52.02
Japan,CAIT,Agriculture,All GHG,MtCO₂e,2009,23.84
Japan,CAIT,Waste,All GHG,MtCO₂e,2009,8.86
Japan,CAIT,Land-Use Change and Forestry,All GHG,MtCO₂e,2009,-98.01
Japan,CAIT,Bunker Fuels,All GHG,MtCO₂e,2009,30.85
Japan,CAIT,Electricity/Heat,All GHG,MtCO₂e,2009,502.25
Japan,CAIT,Manufacturing/Construction,All GHG,MtCO₂e,2009,200.12
Japan,CAIT,Transportation,All GHG,MtCO₂e,2009,227.56
Japan,CAIT,Building,All GHG,MtCO₂e,2009,124.89
Japan,CAIT,Other Fuel Combustion,All GHG,MtCO₂e,2009,29.55
Japan,CAIT,Fugitive Emissions,All GHG,MtCO₂e,2009,2.47
Japan,CAIT,Energy,All GHG,MtCO₂e,2008,1142.49
Japan,CAIT,Industrial Processes,All GHG,MtCO₂e,2008,55.27
Japan,CAIT,Agriculture,All GHG,MtCO₂e,2008,24.12
Japan,CAIT,Waste,All GHG,MtCO₂e,2008,9.3
Japan,CAIT,Land-Use Change and Forestry,All GHG,MtCO₂e,2008,-97.86
Japan,CAIT,Bunker Fuels,All GHG,MtCO₂e,2008,34.9
Japan,CAIT,Electricity/Heat,All GHG,MtCO₂e,2008,532.88
Japan,CAIT,Manufacturing/Construction,All GHG,MtCO₂e,2008,212.15
Japan,CAIT,Transportation,All GHG,MtCO₂e,2008,233.72
Japan,CAIT,Building,All GHG,MtCO₂e,2008,134.07
Japan,CAIT,Other Fuel Combustion,All GHG,MtCO₂e,2008,27.11
Japan,CAIT,Fugitive Emissions,All GHG,MtCO₂e,2008,2.56
Japan,CAIT,Energy,All GHG,MtCO₂e,2007,1207.53
Japan,CAIT,Industrial Processes,All GHG,MtCO₂e,2007,56.19
Japan,CAIT,Agriculture,All GHG,MtCO₂e,2007,24.64
Japan,CAIT,Waste,All GHG,MtCO₂e,2007,9.62
Japan,CAIT,Land-Use Change and Forestry,All GHG,MtCO₂e,2007,-97.77
Japan,CAIT,Bunker Fuels,All GHG,MtCO₂e,2007,37.43
Japan,CAIT,Electricity/Heat,All GHG,MtCO₂e,2007,557.16
Japan,CAIT,Manufacturing/Construction,All GHG,MtCO₂e,2007,232.03
Japan,CAIT,Transportation,All GHG,MtCO₂e,2007,242.75
Japan,CAIT,Building,All GHG,MtCO₂e,2007,142.57
Japan,CAIT,Other Fuel Combustion,All GHG,MtCO₂e,2007,30.37
Japan,CAIT,Fugitive Emissions,All GHG,MtCO₂e,2007,2.65
Japan,CAIT,Energy,All GHG,MtCO₂e,2006,1170.2
Japan,CAIT,Industrial Processes,All GHG,MtCO₂e,2006,56.95
Japan,CAIT,Agriculture,All GHG,MtCO₂e,2006,24.76
Japan,CAIT,Waste,All GHG,MtCO₂e,2006,9.99
Japan,CAIT,Land-Use Change and Forestry,All GHG,MtCO₂e,2006,-97.62
Japan,CAIT,Bunker Fuels,All GHG,MtCO₂e,2006,39.06
Japan,CAIT,Electricity/Heat,All GHG,MtCO₂e,2006,504.47
Japan,CAIT,Manufacturing/Construction,All GHG,MtCO₂e,2006,235.19
Japan,CAIT,Transportation,All GHG,MtCO₂e,2006,249.92
Japan,CAIT,Building,All GHG,MtCO₂e,2006,147.52
Japan,CAIT,Other Fuel Combustion,All GHG,MtCO₂e,2006,30.29
Japan,CAIT,Fugitive Emissions,All GHG,MtCO₂e,2006,2.81
Japan,CAIT,Energy,All GHG,MtCO₂e,2005,1193.74
Japan,CAIT,Industrial Processes,All GHG,MtCO₂e,2005,54.71
Japan,CAIT,Agriculture,All GHG,MtCO₂e,2005,25.02
Japan,CAIT,Waste,All GHG,MtCO₂e,2005,10.35
Japan,CAIT,Land-Use Change and Forestry,All GHG,MtCO₂e,2005,-97.56
Japan,CAIT,Bunker Fuels,All GHG,MtCO₂e,2005,41.63
Japan,CAIT,Electricity/Heat,All GHG,MtCO₂e,2005,517.14
Japan,CAIT,Manufacturing/Construction,All GHG,MtCO₂e,2005,234.64
Japan,CAIT,Transportation,All GHG,MtCO₂e,2005,253.72
Japan,CAIT,Building,All GHG,MtCO₂e,2005,153.4
Japan,CAIT,Other Fuel Combustion,All GHG,MtCO₂e,2005,31.92
Japan,CAIT,Fugitive Emissions,All GHG,MtCO₂e,2005,2.92
Japan,CAIT,Energy,All GHG,MtCO₂e,2004,1191.85
Japan,CAIT,Industrial Processes,All GHG,MtCO₂e,2004,54.94
Japan,CAIT,Agriculture,All GHG,MtCO₂e,2004,25.26
Japan,CAIT,Waste,All GHG,MtCO₂e,2004,10.71
Japan,CAIT,Land-Use Change and Forestry,All GHG,MtCO₂e,2004,-97.48
Japan,CAIT,Bunker Fuels,All GHG,MtCO₂e,2004,39.27
Japan,CAIT,Electricity/Heat,All GHG,MtCO₂e,2004,513.61
Japan,CAIT,Manufacturing/Construction,All GHG,MtCO₂e,2004,233.23
Japan,CAIT,Transportation,All GHG,MtCO₂e,2004,256.45
Japan,CAIT,Building,All GHG,MtCO₂e,2004,152.53
Japan,CAIT,Other Fuel Combustion,All GHG,MtCO₂e,2004,33.18
Japan,CAIT,Fugitive Emissions,All GHG,MtCO₂e,2004,2.86
Japan,CAIT,Energy,All GHG,MtCO₂e,2003,1195.98
Japan,CAIT,Industrial Processes,All GHG,MtCO₂e,2003,58.83
Japan,CAIT,Agriculture,All GHG,MtCO₂e,2003,25.03
Japan,CAIT,Waste,All GHG,MtCO₂e,2003,11.04
Japan,CAIT,Land-Use Change and Forestry,All GHG,MtCO₂e,2003,-97.47
Japan,CAIT,Bunker Fuels,All GHG,MtCO₂e,2003,37.79
Japan,CAIT,Electricity/Heat,All GHG,MtCO₂e,2003,517.12
Japan,CAIT,Manufacturing/Construction,All GHG,MtCO₂e,2003,234.11
Japan,CAIT,Transportation,All GHG,MtCO₂e,2003,256.47
Japan,CAIT,Building,All GHG,MtCO₂e,2003,152.67
Japan,CAIT,Other Fuel Combustion,All GHG,MtCO₂e,2003,32.71
Japan,CAIT,Fugitive Emissions,All GHG,MtCO₂e,2003,2.91
Japan,CAIT,Energy,All GHG,MtCO₂e,2002,1186.95
Japan,CAIT,Industrial Processes,All GHG,MtCO₂e,2002,59.63
Japan,CAIT,Agriculture,All GHG,MtCO₂e,2002,25.22
Japan,CAIT,Waste,All GHG,MtCO₂e,2002,11.31
Japan,CAIT,Land-Use Change and Forestry,All GHG,MtCO₂e,2002,-97.46
Japan,CAIT,Bunker Fuels,All GHG,MtCO₂e,2002,36.9
Japan,CAIT,Electricity/Heat,All GHG,MtCO₂e,2002,497.03
Japan,CAIT,Manufacturing/Construction,All GHG,MtCO₂e,2002,237.41
Japan,CAIT,Transportation,All GHG,MtCO₂e,2002,258.74
Japan,CAIT,Building,All GHG,MtCO₂e,2002,158.09
Japan,CAIT,Other Fuel Combustion,All GHG,MtCO₂e,2002,32.74
Japan,CAIT,Fugitive Emissions,All GHG,MtCO₂e,2002,2.95
Japan,CAIT,Energy,All GHG,MtCO₂e,2001,1149.52
Japan,CAIT,Industrial Processes,All GHG,MtCO₂e,2001,65.28
Japan,CAIT,Agriculture,All GHG,MtCO₂e,2001,25.01
Japan,CAIT,Waste,All GHG,MtCO₂e,2001,11.63
Japan,CAIT,Land-Use Change and Forestry,All GHG,MtCO₂e,2001,-97.45
Japan,CAIT,Bunker Fuels,All GHG,MtCO₂e,2001,33.68
Japan,CAIT,Electricity/Heat,All GHG,MtCO₂e,2001,465.43
Japan,CAIT,Manufacturing/Construction,All GHG,MtCO₂e,2001,234.86
Japan,CAIT,Transportation,All GHG,MtCO₂e,2001,263.23
Japan,CAIT,Building,All GHG,MtCO₂e,2001,150.78
Japan,CAIT,Other Fuel Combustion,All GHG,MtCO₂e,2001,31.57
Japan,CAIT,Fugitive Emissions,All GHG,MtCO₂e,2001,3.65
Japan,CAIT,Energy,All GHG,MtCO₂e,2000,1161.48
Japan,CAIT,Industrial Processes,All GHG,MtCO₂e,2000,75.16
Japan,CAIT,Agriculture,All GHG,MtCO₂e,2000,25.54
Japan,CAIT,Waste,All GHG,MtCO₂e,2000,12.11
Japan,CAIT,Land-Use Change and Forestry,All GHG,MtCO₂e,2000,-75.75
Japan,CAIT,Bunker Fuels,All GHG,MtCO₂e,2000,36.92
Japan,CAIT,Electricity/Heat,All GHG,MtCO₂e,2000,474.02
Japan,CAIT,Manufacturing/Construction,All GHG,MtCO₂e,2000,240.4
Japan,CAIT,Transportation,All GHG,MtCO₂e,2000,261.1
Japan,CAIT,Building,All GHG,MtCO₂e,2000,151.11
Japan,CAIT,Other Fuel Combustion,All GHG,MtCO₂e,2000,30.89
Japan,CAIT,Fugitive Emissions,All GHG,MtCO₂e,2000,3.96
Japan,CAIT,Energy,All GHG,MtCO₂e,1999,1144.59
Japan,CAIT,Industrial Processes,All GHG,MtCO₂e,1999,75.25
Japan,CAIT,Agriculture,All GHG,MtCO₂e,1999,25.72
Japan,CAIT,Waste,All GHG,MtCO₂e,1999,12.48
Japan,CAIT,Land-Use Change and Forestry,All GHG,MtCO₂e,1999,-75.74
Japan,CAIT,Bunker Fuels,All GHG,MtCO₂e,1999,36.61
Japan,CAIT,Electricity/Heat,All GHG,MtCO₂e,1999,464.3
Japan,CAIT,Manufacturing/Construction,All GHG,MtCO₂e,1999,236.01
Japan,CAIT,Transportation,All GHG,MtCO₂e,1999,261.46
Japan,CAIT,Building,All GHG,MtCO₂e,1999,148.51
Japan,CAIT,Other Fuel Combustion,All GHG,MtCO₂e,1999,30.23
Japan,CAIT,Fugitive Emissions,All GHG,MtCO₂e,1999,4.09
Japan,CAIT,Energy,All GHG,MtCO₂e,1998,1109.46
Japan,CAIT,Industrial Processes,All GHG,MtCO₂e,1998,84.17
Japan,CAIT,Agriculture,All GHG,MtCO₂e,1998,25.89
Japan,CAIT,Waste,All GHG,MtCO₂e,1998,12.89
Japan,CAIT,Land-Use Change and Forestry,All GHG,MtCO₂e,1998,-75.75
Japan,CAIT,Bunker Fuels,All GHG,MtCO₂e,1998,37.97
Japan,CAIT,Electricity/Heat,All GHG,MtCO₂e,1998,441.84
Japan,CAIT,Manufacturing/Construction,All GHG,MtCO₂e,1998,233.16
Japan,CAIT,Transportation,All GHG,MtCO₂e,1998,259.1
Japan,CAIT,Building,All GHG,MtCO₂e,1998,140.63
Japan,CAIT,Other Fuel Combustion,All GHG,MtCO₂e,1998,30.66
Japan,CAIT,Fugitive Emissions,All GHG,MtCO₂e,1998,4.08
Japan,CAIT,Energy,All GHG,MtCO₂e,1997,1148.01
Japan,CAIT,Industrial Processes,All GHG,MtCO₂e,1997,91.26
Japan,CAIT,Agriculture,All GHG,MtCO₂e,1997,26.98
Japan,CAIT,Waste,All GHG,MtCO₂e,1997,13.28
Japan,CAIT,Land-Use Change and Forestry,All GHG,MtCO₂e,1997,-75.73
Japan,CAIT,Bunker Fuels,All GHG,MtCO₂e,1997,36.03
Japan,CAIT,Electricity/Heat,All GHG,MtCO₂e,1997,459.63
Japan,CAIT,Manufacturing/Construction,All GHG,MtCO₂e,1997,255.94
Japan,CAIT,Transportation,All GHG,MtCO₂e,1997,259.8
Japan,CAIT,Building,All GHG,MtCO₂e,1997,136.78
Japan,CAIT,Other Fuel Combustion,All GHG,MtCO₂e,1997,31.61
Japan,CAIT,Fugitive Emissions,All GHG,MtCO₂e,1997,4.26
Japan,CAIT,Energy,All GHG,MtCO₂e,1996,1157.53
Japan,CAIT,Industrial Processes,All GHG,MtCO₂e,1996,93.17
Japan,CAIT,Agriculture,All GHG,MtCO₂e,1996,27.38
Japan,CAIT,Waste,All GHG,MtCO₂e,1996,13.57
Japan,CAIT,Land-Use Change and Forestry,All GHG,MtCO₂e,1996,-75.7
Japan,CAIT,Bunker Fuels,All GHG,MtCO₂e,1996,31.5
Japan,CAIT,Electricity/Heat,All GHG,MtCO₂e,1996,465.11
Japan,CAIT,Manufacturing/Construction,All GHG,MtCO₂e,1996,262.62
Japan,CAIT,Transportation,All GHG,MtCO₂e,1996,257.48
Japan,CAIT,Building,All GHG,MtCO₂e,1996,136.67
Japan,CAIT,Other Fuel Combustion,All GHG,MtCO₂e,1996,31.36
Japan,CAIT,Fugitive Emissions,All GHG,MtCO₂e,1996,4.3
Japan,CAIT,Energy,All GHG,MtCO₂e,1995,1144.52
Japan,CAIT,Industrial Processes,All GHG,MtCO₂e,1995,90.66
Japan,CAIT,Agriculture,All GHG,MtCO₂e,1995,28.49
Japan,CAIT,Waste,All GHG,MtCO₂e,1995,13.85
Japan,CAIT,Land-Use Change and Forestry,All GHG,MtCO₂e,1995,-75.68
Japan,CAIT,Bunker Fuels,All GHG,MtCO₂e,1995,34.94
Japan,CAIT,Electricity/Heat,All GHG,MtCO₂e,1995,459.76
Japan,CAIT,Manufacturing/Construction,All GHG,MtCO₂e,1995,263.52
Japan,CAIT,Transportation,All GHG,MtCO₂e,1995,251.63
Japan,CAIT,Building,All GHG,MtCO₂e,1995,137.55
Japan,CAIT,Other Fuel Combustion,All GHG,MtCO₂e,1995,27.55
Japan,CAIT,Fugitive Emissions,All GHG,MtCO₂e,1995,4.51
Japan,CAIT,Energy,All GHG,MtCO₂e,1994,1134.04
Japan,CAIT,Industrial Processes,All GHG,MtCO₂e,1994,84.71
Japan,CAIT,Agriculture,All GHG,MtCO₂e,1994,29.64
Japan,CAIT,Waste,All GHG,MtCO₂e,1994,14.1
Japan,CAIT,Land-Use Change and Forestry,All GHG,MtCO₂e,1994,-75.71
Japan,CAIT,Bunker Fuels,All GHG,MtCO₂e,1994,37.23
Japan,CAIT,Electricity/Heat,All GHG,MtCO₂e,1994,471.47
Japan,CAIT,Manufacturing/Construction,All GHG,MtCO₂e,1994,258.56
Japan,CAIT,Transportation,All GHG,MtCO₂e,1994,243.34
Japan,CAIT,Building,All GHG,MtCO₂e,1994,129.21
Japan,CAIT,Other Fuel Combustion,All GHG,MtCO₂e,1994,26.81
Japan,CAIT,Fugitive Emissions,All GHG,MtCO₂e,1994,4.66
Japan,CAIT,Energy,All GHG,MtCO₂e,1993,1081.87
Japan,CAIT,Industrial Processes,All GHG,MtCO₂e,1993,79.83
Japan,CAIT,Agriculture,All GHG,MtCO₂e,1993,29.31
Japan,CAIT,Waste,All GHG,MtCO₂e,1993,14.29
Japan,CAIT,Land-Use Change and Forestry,All GHG,MtCO₂e,1993,-75.66
Japan,CAIT,Bunker Fuels,All GHG,MtCO₂e,1993,35.47
Japan,CAIT,Electricity/Heat,All GHG,MtCO₂e,1993,429.89
Japan,CAIT,Manufacturing/Construction,All GHG,MtCO₂e,1993,255.81
Japan,CAIT,Transportation,All GHG,MtCO₂e,1993,231.06
Japan,CAIT,Building,All GHG,MtCO₂e,1993,132.32
Japan,CAIT,Other Fuel Combustion,All GHG,MtCO₂e,1993,27.86
Japan,CAIT,Fugitive Emissions,All GHG,MtCO₂e,1993,4.93
Japan,CAIT,Energy,All GHG,MtCO₂e,1992,1089.72
Japan,CAIT,Industrial Processes,All GHG,MtCO₂e,1992,79.54
Japan,CAIT,Agriculture,All GHG,MtCO₂e,1992,29.08
Japan,CAIT,Waste,All GHG,MtCO₂e,1992,14.48
Japan,CAIT,Land-Use Change and Forestry,All GHG,MtCO₂e,1992,-75.66
Japan,CAIT,Bunker Fuels,All GHG,MtCO₂e,1992,33.5
Japan,CAIT,Electricity/Heat,All GHG,MtCO₂e,1992,446.54
Japan,CAIT,Manufacturing/Construction,All GHG,MtCO₂e,1992,257.21
Japan,CAIT,Transportation,All GHG,MtCO₂e,1992,225.89
Japan,CAIT,Building,All GHG,MtCO₂e,1992,126.25
Japan,CAIT,Other Fuel Combustion,All GHG,MtCO₂e,1992,28.27
Japan,CAIT,Fugitive Emissions,All GHG,MtCO₂e,1992,5.57
Japan,CAIT,Energy,All GHG,MtCO₂e,1991,1079.46
Japan,CAIT,Industrial Processes,All GHG,MtCO₂e,1991,76.99
Japan,CAIT,Agriculture,All GHG,MtCO₂e,1991,28.58
Japan,CAIT,Waste,All GHG,MtCO₂e,1991,14.49
Japan,CAIT,Land-Use Change and Forestry,All GHG,MtCO₂e,1991,-75.66
Japan,CAIT,Bunker Fuels,All GHG,MtCO₂e,1991,33.08
Japan,CAIT,Electricity/Heat,All GHG,MtCO₂e,1991,440.67
Japan,CAIT,Manufacturing/Construction,All GHG,MtCO₂e,1991,261.56
Japan,CAIT,Transportation,All GHG,MtCO₂e,1991,221.09
Japan,CAIT,Building,All GHG,MtCO₂e,1991,122.04
Japan,CAIT,Other Fuel Combustion,All GHG,MtCO₂e,1991,28.2
Japan,CAIT,Fugitive Emissions,All GHG,MtCO₂e,1991,5.9
Japan,CAIT,Energy,All GHG,MtCO₂e,1990,1068.22
Japan,CAIT,Industrial Processes,All GHG,MtCO₂e,1990,73.3
Japan,CAIT,Agriculture,All GHG,MtCO₂e,1990,28.89
Japan,CAIT,Waste,All GHG,MtCO₂e,1990,14.63
Japan,CAIT,Land-Use Change and Forestry,All GHG,MtCO₂e,1990,-75.66
Japan,CAIT,Bunker Fuels,All GHG,MtCO₂e,1990,31.35
Japan,CAIT,Electricity/Heat,All GHG,MtCO₂e,1990,440.51
Japan,CAIT,Manufacturing/Construction,All GHG,MtCO₂e,1990,262.87
Japan,CAIT,Transportation,All GHG,MtCO₂e,1990,210.79
Japan,CAIT,Building,All GHG,MtCO₂e,1990,120.16
Japan,CAIT,Other Fuel Combustion,All GHG,MtCO₂e,1990,27.52
Japan,CAIT,Fugitive Emissions,All GHG,MtCO₂e,1990,6.36
