﻿Country,Year,GDP Value,Type of GDP
Russian Federation,1990,7084.753,"GDP per capita, current prices (U.S. dollars per capita)"
Russian Federation,1991,5784.551,"GDP per capita, current prices (U.S. dollars per capita)"
Russian Federation,1992,482.767,"GDP per capita, current prices (U.S. dollars per capita)"
Russian Federation,1993,1322.006,"GDP per capita, current prices (U.S. dollars per capita)"
Russian Federation,1994,1979.411,"GDP per capita, current prices (U.S. dollars per capita)"
Russian Federation,1995,2264.343,"GDP per capita, current prices (U.S. dollars per capita)"
Russian Federation,1996,2787.022,"GDP per capita, current prices (U.S. dollars per capita)"
Russian Federation,1997,2935.03,"GDP per capita, current prices (U.S. dollars per capita)"
Russian Federation,1998,1949.801,"GDP per capita, current prices (U.S. dollars per capita)"
Russian Federation,1999,1427.307,"GDP per capita, current prices (U.S. dollars per capita)"
Russian Federation,2000,1901.956,"GDP per capita, current prices (U.S. dollars per capita)"
Russian Federation,2001,2255.253,"GDP per capita, current prices (U.S. dollars per capita)"
Russian Federation,2002,2552.788,"GDP per capita, current prices (U.S. dollars per capita)"
Russian Federation,2003,3197.573,"GDP per capita, current prices (U.S. dollars per capita)"
Russian Federation,2004,4403.962,"GDP per capita, current prices (U.S. dollars per capita)"
Russian Federation,2005,5708.838,"GDP per capita, current prices (U.S. dollars per capita)"
Russian Federation,2006,7426.005,"GDP per capita, current prices (U.S. dollars per capita)"
Russian Federation,2007,9761.368,"GDP per capita, current prices (U.S. dollars per capita)"
Russian Federation,2008,12464.244,"GDP per capita, current prices (U.S. dollars per capita)"
Russian Federation,2009,9156.97,"GDP per capita, current prices (U.S. dollars per capita)"
Russian Federation,2010,11431.148,"GDP per capita, current prices (U.S. dollars per capita)"
Russian Federation,2011,14306.432,"GDP per capita, current prices (U.S. dollars per capita)"
Russian Federation,2012,15287.967,"GDP per capita, current prices (U.S. dollars per capita)"
Russian Federation,2013,15928.699,"GDP per capita, current prices (U.S. dollars per capita)"
Russian Federation,2014,14007.509,"GDP per capita, current prices (U.S. dollars per capita)"
Russian Federation,2015,9257.935,"GDP per capita, current prices (U.S. dollars per capita)"
Russian Federation,2016,8723.523,"GDP per capita, current prices (U.S. dollars per capita)"
Russian Federation,2017,10723.996,"GDP per capita, current prices (U.S. dollars per capita)"
Russian Federation,2018,11261.71,"GDP per capita, current prices (U.S. dollars per capita)"
Russian Federation,2019,11516.604,"GDP per capita, current prices (U.S. dollars per capita)"
Russian Federation,2020,10115.35,"GDP per capita, current prices (U.S. dollars per capita)"
Russian Federation,2021,11273.242,"GDP per capita, current prices (U.S. dollars per capita)"
Russian Federation,2022,11664.617,"GDP per capita, current prices (U.S. dollars per capita)"
Russian Federation,2023,12024.438,"GDP per capita, current prices (U.S. dollars per capita)"
Russian Federation,2024,12450.982,"GDP per capita, current prices (U.S. dollars per capita)"
Russian Federation,2025,12908.401,"GDP per capita, current prices (U.S. dollars per capita)"
Russian Federation,2026,13398.984,"GDP per capita, current prices (U.S. dollars per capita)"
