﻿Country,Data source,Sector,Gas,Unit,Year,Gas Emitted
Russia,CAIT,Energy,All GHG,MtCO₂e,2018,2275.62
Russia,CAIT,Agriculture,All GHG,MtCO₂e,2018,95.99
Russia,CAIT,Electricity/Heat,All GHG,MtCO₂e,2018,844.67
Russia,CAIT,Manufacturing/Construction,All GHG,MtCO₂e,2018,250.55
Russia,CAIT,Transportation,All GHG,MtCO₂e,2018,258.86
Russia,CAIT,Energy,All GHG,MtCO₂e,2017,2227.22
Russia,CAIT,Agriculture,All GHG,MtCO₂e,2017,95.54
Russia,CAIT,Electricity/Heat,All GHG,MtCO₂e,2017,835.58
Russia,CAIT,Manufacturing/Construction,All GHG,MtCO₂e,2017,262.09
Russia,CAIT,Transportation,All GHG,MtCO₂e,2017,246.06
Russia,CAIT,Energy,All GHG,MtCO₂e,2016,2202.85
Russia,CAIT,Agriculture,All GHG,MtCO₂e,2016,96.22
Russia,CAIT,Electricity/Heat,All GHG,MtCO₂e,2016,840.13
Russia,CAIT,Manufacturing/Construction,All GHG,MtCO₂e,2016,259.78
Russia,CAIT,Transportation,All GHG,MtCO₂e,2016,240.2
Russia,CAIT,Energy,All GHG,MtCO₂e,2015,2211.45
Russia,CAIT,Agriculture,All GHG,MtCO₂e,2015,94.8
Russia,CAIT,Electricity/Heat,All GHG,MtCO₂e,2015,879.86
Russia,CAIT,Manufacturing/Construction,All GHG,MtCO₂e,2015,249.98
Russia,CAIT,Transportation,All GHG,MtCO₂e,2015,240.61
Russia,CAIT,Energy,All GHG,MtCO₂e,2014,2253.19
Russia,CAIT,Agriculture,All GHG,MtCO₂e,2014,97.07
Russia,CAIT,Electricity/Heat,All GHG,MtCO₂e,2014,907.38
Russia,CAIT,Manufacturing/Construction,All GHG,MtCO₂e,2014,247.03
Russia,CAIT,Transportation,All GHG,MtCO₂e,2014,241.39
Russia,CAIT,Energy,All GHG,MtCO₂e,2013,2269.24
Russia,CAIT,Agriculture,All GHG,MtCO₂e,2013,94.22
Russia,CAIT,Electricity/Heat,All GHG,MtCO₂e,2013,969.39
Russia,CAIT,Manufacturing/Construction,All GHG,MtCO₂e,2013,223.86
Russia,CAIT,Transportation,All GHG,MtCO₂e,2013,238.7
Russia,CAIT,Energy,All GHG,MtCO₂e,2012,2313.55
Russia,CAIT,Agriculture,All GHG,MtCO₂e,2012,95.25
Russia,CAIT,Electricity/Heat,All GHG,MtCO₂e,2012,1007.74
Russia,CAIT,Manufacturing/Construction,All GHG,MtCO₂e,2012,226.31
Russia,CAIT,Transportation,All GHG,MtCO₂e,2012,237.32
Russia,CAIT,Energy,All GHG,MtCO₂e,2011,2303.47
Russia,CAIT,Agriculture,All GHG,MtCO₂e,2011,95.8
Russia,CAIT,Electricity/Heat,All GHG,MtCO₂e,2011,1015.17
Russia,CAIT,Manufacturing/Construction,All GHG,MtCO₂e,2011,184.01
Russia,CAIT,Transportation,All GHG,MtCO₂e,2011,249.69
Russia,CAIT,Energy,All GHG,MtCO₂e,2010,2215.1
Russia,CAIT,Agriculture,All GHG,MtCO₂e,2010,95.05
Russia,CAIT,Electricity/Heat,All GHG,MtCO₂e,2010,956.01
Russia,CAIT,Manufacturing/Construction,All GHG,MtCO₂e,2010,178.43
Russia,CAIT,Transportation,All GHG,MtCO₂e,2010,244.13
Russia,CAIT,Energy,All GHG,MtCO₂e,2009,2105.29
Russia,CAIT,Agriculture,All GHG,MtCO₂e,2009,97.14
Russia,CAIT,Electricity/Heat,All GHG,MtCO₂e,2009,891.48
Russia,CAIT,Manufacturing/Construction,All GHG,MtCO₂e,2009,166.23
Russia,CAIT,Transportation,All GHG,MtCO₂e,2009,228.33
Russia,CAIT,Energy,All GHG,MtCO₂e,2008,2237.63
Russia,CAIT,Agriculture,All GHG,MtCO₂e,2008,101.63
Russia,CAIT,Electricity/Heat,All GHG,MtCO₂e,2008,961.59
Russia,CAIT,Manufacturing/Construction,All GHG,MtCO₂e,2008,172.38
Russia,CAIT,Transportation,All GHG,MtCO₂e,2008,245.3
Russia,CAIT,Energy,All GHG,MtCO₂e,2007,2213.68
Russia,CAIT,Agriculture,All GHG,MtCO₂e,2007,94.97
Russia,CAIT,Electricity/Heat,All GHG,MtCO₂e,2007,965.64
Russia,CAIT,Manufacturing/Construction,All GHG,MtCO₂e,2007,170.99
Russia,CAIT,Transportation,All GHG,MtCO₂e,2007,230.71
Russia,CAIT,Energy,All GHG,MtCO₂e,2006,2206.69
Russia,CAIT,Agriculture,All GHG,MtCO₂e,2006,94.24
Russia,CAIT,Electricity/Heat,All GHG,MtCO₂e,2006,994.76
Russia,CAIT,Manufacturing/Construction,All GHG,MtCO₂e,2006,152.63
Russia,CAIT,Transportation,All GHG,MtCO₂e,2006,229.17
Russia,CAIT,Energy,All GHG,MtCO₂e,2005,2133.54
Russia,CAIT,Agriculture,All GHG,MtCO₂e,2005,96.79
Russia,CAIT,Electricity/Heat,All GHG,MtCO₂e,2005,947.84
Russia,CAIT,Manufacturing/Construction,All GHG,MtCO₂e,2005,154.88
Russia,CAIT,Transportation,All GHG,MtCO₂e,2005,220.89
Russia,CAIT,Energy,All GHG,MtCO₂e,2004,2123.47
Russia,CAIT,Agriculture,All GHG,MtCO₂e,2004,100.71
Russia,CAIT,Electricity/Heat,All GHG,MtCO₂e,2004,943.17
Russia,CAIT,Manufacturing/Construction,All GHG,MtCO₂e,2004,153.21
Russia,CAIT,Transportation,All GHG,MtCO₂e,2004,222.18
Russia,CAIT,Energy,All GHG,MtCO₂e,2003,2073.79
Russia,CAIT,Agriculture,All GHG,MtCO₂e,2003,112.97
Russia,CAIT,Electricity/Heat,All GHG,MtCO₂e,2003,956.82
Russia,CAIT,Manufacturing/Construction,All GHG,MtCO₂e,2003,151.78
Russia,CAIT,Transportation,All GHG,MtCO₂e,2003,207.55
Russia,CAIT,Energy,All GHG,MtCO₂e,2002,1997.0
Russia,CAIT,Agriculture,All GHG,MtCO₂e,2002,110.77
Russia,CAIT,Electricity/Heat,All GHG,MtCO₂e,2002,933.94
Russia,CAIT,Manufacturing/Construction,All GHG,MtCO₂e,2002,159.65
Russia,CAIT,Transportation,All GHG,MtCO₂e,2002,198.61
Russia,CAIT,Energy,All GHG,MtCO₂e,2001,1970.58
Russia,CAIT,Agriculture,All GHG,MtCO₂e,2001,111.52
Russia,CAIT,Electricity/Heat,All GHG,MtCO₂e,2001,929.27
Russia,CAIT,Manufacturing/Construction,All GHG,MtCO₂e,2001,157.88
Russia,CAIT,Transportation,All GHG,MtCO₂e,2001,195.64
Russia,CAIT,Energy,All GHG,MtCO₂e,2000,1945.14
Russia,CAIT,Agriculture,All GHG,MtCO₂e,2000,110.12
Russia,CAIT,Electricity/Heat,All GHG,MtCO₂e,2000,930.29
Russia,CAIT,Manufacturing/Construction,All GHG,MtCO₂e,2000,165.59
Russia,CAIT,Transportation,All GHG,MtCO₂e,2000,189.17
Russia,CAIT,Energy,All GHG,MtCO₂e,1999,1894.92
Russia,CAIT,Agriculture,All GHG,MtCO₂e,1999,110.15
Russia,CAIT,Electricity/Heat,All GHG,MtCO₂e,1999,917.49
Russia,CAIT,Manufacturing/Construction,All GHG,MtCO₂e,1999,142.48
Russia,CAIT,Transportation,All GHG,MtCO₂e,1999,198.06
Russia,CAIT,Energy,All GHG,MtCO₂e,1998,1850.33
Russia,CAIT,Agriculture,All GHG,MtCO₂e,1998,120.52
Russia,CAIT,Electricity/Heat,All GHG,MtCO₂e,1998,907.32
Russia,CAIT,Manufacturing/Construction,All GHG,MtCO₂e,1998,133.91
Russia,CAIT,Transportation,All GHG,MtCO₂e,1998,196.4
Russia,CAIT,Energy,All GHG,MtCO₂e,1997,1865.01
Russia,CAIT,Agriculture,All GHG,MtCO₂e,1997,130.9
Russia,CAIT,Electricity/Heat,All GHG,MtCO₂e,1997,910.52
Russia,CAIT,Manufacturing/Construction,All GHG,MtCO₂e,1997,149.3
Russia,CAIT,Transportation,All GHG,MtCO₂e,1997,166.57
Russia,CAIT,Energy,All GHG,MtCO₂e,1996,1972.76
Russia,CAIT,Agriculture,All GHG,MtCO₂e,1996,146.53
Russia,CAIT,Electricity/Heat,All GHG,MtCO₂e,1996,982.04
Russia,CAIT,Manufacturing/Construction,All GHG,MtCO₂e,1996,162.06
Russia,CAIT,Transportation,All GHG,MtCO₂e,1996,181.47
Russia,CAIT,Energy,All GHG,MtCO₂e,1995,2007.59
Russia,CAIT,Agriculture,All GHG,MtCO₂e,1995,159.35
Russia,CAIT,Electricity/Heat,All GHG,MtCO₂e,1995,957.9
Russia,CAIT,Manufacturing/Construction,All GHG,MtCO₂e,1995,184.81
Russia,CAIT,Transportation,All GHG,MtCO₂e,1995,190.94
Russia,CAIT,Energy,All GHG,MtCO₂e,1994,2070.07
Russia,CAIT,Agriculture,All GHG,MtCO₂e,1994,177.65
Russia,CAIT,Electricity/Heat,All GHG,MtCO₂e,1994,1014.7
Russia,CAIT,Manufacturing/Construction,All GHG,MtCO₂e,1994,143.17
Russia,CAIT,Transportation,All GHG,MtCO₂e,1994,207.06
Russia,CAIT,Energy,All GHG,MtCO₂e,1993,2323.69
Russia,CAIT,Agriculture,All GHG,MtCO₂e,1993,197.58
Russia,CAIT,Electricity/Heat,All GHG,MtCO₂e,1993,1101.71
Russia,CAIT,Manufacturing/Construction,All GHG,MtCO₂e,1993,174.77
Russia,CAIT,Transportation,All GHG,MtCO₂e,1993,235.62
Russia,CAIT,Energy,All GHG,MtCO₂e,1992,2553.88
Russia,CAIT,Agriculture,All GHG,MtCO₂e,1992,209.2
Russia,CAIT,Electricity/Heat,All GHG,MtCO₂e,1992,1218.61
Russia,CAIT,Manufacturing/Construction,All GHG,MtCO₂e,1992,200.22
Russia,CAIT,Transportation,All GHG,MtCO₂e,1992,280.7
Russia,CAIT,Energy,All GHG,MtCO₂e,1991,2788.04
Russia,CAIT,Agriculture,All GHG,MtCO₂e,1991,229.43
Russia,CAIT,Electricity/Heat,All GHG,MtCO₂e,1991,1261.62
Russia,CAIT,Manufacturing/Construction,All GHG,MtCO₂e,1991,216.17
Russia,CAIT,Transportation,All GHG,MtCO₂e,1991,293.1
Russia,CAIT,Energy,All GHG,MtCO₂e,1990,2875.81
Russia,CAIT,Agriculture,All GHG,MtCO₂e,1990,237.99
Russia,CAIT,Electricity/Heat,All GHG,MtCO₂e,1990,1231.39
Russia,CAIT,Manufacturing/Construction,All GHG,MtCO₂e,1990,251.41
Russia,CAIT,Transportation,All GHG,MtCO₂e,1990,298.76
