﻿Country,Data source,Sector,Gas,Unit,Year,Gas Emitted
Russia,CAIT,Energy,All GHG,MtCO₂e,2018,2275.62
Russia,CAIT,Industrial Processes,All GHG,MtCO₂e,2018,54.58
Russia,CAIT,Agriculture,All GHG,MtCO₂e,2018,95.99
Russia,CAIT,Waste,All GHG,MtCO₂e,2018,117.21
Russia,CAIT,Land-Use Change and Forestry,All GHG,MtCO₂e,2018,-551.32
Russia,CAIT,Bunker Fuels,All GHG,MtCO₂e,2018,53.8
Russia,CAIT,Electricity/Heat,All GHG,MtCO₂e,2018,844.67
Russia,CAIT,Manufacturing/Construction,All GHG,MtCO₂e,2018,250.55
Russia,CAIT,Transportation,All GHG,MtCO₂e,2018,258.86
Russia,CAIT,Building,All GHG,MtCO₂e,2018,217.99
Russia,CAIT,Other Fuel Combustion,All GHG,MtCO₂e,2018,22.99
Russia,CAIT,Fugitive Emissions,All GHG,MtCO₂e,2018,680.56
Russia,CAIT,Energy,All GHG,MtCO₂e,2017,2227.22
Russia,CAIT,Industrial Processes,All GHG,MtCO₂e,2017,54.91
Russia,CAIT,Agriculture,All GHG,MtCO₂e,2017,95.54
Russia,CAIT,Waste,All GHG,MtCO₂e,2017,116.48
Russia,CAIT,Land-Use Change and Forestry,All GHG,MtCO₂e,2017,-554.89
Russia,CAIT,Bunker Fuels,All GHG,MtCO₂e,2017,52.97
Russia,CAIT,Electricity/Heat,All GHG,MtCO₂e,2017,835.58
Russia,CAIT,Manufacturing/Construction,All GHG,MtCO₂e,2017,262.09
Russia,CAIT,Transportation,All GHG,MtCO₂e,2017,246.06
Russia,CAIT,Building,All GHG,MtCO₂e,2017,178.41
Russia,CAIT,Other Fuel Combustion,All GHG,MtCO₂e,2017,22.71
Russia,CAIT,Fugitive Emissions,All GHG,MtCO₂e,2017,682.36
Russia,CAIT,Energy,All GHG,MtCO₂e,2016,2202.85
Russia,CAIT,Industrial Processes,All GHG,MtCO₂e,2016,55.27
Russia,CAIT,Agriculture,All GHG,MtCO₂e,2016,96.22
Russia,CAIT,Waste,All GHG,MtCO₂e,2016,115.75
Russia,CAIT,Land-Use Change and Forestry,All GHG,MtCO₂e,2016,-551.83
Russia,CAIT,Bunker Fuels,All GHG,MtCO₂e,2016,48.16
Russia,CAIT,Electricity/Heat,All GHG,MtCO₂e,2016,840.13
Russia,CAIT,Manufacturing/Construction,All GHG,MtCO₂e,2016,259.78
Russia,CAIT,Transportation,All GHG,MtCO₂e,2016,240.2
Russia,CAIT,Building,All GHG,MtCO₂e,2016,156.31
Russia,CAIT,Other Fuel Combustion,All GHG,MtCO₂e,2016,22.28
Russia,CAIT,Fugitive Emissions,All GHG,MtCO₂e,2016,684.16
Russia,CAIT,Energy,All GHG,MtCO₂e,2015,2211.45
Russia,CAIT,Industrial Processes,All GHG,MtCO₂e,2015,56.25
Russia,CAIT,Agriculture,All GHG,MtCO₂e,2015,94.8
Russia,CAIT,Waste,All GHG,MtCO₂e,2015,113.19
Russia,CAIT,Land-Use Change and Forestry,All GHG,MtCO₂e,2015,-684.48
Russia,CAIT,Bunker Fuels,All GHG,MtCO₂e,2015,57.43
Russia,CAIT,Electricity/Heat,All GHG,MtCO₂e,2015,879.86
Russia,CAIT,Manufacturing/Construction,All GHG,MtCO₂e,2015,249.98
Russia,CAIT,Transportation,All GHG,MtCO₂e,2015,240.61
Russia,CAIT,Building,All GHG,MtCO₂e,2015,148.76
Russia,CAIT,Other Fuel Combustion,All GHG,MtCO₂e,2015,23.77
Russia,CAIT,Fugitive Emissions,All GHG,MtCO₂e,2015,668.48
Russia,CAIT,Energy,All GHG,MtCO₂e,2014,2253.19
Russia,CAIT,Industrial Processes,All GHG,MtCO₂e,2014,61.0
Russia,CAIT,Agriculture,All GHG,MtCO₂e,2014,97.07
Russia,CAIT,Waste,All GHG,MtCO₂e,2014,110.49
Russia,CAIT,Land-Use Change and Forestry,All GHG,MtCO₂e,2014,-680.49
Russia,CAIT,Bunker Fuels,All GHG,MtCO₂e,2014,64.08
Russia,CAIT,Electricity/Heat,All GHG,MtCO₂e,2014,907.38
Russia,CAIT,Manufacturing/Construction,All GHG,MtCO₂e,2014,247.03
Russia,CAIT,Transportation,All GHG,MtCO₂e,2014,241.39
Russia,CAIT,Building,All GHG,MtCO₂e,2014,138.87
Russia,CAIT,Other Fuel Combustion,All GHG,MtCO₂e,2014,25.28
Russia,CAIT,Fugitive Emissions,All GHG,MtCO₂e,2014,693.24
Russia,CAIT,Energy,All GHG,MtCO₂e,2013,2269.24
Russia,CAIT,Industrial Processes,All GHG,MtCO₂e,2013,59.12
Russia,CAIT,Agriculture,All GHG,MtCO₂e,2013,94.22
Russia,CAIT,Waste,All GHG,MtCO₂e,2013,106.44
Russia,CAIT,Land-Use Change and Forestry,All GHG,MtCO₂e,2013,-684.53
Russia,CAIT,Bunker Fuels,All GHG,MtCO₂e,2013,34.44
Russia,CAIT,Electricity/Heat,All GHG,MtCO₂e,2013,969.39
Russia,CAIT,Manufacturing/Construction,All GHG,MtCO₂e,2013,223.86
Russia,CAIT,Transportation,All GHG,MtCO₂e,2013,238.7
Russia,CAIT,Building,All GHG,MtCO₂e,2013,122.37
Russia,CAIT,Other Fuel Combustion,All GHG,MtCO₂e,2013,22.25
Russia,CAIT,Fugitive Emissions,All GHG,MtCO₂e,2013,692.67
Russia,CAIT,Energy,All GHG,MtCO₂e,2012,2313.55
Russia,CAIT,Industrial Processes,All GHG,MtCO₂e,2012,53.76
Russia,CAIT,Agriculture,All GHG,MtCO₂e,2012,95.25
Russia,CAIT,Waste,All GHG,MtCO₂e,2012,103.62
Russia,CAIT,Land-Use Change and Forestry,All GHG,MtCO₂e,2012,-679.75
Russia,CAIT,Bunker Fuels,All GHG,MtCO₂e,2012,25.41
Russia,CAIT,Electricity/Heat,All GHG,MtCO₂e,2012,1007.74
Russia,CAIT,Manufacturing/Construction,All GHG,MtCO₂e,2012,226.31
Russia,CAIT,Transportation,All GHG,MtCO₂e,2012,237.32
Russia,CAIT,Building,All GHG,MtCO₂e,2012,122.48
Russia,CAIT,Other Fuel Combustion,All GHG,MtCO₂e,2012,22.79
Russia,CAIT,Fugitive Emissions,All GHG,MtCO₂e,2012,696.91
Russia,CAIT,Energy,All GHG,MtCO₂e,2011,2303.47
Russia,CAIT,Industrial Processes,All GHG,MtCO₂e,2011,45.99
Russia,CAIT,Agriculture,All GHG,MtCO₂e,2011,95.8
Russia,CAIT,Waste,All GHG,MtCO₂e,2011,100.95
Russia,CAIT,Land-Use Change and Forestry,All GHG,MtCO₂e,2011,-681.34
Russia,CAIT,Bunker Fuels,All GHG,MtCO₂e,2011,28.77
Russia,CAIT,Electricity/Heat,All GHG,MtCO₂e,2011,1015.17
Russia,CAIT,Manufacturing/Construction,All GHG,MtCO₂e,2011,184.01
Russia,CAIT,Transportation,All GHG,MtCO₂e,2011,249.69
Russia,CAIT,Building,All GHG,MtCO₂e,2011,139.22
Russia,CAIT,Other Fuel Combustion,All GHG,MtCO₂e,2011,25.44
Russia,CAIT,Fugitive Emissions,All GHG,MtCO₂e,2011,689.94
Russia,CAIT,Energy,All GHG,MtCO₂e,2010,2215.1
Russia,CAIT,Industrial Processes,All GHG,MtCO₂e,2010,45.69
Russia,CAIT,Agriculture,All GHG,MtCO₂e,2010,95.05
Russia,CAIT,Waste,All GHG,MtCO₂e,2010,98.16
Russia,CAIT,Land-Use Change and Forestry,All GHG,MtCO₂e,2010,-763.06
Russia,CAIT,Bunker Fuels,All GHG,MtCO₂e,2010,23.51
Russia,CAIT,Electricity/Heat,All GHG,MtCO₂e,2010,956.01
Russia,CAIT,Manufacturing/Construction,All GHG,MtCO₂e,2010,178.43
Russia,CAIT,Transportation,All GHG,MtCO₂e,2010,244.13
Russia,CAIT,Building,All GHG,MtCO₂e,2010,137.03
Russia,CAIT,Other Fuel Combustion,All GHG,MtCO₂e,2010,22.11
Russia,CAIT,Fugitive Emissions,All GHG,MtCO₂e,2010,677.4
Russia,CAIT,Energy,All GHG,MtCO₂e,2009,2105.29
Russia,CAIT,Industrial Processes,All GHG,MtCO₂e,2009,41.4
Russia,CAIT,Agriculture,All GHG,MtCO₂e,2009,97.14
Russia,CAIT,Waste,All GHG,MtCO₂e,2009,96.08
Russia,CAIT,Land-Use Change and Forestry,All GHG,MtCO₂e,2009,-764.37
Russia,CAIT,Bunker Fuels,All GHG,MtCO₂e,2009,17.54
Russia,CAIT,Electricity/Heat,All GHG,MtCO₂e,2009,891.48
Russia,CAIT,Manufacturing/Construction,All GHG,MtCO₂e,2009,166.23
Russia,CAIT,Transportation,All GHG,MtCO₂e,2009,228.33
Russia,CAIT,Building,All GHG,MtCO₂e,2009,139.91
Russia,CAIT,Other Fuel Combustion,All GHG,MtCO₂e,2009,23.22
Russia,CAIT,Fugitive Emissions,All GHG,MtCO₂e,2009,656.13
Russia,CAIT,Energy,All GHG,MtCO₂e,2008,2237.63
Russia,CAIT,Industrial Processes,All GHG,MtCO₂e,2008,51.31
Russia,CAIT,Agriculture,All GHG,MtCO₂e,2008,101.63
Russia,CAIT,Waste,All GHG,MtCO₂e,2008,94.35
Russia,CAIT,Land-Use Change and Forestry,All GHG,MtCO₂e,2008,-757.66
Russia,CAIT,Bunker Fuels,All GHG,MtCO₂e,2008,17.52
Russia,CAIT,Electricity/Heat,All GHG,MtCO₂e,2008,961.59
Russia,CAIT,Manufacturing/Construction,All GHG,MtCO₂e,2008,172.38
Russia,CAIT,Transportation,All GHG,MtCO₂e,2008,245.3
Russia,CAIT,Building,All GHG,MtCO₂e,2008,155.79
Russia,CAIT,Other Fuel Combustion,All GHG,MtCO₂e,2008,27.69
Russia,CAIT,Fugitive Emissions,All GHG,MtCO₂e,2008,674.88
Russia,CAIT,Energy,All GHG,MtCO₂e,2007,2213.68
Russia,CAIT,Industrial Processes,All GHG,MtCO₂e,2007,54.91
Russia,CAIT,Agriculture,All GHG,MtCO₂e,2007,94.97
Russia,CAIT,Waste,All GHG,MtCO₂e,2007,92.53
Russia,CAIT,Land-Use Change and Forestry,All GHG,MtCO₂e,2007,-765.93
Russia,CAIT,Bunker Fuels,All GHG,MtCO₂e,2007,16.45
Russia,CAIT,Electricity/Heat,All GHG,MtCO₂e,2007,965.64
Russia,CAIT,Manufacturing/Construction,All GHG,MtCO₂e,2007,170.99
Russia,CAIT,Transportation,All GHG,MtCO₂e,2007,230.71
Russia,CAIT,Building,All GHG,MtCO₂e,2007,148.05
Russia,CAIT,Other Fuel Combustion,All GHG,MtCO₂e,2007,27.22
Russia,CAIT,Fugitive Emissions,All GHG,MtCO₂e,2007,671.07
Russia,CAIT,Energy,All GHG,MtCO₂e,2006,2206.69
Russia,CAIT,Industrial Processes,All GHG,MtCO₂e,2006,53.37
Russia,CAIT,Agriculture,All GHG,MtCO₂e,2006,94.24
Russia,CAIT,Waste,All GHG,MtCO₂e,2006,90.73
Russia,CAIT,Land-Use Change and Forestry,All GHG,MtCO₂e,2006,-762.91
Russia,CAIT,Bunker Fuels,All GHG,MtCO₂e,2006,16.3
Russia,CAIT,Electricity/Heat,All GHG,MtCO₂e,2006,994.76
Russia,CAIT,Manufacturing/Construction,All GHG,MtCO₂e,2006,152.63
Russia,CAIT,Transportation,All GHG,MtCO₂e,2006,229.17
Russia,CAIT,Building,All GHG,MtCO₂e,2006,145.18
Russia,CAIT,Other Fuel Combustion,All GHG,MtCO₂e,2006,25.25
Russia,CAIT,Fugitive Emissions,All GHG,MtCO₂e,2006,659.68
Russia,CAIT,Energy,All GHG,MtCO₂e,2005,2133.54
Russia,CAIT,Industrial Processes,All GHG,MtCO₂e,2005,53.69
Russia,CAIT,Agriculture,All GHG,MtCO₂e,2005,96.79
Russia,CAIT,Waste,All GHG,MtCO₂e,2005,89.11
Russia,CAIT,Land-Use Change and Forestry,All GHG,MtCO₂e,2005,-765.03
Russia,CAIT,Bunker Fuels,All GHG,MtCO₂e,2005,15.43
Russia,CAIT,Electricity/Heat,All GHG,MtCO₂e,2005,947.84
Russia,CAIT,Manufacturing/Construction,All GHG,MtCO₂e,2005,154.88
Russia,CAIT,Transportation,All GHG,MtCO₂e,2005,220.89
Russia,CAIT,Building,All GHG,MtCO₂e,2005,140.74
Russia,CAIT,Other Fuel Combustion,All GHG,MtCO₂e,2005,26.49
Russia,CAIT,Fugitive Emissions,All GHG,MtCO₂e,2005,642.7
Russia,CAIT,Energy,All GHG,MtCO₂e,2004,2123.47
Russia,CAIT,Industrial Processes,All GHG,MtCO₂e,2004,50.96
Russia,CAIT,Agriculture,All GHG,MtCO₂e,2004,100.71
Russia,CAIT,Waste,All GHG,MtCO₂e,2004,87.32
Russia,CAIT,Land-Use Change and Forestry,All GHG,MtCO₂e,2004,-760.83
Russia,CAIT,Bunker Fuels,All GHG,MtCO₂e,2004,14.27
Russia,CAIT,Electricity/Heat,All GHG,MtCO₂e,2004,943.17
Russia,CAIT,Manufacturing/Construction,All GHG,MtCO₂e,2004,153.21
Russia,CAIT,Transportation,All GHG,MtCO₂e,2004,222.18
Russia,CAIT,Building,All GHG,MtCO₂e,2004,143.87
Russia,CAIT,Other Fuel Combustion,All GHG,MtCO₂e,2004,34.31
Russia,CAIT,Fugitive Emissions,All GHG,MtCO₂e,2004,626.73
Russia,CAIT,Energy,All GHG,MtCO₂e,2003,2073.79
Russia,CAIT,Industrial Processes,All GHG,MtCO₂e,2003,44.74
Russia,CAIT,Agriculture,All GHG,MtCO₂e,2003,112.97
Russia,CAIT,Waste,All GHG,MtCO₂e,2003,86.1
Russia,CAIT,Land-Use Change and Forestry,All GHG,MtCO₂e,2003,-760.98
Russia,CAIT,Bunker Fuels,All GHG,MtCO₂e,2003,14.53
Russia,CAIT,Electricity/Heat,All GHG,MtCO₂e,2003,956.82
Russia,CAIT,Manufacturing/Construction,All GHG,MtCO₂e,2003,151.78
Russia,CAIT,Transportation,All GHG,MtCO₂e,2003,207.55
Russia,CAIT,Building,All GHG,MtCO₂e,2003,150.43
Russia,CAIT,Other Fuel Combustion,All GHG,MtCO₂e,2003,35.82
Russia,CAIT,Fugitive Emissions,All GHG,MtCO₂e,2003,571.39
Russia,CAIT,Energy,All GHG,MtCO₂e,2002,1997.0
Russia,CAIT,Industrial Processes,All GHG,MtCO₂e,2002,48.67
Russia,CAIT,Agriculture,All GHG,MtCO₂e,2002,110.77
Russia,CAIT,Waste,All GHG,MtCO₂e,2002,85.02
Russia,CAIT,Land-Use Change and Forestry,All GHG,MtCO₂e,2002,-764.28
Russia,CAIT,Bunker Fuels,All GHG,MtCO₂e,2002,14.3
Russia,CAIT,Electricity/Heat,All GHG,MtCO₂e,2002,933.94
Russia,CAIT,Manufacturing/Construction,All GHG,MtCO₂e,2002,159.65
Russia,CAIT,Transportation,All GHG,MtCO₂e,2002,198.61
Russia,CAIT,Building,All GHG,MtCO₂e,2002,146.48
Russia,CAIT,Other Fuel Combustion,All GHG,MtCO₂e,2002,35.67
Russia,CAIT,Fugitive Emissions,All GHG,MtCO₂e,2002,522.64
Russia,CAIT,Energy,All GHG,MtCO₂e,2001,1970.58
Russia,CAIT,Industrial Processes,All GHG,MtCO₂e,2001,54.55
Russia,CAIT,Agriculture,All GHG,MtCO₂e,2001,111.52
Russia,CAIT,Waste,All GHG,MtCO₂e,2001,84.21
Russia,CAIT,Land-Use Change and Forestry,All GHG,MtCO₂e,2001,-765.42
Russia,CAIT,Bunker Fuels,All GHG,MtCO₂e,2001,13.78
Russia,CAIT,Electricity/Heat,All GHG,MtCO₂e,2001,929.27
Russia,CAIT,Manufacturing/Construction,All GHG,MtCO₂e,2001,157.88
Russia,CAIT,Transportation,All GHG,MtCO₂e,2001,195.64
Russia,CAIT,Building,All GHG,MtCO₂e,2001,163.86
Russia,CAIT,Other Fuel Combustion,All GHG,MtCO₂e,2001,36.6
Russia,CAIT,Fugitive Emissions,All GHG,MtCO₂e,2001,487.33
Russia,CAIT,Energy,All GHG,MtCO₂e,2000,1945.14
Russia,CAIT,Industrial Processes,All GHG,MtCO₂e,2000,55.84
Russia,CAIT,Agriculture,All GHG,MtCO₂e,2000,110.12
Russia,CAIT,Waste,All GHG,MtCO₂e,2000,83.23
Russia,CAIT,Land-Use Change and Forestry,All GHG,MtCO₂e,2000,-363.24
Russia,CAIT,Bunker Fuels,All GHG,MtCO₂e,2000,13.4
Russia,CAIT,Electricity/Heat,All GHG,MtCO₂e,2000,930.29
Russia,CAIT,Manufacturing/Construction,All GHG,MtCO₂e,2000,165.59
Russia,CAIT,Transportation,All GHG,MtCO₂e,2000,189.17
Russia,CAIT,Building,All GHG,MtCO₂e,2000,162.06
Russia,CAIT,Other Fuel Combustion,All GHG,MtCO₂e,2000,35.53
Russia,CAIT,Fugitive Emissions,All GHG,MtCO₂e,2000,462.51
Russia,CAIT,Energy,All GHG,MtCO₂e,1999,1894.92
Russia,CAIT,Industrial Processes,All GHG,MtCO₂e,1999,49.3
Russia,CAIT,Agriculture,All GHG,MtCO₂e,1999,110.15
Russia,CAIT,Waste,All GHG,MtCO₂e,1999,82.85
Russia,CAIT,Land-Use Change and Forestry,All GHG,MtCO₂e,1999,-364.54
Russia,CAIT,Bunker Fuels,All GHG,MtCO₂e,1999,12.75
Russia,CAIT,Electricity/Heat,All GHG,MtCO₂e,1999,917.49
Russia,CAIT,Manufacturing/Construction,All GHG,MtCO₂e,1999,142.48
Russia,CAIT,Transportation,All GHG,MtCO₂e,1999,198.06
Russia,CAIT,Building,All GHG,MtCO₂e,1999,160.82
Russia,CAIT,Other Fuel Combustion,All GHG,MtCO₂e,1999,33.92
Russia,CAIT,Fugitive Emissions,All GHG,MtCO₂e,1999,442.16
Russia,CAIT,Energy,All GHG,MtCO₂e,1998,1850.33
Russia,CAIT,Industrial Processes,All GHG,MtCO₂e,1998,47.26
Russia,CAIT,Agriculture,All GHG,MtCO₂e,1998,120.52
Russia,CAIT,Waste,All GHG,MtCO₂e,1998,82.1
Russia,CAIT,Land-Use Change and Forestry,All GHG,MtCO₂e,1998,-359.98
Russia,CAIT,Bunker Fuels,All GHG,MtCO₂e,1998,12.33
Russia,CAIT,Electricity/Heat,All GHG,MtCO₂e,1998,907.32
Russia,CAIT,Manufacturing/Construction,All GHG,MtCO₂e,1998,133.91
Russia,CAIT,Transportation,All GHG,MtCO₂e,1998,196.4
Russia,CAIT,Building,All GHG,MtCO₂e,1998,145.09
Russia,CAIT,Other Fuel Combustion,All GHG,MtCO₂e,1998,32.87
Russia,CAIT,Fugitive Emissions,All GHG,MtCO₂e,1998,434.75
Russia,CAIT,Energy,All GHG,MtCO₂e,1997,1865.01
Russia,CAIT,Industrial Processes,All GHG,MtCO₂e,1997,44.5
Russia,CAIT,Agriculture,All GHG,MtCO₂e,1997,130.9
Russia,CAIT,Waste,All GHG,MtCO₂e,1997,82.11
Russia,CAIT,Land-Use Change and Forestry,All GHG,MtCO₂e,1997,-366.92
Russia,CAIT,Bunker Fuels,All GHG,MtCO₂e,1997,13.13
Russia,CAIT,Electricity/Heat,All GHG,MtCO₂e,1997,910.52
Russia,CAIT,Manufacturing/Construction,All GHG,MtCO₂e,1997,149.3
Russia,CAIT,Transportation,All GHG,MtCO₂e,1997,166.57
Russia,CAIT,Building,All GHG,MtCO₂e,1997,152.53
Russia,CAIT,Other Fuel Combustion,All GHG,MtCO₂e,1997,45.55
Russia,CAIT,Fugitive Emissions,All GHG,MtCO₂e,1997,440.55
Russia,CAIT,Energy,All GHG,MtCO₂e,1996,1972.76
Russia,CAIT,Industrial Processes,All GHG,MtCO₂e,1996,42.45
Russia,CAIT,Agriculture,All GHG,MtCO₂e,1996,146.53
Russia,CAIT,Waste,All GHG,MtCO₂e,1996,81.56
Russia,CAIT,Land-Use Change and Forestry,All GHG,MtCO₂e,1996,-354.12
Russia,CAIT,Bunker Fuels,All GHG,MtCO₂e,1996,13.25
Russia,CAIT,Electricity/Heat,All GHG,MtCO₂e,1996,982.04
Russia,CAIT,Manufacturing/Construction,All GHG,MtCO₂e,1996,162.06
Russia,CAIT,Transportation,All GHG,MtCO₂e,1996,181.47
Russia,CAIT,Building,All GHG,MtCO₂e,1996,157.04
Russia,CAIT,Other Fuel Combustion,All GHG,MtCO₂e,1996,49.54
Russia,CAIT,Fugitive Emissions,All GHG,MtCO₂e,1996,440.61
Russia,CAIT,Energy,All GHG,MtCO₂e,1995,2007.59
Russia,CAIT,Industrial Processes,All GHG,MtCO₂e,1995,49.71
Russia,CAIT,Agriculture,All GHG,MtCO₂e,1995,159.35
Russia,CAIT,Waste,All GHG,MtCO₂e,1995,81.51
Russia,CAIT,Land-Use Change and Forestry,All GHG,MtCO₂e,1995,-367.27
Russia,CAIT,Bunker Fuels,All GHG,MtCO₂e,1995,14.13
Russia,CAIT,Electricity/Heat,All GHG,MtCO₂e,1995,957.9
Russia,CAIT,Manufacturing/Construction,All GHG,MtCO₂e,1995,184.81
Russia,CAIT,Transportation,All GHG,MtCO₂e,1995,190.94
Russia,CAIT,Building,All GHG,MtCO₂e,1995,165.03
Russia,CAIT,Other Fuel Combustion,All GHG,MtCO₂e,1995,61.29
Russia,CAIT,Fugitive Emissions,All GHG,MtCO₂e,1995,447.63
Russia,CAIT,Energy,All GHG,MtCO₂e,1994,2070.07
Russia,CAIT,Industrial Processes,All GHG,MtCO₂e,1994,49.89
Russia,CAIT,Agriculture,All GHG,MtCO₂e,1994,177.65
Russia,CAIT,Waste,All GHG,MtCO₂e,1994,81.08
Russia,CAIT,Land-Use Change and Forestry,All GHG,MtCO₂e,1994,-367.22
Russia,CAIT,Bunker Fuels,All GHG,MtCO₂e,1994,15.16
Russia,CAIT,Electricity/Heat,All GHG,MtCO₂e,1994,1014.7
Russia,CAIT,Manufacturing/Construction,All GHG,MtCO₂e,1994,143.17
Russia,CAIT,Transportation,All GHG,MtCO₂e,1994,207.06
Russia,CAIT,Building,All GHG,MtCO₂e,1994,182.74
Russia,CAIT,Other Fuel Combustion,All GHG,MtCO₂e,1994,60.64
Russia,CAIT,Fugitive Emissions,All GHG,MtCO₂e,1994,461.76
Russia,CAIT,Energy,All GHG,MtCO₂e,1993,2323.69
Russia,CAIT,Industrial Processes,All GHG,MtCO₂e,1993,59.25
Russia,CAIT,Agriculture,All GHG,MtCO₂e,1993,197.58
Russia,CAIT,Waste,All GHG,MtCO₂e,1993,81.32
Russia,CAIT,Land-Use Change and Forestry,All GHG,MtCO₂e,1993,-367.22
Russia,CAIT,Bunker Fuels,All GHG,MtCO₂e,1993,18.2
Russia,CAIT,Electricity/Heat,All GHG,MtCO₂e,1993,1101.71
Russia,CAIT,Manufacturing/Construction,All GHG,MtCO₂e,1993,174.77
Russia,CAIT,Transportation,All GHG,MtCO₂e,1993,235.62
Russia,CAIT,Building,All GHG,MtCO₂e,1993,204.47
Russia,CAIT,Other Fuel Combustion,All GHG,MtCO₂e,1993,98.81
Russia,CAIT,Fugitive Emissions,All GHG,MtCO₂e,1993,508.32
Russia,CAIT,Energy,All GHG,MtCO₂e,1992,2553.88
Russia,CAIT,Industrial Processes,All GHG,MtCO₂e,1992,75.03
Russia,CAIT,Agriculture,All GHG,MtCO₂e,1992,209.2
Russia,CAIT,Waste,All GHG,MtCO₂e,1992,81.04
Russia,CAIT,Land-Use Change and Forestry,All GHG,MtCO₂e,1992,-367.22
Russia,CAIT,Bunker Fuels,All GHG,MtCO₂e,1992,21.43
Russia,CAIT,Electricity/Heat,All GHG,MtCO₂e,1992,1218.61
Russia,CAIT,Manufacturing/Construction,All GHG,MtCO₂e,1992,200.22
Russia,CAIT,Transportation,All GHG,MtCO₂e,1992,280.7
Russia,CAIT,Building,All GHG,MtCO₂e,1992,205.66
Russia,CAIT,Other Fuel Combustion,All GHG,MtCO₂e,1992,69.17
Russia,CAIT,Fugitive Emissions,All GHG,MtCO₂e,1992,579.52
Russia,CAIT,Energy,All GHG,MtCO₂e,1991,2788.04
Russia,CAIT,Industrial Processes,All GHG,MtCO₂e,1991,56.62
Russia,CAIT,Agriculture,All GHG,MtCO₂e,1991,229.43
Russia,CAIT,Waste,All GHG,MtCO₂e,1991,81.55
Russia,CAIT,Land-Use Change and Forestry,All GHG,MtCO₂e,1991,-366.66
Russia,CAIT,Bunker Fuels,All GHG,MtCO₂e,1991,23.06
Russia,CAIT,Electricity/Heat,All GHG,MtCO₂e,1991,1261.62
Russia,CAIT,Manufacturing/Construction,All GHG,MtCO₂e,1991,216.17
Russia,CAIT,Transportation,All GHG,MtCO₂e,1991,293.1
Russia,CAIT,Building,All GHG,MtCO₂e,1991,276.05
Russia,CAIT,Other Fuel Combustion,All GHG,MtCO₂e,1991,111.38
Russia,CAIT,Fugitive Emissions,All GHG,MtCO₂e,1991,629.73
Russia,CAIT,Energy,All GHG,MtCO₂e,1990,2875.81
Russia,CAIT,Industrial Processes,All GHG,MtCO₂e,1990,57.34
Russia,CAIT,Agriculture,All GHG,MtCO₂e,1990,237.99
Russia,CAIT,Waste,All GHG,MtCO₂e,1990,81.12
Russia,CAIT,Land-Use Change and Forestry,All GHG,MtCO₂e,1990,-366.66
Russia,CAIT,Bunker Fuels,All GHG,MtCO₂e,1990,32.56
Russia,CAIT,Electricity/Heat,All GHG,MtCO₂e,1990,1231.39
Russia,CAIT,Manufacturing/Construction,All GHG,MtCO₂e,1990,251.41
Russia,CAIT,Transportation,All GHG,MtCO₂e,1990,298.76
Russia,CAIT,Building,All GHG,MtCO₂e,1990,288.23
Russia,CAIT,Other Fuel Combustion,All GHG,MtCO₂e,1990,116.6
Russia,CAIT,Fugitive Emissions,All GHG,MtCO₂e,1990,689.42
