﻿Country,Year,GDP Value,Type of GDP
Singapore,1990,12763.342,"GDP per capita, current prices (U.S. dollars per capita)"
Singapore,1991,14501.96,"GDP per capita, current prices (U.S. dollars per capita)"
Singapore,1992,16136.244,"GDP per capita, current prices (U.S. dollars per capita)"
Singapore,1993,18290.132,"GDP per capita, current prices (U.S. dollars per capita)"
Singapore,1994,21552.408,"GDP per capita, current prices (U.S. dollars per capita)"
Singapore,1995,24914.851,"GDP per capita, current prices (U.S. dollars per capita)"
Singapore,1996,26232.869,"GDP per capita, current prices (U.S. dollars per capita)"
Singapore,1997,26375.868,"GDP per capita, current prices (U.S. dollars per capita)"
Singapore,1998,21829.278,"GDP per capita, current prices (U.S. dollars per capita)"
Singapore,1999,21796.642,"GDP per capita, current prices (U.S. dollars per capita)"
Singapore,2000,23852.834,"GDP per capita, current prices (U.S. dollars per capita)"
Singapore,2001,21699.748,"GDP per capita, current prices (U.S. dollars per capita)"
Singapore,2002,22159.833,"GDP per capita, current prices (U.S. dollars per capita)"
Singapore,2003,23730.379,"GDP per capita, current prices (U.S. dollars per capita)"
Singapore,2004,27608.075,"GDP per capita, current prices (U.S. dollars per capita)"
Singapore,2005,29961.308,"GDP per capita, current prices (U.S. dollars per capita)"
Singapore,2006,33768.446,"GDP per capita, current prices (U.S. dollars per capita)"
Singapore,2007,39432.895,"GDP per capita, current prices (U.S. dollars per capita)"
Singapore,2008,40008.577,"GDP per capita, current prices (U.S. dollars per capita)"
Singapore,2009,38926.813,"GDP per capita, current prices (U.S. dollars per capita)"
Singapore,2010,47236.672,"GDP per capita, current prices (U.S. dollars per capita)"
Singapore,2011,53891.462,"GDP per capita, current prices (U.S. dollars per capita)"
Singapore,2012,55547.546,"GDP per capita, current prices (U.S. dollars per capita)"
Singapore,2013,56967.426,"GDP per capita, current prices (U.S. dollars per capita)"
Singapore,2014,57564.802,"GDP per capita, current prices (U.S. dollars per capita)"
Singapore,2015,55645.607,"GDP per capita, current prices (U.S. dollars per capita)"
Singapore,2016,56846.272,"GDP per capita, current prices (U.S. dollars per capita)"
Singapore,2017,61175.437,"GDP per capita, current prices (U.S. dollars per capita)"
Singapore,2018,66675.772,"GDP per capita, current prices (U.S. dollars per capita)"
Singapore,2019,65641.309,"GDP per capita, current prices (U.S. dollars per capita)"
Singapore,2020,59794.596,"GDP per capita, current prices (U.S. dollars per capita)"
Singapore,2021,66263.418,"GDP per capita, current prices (U.S. dollars per capita)"
Singapore,2022,69129.035,"GDP per capita, current prices (U.S. dollars per capita)"
Singapore,2023,72492.127,"GDP per capita, current prices (U.S. dollars per capita)"
Singapore,2024,75869.289,"GDP per capita, current prices (U.S. dollars per capita)"
Singapore,2025,79169.488,"GDP per capita, current prices (U.S. dollars per capita)"
Singapore,2026,82521.651,"GDP per capita, current prices (U.S. dollars per capita)"
