﻿Country,Data source,Sector,Gas,Unit,Year,Gas Emitted
Singapore,CAIT,Energy,All GHG,MtCO₂e,2018,48.78
Singapore,CAIT,Industrial Processes,All GHG,MtCO₂e,2018,14.62
Singapore,CAIT,Agriculture,All GHG,MtCO₂e,2018,0.02
Singapore,CAIT,Waste,All GHG,MtCO₂e,2018,3.22
Singapore,CAIT,Land-Use Change and Forestry,All GHG,MtCO₂e,2018,0.03
Singapore,CAIT,Bunker Fuels,All GHG,MtCO₂e,2018,181.27
Singapore,CAIT,Electricity/Heat,All GHG,MtCO₂e,2018,25.82
Singapore,CAIT,Manufacturing/Construction,All GHG,MtCO₂e,2018,14.01
Singapore,CAIT,Transportation,All GHG,MtCO₂e,2018,6.92
Singapore,CAIT,Building,All GHG,MtCO₂e,2018,0.6
Singapore,CAIT,Other Fuel Combustion,All GHG,MtCO₂e,2018,0.43
Singapore,CAIT,Fugitive Emissions,All GHG,MtCO₂e,2018,1.0
Singapore,CAIT,Energy,All GHG,MtCO₂e,2017,48.82
Singapore,CAIT,Industrial Processes,All GHG,MtCO₂e,2017,13.99
Singapore,CAIT,Agriculture,All GHG,MtCO₂e,2017,0.02
Singapore,CAIT,Waste,All GHG,MtCO₂e,2017,3.14
Singapore,CAIT,Land-Use Change and Forestry,All GHG,MtCO₂e,2017,0.03
Singapore,CAIT,Bunker Fuels,All GHG,MtCO₂e,2017,182.59
Singapore,CAIT,Electricity/Heat,All GHG,MtCO₂e,2017,26.06
Singapore,CAIT,Manufacturing/Construction,All GHG,MtCO₂e,2017,13.69
Singapore,CAIT,Transportation,All GHG,MtCO₂e,2017,7.08
Singapore,CAIT,Building,All GHG,MtCO₂e,2017,0.59
Singapore,CAIT,Other Fuel Combustion,All GHG,MtCO₂e,2017,0.41
Singapore,CAIT,Fugitive Emissions,All GHG,MtCO₂e,2017,0.98
Singapore,CAIT,Energy,All GHG,MtCO₂e,2016,47.51
Singapore,CAIT,Industrial Processes,All GHG,MtCO₂e,2016,13.36
Singapore,CAIT,Agriculture,All GHG,MtCO₂e,2016,0.02
Singapore,CAIT,Waste,All GHG,MtCO₂e,2016,3.06
Singapore,CAIT,Land-Use Change and Forestry,All GHG,MtCO₂e,2016,0.03
Singapore,CAIT,Bunker Fuels,All GHG,MtCO₂e,2016,174.85
Singapore,CAIT,Electricity/Heat,All GHG,MtCO₂e,2016,25.33
Singapore,CAIT,Manufacturing/Construction,All GHG,MtCO₂e,2016,13.04
Singapore,CAIT,Transportation,All GHG,MtCO₂e,2016,7.18
Singapore,CAIT,Building,All GHG,MtCO₂e,2016,0.61
Singapore,CAIT,Other Fuel Combustion,All GHG,MtCO₂e,2016,0.4
Singapore,CAIT,Fugitive Emissions,All GHG,MtCO₂e,2016,0.96
Singapore,CAIT,Energy,All GHG,MtCO₂e,2015,46.82
Singapore,CAIT,Industrial Processes,All GHG,MtCO₂e,2015,12.73
Singapore,CAIT,Agriculture,All GHG,MtCO₂e,2015,0.02
Singapore,CAIT,Waste,All GHG,MtCO₂e,2015,2.99
Singapore,CAIT,Land-Use Change and Forestry,All GHG,MtCO₂e,2015,-0.05
Singapore,CAIT,Bunker Fuels,All GHG,MtCO₂e,2015,162.76
Singapore,CAIT,Electricity/Heat,All GHG,MtCO₂e,2015,24.81
Singapore,CAIT,Manufacturing/Construction,All GHG,MtCO₂e,2015,12.86
Singapore,CAIT,Transportation,All GHG,MtCO₂e,2015,7.22
Singapore,CAIT,Building,All GHG,MtCO₂e,2015,0.61
Singapore,CAIT,Other Fuel Combustion,All GHG,MtCO₂e,2015,0.39
Singapore,CAIT,Fugitive Emissions,All GHG,MtCO₂e,2015,0.93
Singapore,CAIT,Energy,All GHG,MtCO₂e,2014,45.72
Singapore,CAIT,Industrial Processes,All GHG,MtCO₂e,2014,12.2
Singapore,CAIT,Agriculture,All GHG,MtCO₂e,2014,0.02
Singapore,CAIT,Waste,All GHG,MtCO₂e,2014,2.9
Singapore,CAIT,Land-Use Change and Forestry,All GHG,MtCO₂e,2014,-0.05
Singapore,CAIT,Bunker Fuels,All GHG,MtCO₂e,2014,153.7
Singapore,CAIT,Electricity/Heat,All GHG,MtCO₂e,2014,24.47
Singapore,CAIT,Manufacturing/Construction,All GHG,MtCO₂e,2014,12.66
Singapore,CAIT,Transportation,All GHG,MtCO₂e,2014,6.73
Singapore,CAIT,Building,All GHG,MtCO₂e,2014,0.6
Singapore,CAIT,Other Fuel Combustion,All GHG,MtCO₂e,2014,0.38
Singapore,CAIT,Fugitive Emissions,All GHG,MtCO₂e,2014,0.88
Singapore,CAIT,Energy,All GHG,MtCO₂e,2013,45.12
Singapore,CAIT,Industrial Processes,All GHG,MtCO₂e,2013,11.66
Singapore,CAIT,Agriculture,All GHG,MtCO₂e,2013,0.04
Singapore,CAIT,Waste,All GHG,MtCO₂e,2013,2.81
Singapore,CAIT,Land-Use Change and Forestry,All GHG,MtCO₂e,2013,-0.05
Singapore,CAIT,Bunker Fuels,All GHG,MtCO₂e,2013,154.39
Singapore,CAIT,Electricity/Heat,All GHG,MtCO₂e,2013,25.05
Singapore,CAIT,Manufacturing/Construction,All GHG,MtCO₂e,2013,11.71
Singapore,CAIT,Transportation,All GHG,MtCO₂e,2013,6.51
Singapore,CAIT,Building,All GHG,MtCO₂e,2013,0.64
Singapore,CAIT,Other Fuel Combustion,All GHG,MtCO₂e,2013,0.37
Singapore,CAIT,Fugitive Emissions,All GHG,MtCO₂e,2013,0.83
Singapore,CAIT,Energy,All GHG,MtCO₂e,2012,44.83
Singapore,CAIT,Industrial Processes,All GHG,MtCO₂e,2012,11.12
Singapore,CAIT,Agriculture,All GHG,MtCO₂e,2012,0.04
Singapore,CAIT,Waste,All GHG,MtCO₂e,2012,2.72
Singapore,CAIT,Land-Use Change and Forestry,All GHG,MtCO₂e,2012,-0.05
Singapore,CAIT,Bunker Fuels,All GHG,MtCO₂e,2012,153.48
Singapore,CAIT,Electricity/Heat,All GHG,MtCO₂e,2012,25.86
Singapore,CAIT,Manufacturing/Construction,All GHG,MtCO₂e,2012,10.2
Singapore,CAIT,Transportation,All GHG,MtCO₂e,2012,7.01
Singapore,CAIT,Building,All GHG,MtCO₂e,2012,0.62
Singapore,CAIT,Other Fuel Combustion,All GHG,MtCO₂e,2012,0.37
Singapore,CAIT,Fugitive Emissions,All GHG,MtCO₂e,2012,0.77
Singapore,CAIT,Energy,All GHG,MtCO₂e,2011,45.84
Singapore,CAIT,Industrial Processes,All GHG,MtCO₂e,2011,10.58
Singapore,CAIT,Agriculture,All GHG,MtCO₂e,2011,0.04
Singapore,CAIT,Waste,All GHG,MtCO₂e,2011,2.63
Singapore,CAIT,Land-Use Change and Forestry,All GHG,MtCO₂e,2011,-0.05
Singapore,CAIT,Bunker Fuels,All GHG,MtCO₂e,2011,152.94
Singapore,CAIT,Electricity/Heat,All GHG,MtCO₂e,2011,26.6
Singapore,CAIT,Manufacturing/Construction,All GHG,MtCO₂e,2011,10.3
Singapore,CAIT,Transportation,All GHG,MtCO₂e,2011,7.25
Singapore,CAIT,Building,All GHG,MtCO₂e,2011,0.62
Singapore,CAIT,Other Fuel Combustion,All GHG,MtCO₂e,2011,0.36
Singapore,CAIT,Fugitive Emissions,All GHG,MtCO₂e,2011,0.72
Singapore,CAIT,Energy,All GHG,MtCO₂e,2010,43.43
Singapore,CAIT,Industrial Processes,All GHG,MtCO₂e,2010,10.05
Singapore,CAIT,Agriculture,All GHG,MtCO₂e,2010,0.02
Singapore,CAIT,Waste,All GHG,MtCO₂e,2010,2.54
Singapore,CAIT,Land-Use Change and Forestry,All GHG,MtCO₂e,2010,-0.05
Singapore,CAIT,Bunker Fuels,All GHG,MtCO₂e,2010,144.46
Singapore,CAIT,Electricity/Heat,All GHG,MtCO₂e,2010,25.24
Singapore,CAIT,Manufacturing/Construction,All GHG,MtCO₂e,2010,9.76
Singapore,CAIT,Transportation,All GHG,MtCO₂e,2010,6.79
Singapore,CAIT,Building,All GHG,MtCO₂e,2010,0.64
Singapore,CAIT,Other Fuel Combustion,All GHG,MtCO₂e,2010,0.35
Singapore,CAIT,Fugitive Emissions,All GHG,MtCO₂e,2010,0.67
Singapore,CAIT,Energy,All GHG,MtCO₂e,2009,39.81
Singapore,CAIT,Industrial Processes,All GHG,MtCO₂e,2009,10.06
Singapore,CAIT,Agriculture,All GHG,MtCO₂e,2009,0.04
Singapore,CAIT,Waste,All GHG,MtCO₂e,2009,2.39
Singapore,CAIT,Land-Use Change and Forestry,All GHG,MtCO₂e,2009,-0.05
Singapore,CAIT,Bunker Fuels,All GHG,MtCO₂e,2009,128.61
Singapore,CAIT,Electricity/Heat,All GHG,MtCO₂e,2009,22.93
Singapore,CAIT,Manufacturing/Construction,All GHG,MtCO₂e,2009,8.58
Singapore,CAIT,Transportation,All GHG,MtCO₂e,2009,6.7
Singapore,CAIT,Building,All GHG,MtCO₂e,2009,0.62
Singapore,CAIT,Other Fuel Combustion,All GHG,MtCO₂e,2009,0.34
Singapore,CAIT,Fugitive Emissions,All GHG,MtCO₂e,2009,0.65
Singapore,CAIT,Energy,All GHG,MtCO₂e,2008,39.37
Singapore,CAIT,Industrial Processes,All GHG,MtCO₂e,2008,10.08
Singapore,CAIT,Agriculture,All GHG,MtCO₂e,2008,0.06
Singapore,CAIT,Waste,All GHG,MtCO₂e,2008,2.24
Singapore,CAIT,Land-Use Change and Forestry,All GHG,MtCO₂e,2008,-0.05
Singapore,CAIT,Bunker Fuels,All GHG,MtCO₂e,2008,124.47
Singapore,CAIT,Electricity/Heat,All GHG,MtCO₂e,2008,25.76
Singapore,CAIT,Manufacturing/Construction,All GHG,MtCO₂e,2008,5.95
Singapore,CAIT,Transportation,All GHG,MtCO₂e,2008,6.12
Singapore,CAIT,Building,All GHG,MtCO₂e,2008,0.59
Singapore,CAIT,Other Fuel Combustion,All GHG,MtCO₂e,2008,0.32
Singapore,CAIT,Fugitive Emissions,All GHG,MtCO₂e,2008,0.63
Singapore,CAIT,Energy,All GHG,MtCO₂e,2007,39.2
Singapore,CAIT,Industrial Processes,All GHG,MtCO₂e,2007,10.1
Singapore,CAIT,Agriculture,All GHG,MtCO₂e,2007,0.07
Singapore,CAIT,Waste,All GHG,MtCO₂e,2007,2.09
Singapore,CAIT,Land-Use Change and Forestry,All GHG,MtCO₂e,2007,-0.05
Singapore,CAIT,Bunker Fuels,All GHG,MtCO₂e,2007,113.55
Singapore,CAIT,Electricity/Heat,All GHG,MtCO₂e,2007,25.97
Singapore,CAIT,Manufacturing/Construction,All GHG,MtCO₂e,2007,5.73
Singapore,CAIT,Transportation,All GHG,MtCO₂e,2007,6.01
Singapore,CAIT,Building,All GHG,MtCO₂e,2007,0.58
Singapore,CAIT,Other Fuel Combustion,All GHG,MtCO₂e,2007,0.31
Singapore,CAIT,Fugitive Emissions,All GHG,MtCO₂e,2007,0.6
Singapore,CAIT,Energy,All GHG,MtCO₂e,2006,38.05
Singapore,CAIT,Industrial Processes,All GHG,MtCO₂e,2006,10.11
Singapore,CAIT,Agriculture,All GHG,MtCO₂e,2006,0.09
Singapore,CAIT,Waste,All GHG,MtCO₂e,2006,1.94
Singapore,CAIT,Land-Use Change and Forestry,All GHG,MtCO₂e,2006,-0.05
Singapore,CAIT,Bunker Fuels,All GHG,MtCO₂e,2006,103.08
Singapore,CAIT,Electricity/Heat,All GHG,MtCO₂e,2006,25.46
Singapore,CAIT,Manufacturing/Construction,All GHG,MtCO₂e,2006,5.43
Singapore,CAIT,Transportation,All GHG,MtCO₂e,2006,5.81
Singapore,CAIT,Building,All GHG,MtCO₂e,2006,0.47
Singapore,CAIT,Other Fuel Combustion,All GHG,MtCO₂e,2006,0.29
Singapore,CAIT,Fugitive Emissions,All GHG,MtCO₂e,2006,0.58
Singapore,CAIT,Energy,All GHG,MtCO₂e,2005,37.74
Singapore,CAIT,Industrial Processes,All GHG,MtCO₂e,2005,10.13
Singapore,CAIT,Agriculture,All GHG,MtCO₂e,2005,0.08
Singapore,CAIT,Waste,All GHG,MtCO₂e,2005,1.79
Singapore,CAIT,Land-Use Change and Forestry,All GHG,MtCO₂e,2005,-0.05
Singapore,CAIT,Bunker Fuels,All GHG,MtCO₂e,2005,93.02
Singapore,CAIT,Electricity/Heat,All GHG,MtCO₂e,2005,25.6
Singapore,CAIT,Manufacturing/Construction,All GHG,MtCO₂e,2005,5.19
Singapore,CAIT,Transportation,All GHG,MtCO₂e,2005,5.59
Singapore,CAIT,Building,All GHG,MtCO₂e,2005,0.37
Singapore,CAIT,Other Fuel Combustion,All GHG,MtCO₂e,2005,0.42
Singapore,CAIT,Fugitive Emissions,All GHG,MtCO₂e,2005,0.56
Singapore,CAIT,Energy,All GHG,MtCO₂e,2004,40.37
Singapore,CAIT,Industrial Processes,All GHG,MtCO₂e,2004,10.24
Singapore,CAIT,Agriculture,All GHG,MtCO₂e,2004,0.08
Singapore,CAIT,Waste,All GHG,MtCO₂e,2004,1.76
Singapore,CAIT,Land-Use Change and Forestry,All GHG,MtCO₂e,2004,-0.05
Singapore,CAIT,Bunker Fuels,All GHG,MtCO₂e,2004,86.23
Singapore,CAIT,Electricity/Heat,All GHG,MtCO₂e,2004,28.79
Singapore,CAIT,Manufacturing/Construction,All GHG,MtCO₂e,2004,4.81
Singapore,CAIT,Transportation,All GHG,MtCO₂e,2004,5.41
Singapore,CAIT,Building,All GHG,MtCO₂e,2004,0.47
Singapore,CAIT,Other Fuel Combustion,All GHG,MtCO₂e,2004,0.41
Singapore,CAIT,Fugitive Emissions,All GHG,MtCO₂e,2004,0.49
Singapore,CAIT,Energy,All GHG,MtCO₂e,2003,38.83
Singapore,CAIT,Industrial Processes,All GHG,MtCO₂e,2003,10.4
Singapore,CAIT,Agriculture,All GHG,MtCO₂e,2003,0.06
Singapore,CAIT,Waste,All GHG,MtCO₂e,2003,1.72
Singapore,CAIT,Land-Use Change and Forestry,All GHG,MtCO₂e,2003,-0.05
Singapore,CAIT,Bunker Fuels,All GHG,MtCO₂e,2003,75.36
Singapore,CAIT,Electricity/Heat,All GHG,MtCO₂e,2003,27.89
Singapore,CAIT,Manufacturing/Construction,All GHG,MtCO₂e,2003,4.36
Singapore,CAIT,Transportation,All GHG,MtCO₂e,2003,5.31
Singapore,CAIT,Building,All GHG,MtCO₂e,2003,0.46
Singapore,CAIT,Other Fuel Combustion,All GHG,MtCO₂e,2003,0.39
Singapore,CAIT,Fugitive Emissions,All GHG,MtCO₂e,2003,0.42
Singapore,CAIT,Energy,All GHG,MtCO₂e,2002,41.88
Singapore,CAIT,Industrial Processes,All GHG,MtCO₂e,2002,10.53
Singapore,CAIT,Agriculture,All GHG,MtCO₂e,2002,0.03
Singapore,CAIT,Waste,All GHG,MtCO₂e,2002,1.69
Singapore,CAIT,Land-Use Change and Forestry,All GHG,MtCO₂e,2002,-0.05
Singapore,CAIT,Bunker Fuels,All GHG,MtCO₂e,2002,74.84
Singapore,CAIT,Electricity/Heat,All GHG,MtCO₂e,2002,31.64
Singapore,CAIT,Manufacturing/Construction,All GHG,MtCO₂e,2002,3.68
Singapore,CAIT,Transportation,All GHG,MtCO₂e,2002,5.29
Singapore,CAIT,Building,All GHG,MtCO₂e,2002,0.54
Singapore,CAIT,Other Fuel Combustion,All GHG,MtCO₂e,2002,0.39
Singapore,CAIT,Fugitive Emissions,All GHG,MtCO₂e,2002,0.35
Singapore,CAIT,Energy,All GHG,MtCO₂e,2001,42.53
Singapore,CAIT,Industrial Processes,All GHG,MtCO₂e,2001,10.8
Singapore,CAIT,Agriculture,All GHG,MtCO₂e,2001,0.02
Singapore,CAIT,Waste,All GHG,MtCO₂e,2001,1.65
Singapore,CAIT,Land-Use Change and Forestry,All GHG,MtCO₂e,2001,-0.05
Singapore,CAIT,Bunker Fuels,All GHG,MtCO₂e,2001,75.2
Singapore,CAIT,Electricity/Heat,All GHG,MtCO₂e,2001,32.65
Singapore,CAIT,Manufacturing/Construction,All GHG,MtCO₂e,2001,3.45
Singapore,CAIT,Transportation,All GHG,MtCO₂e,2001,5.32
Singapore,CAIT,Building,All GHG,MtCO₂e,2001,0.46
Singapore,CAIT,Other Fuel Combustion,All GHG,MtCO₂e,2001,0.39
Singapore,CAIT,Fugitive Emissions,All GHG,MtCO₂e,2001,0.28
Singapore,CAIT,Energy,All GHG,MtCO₂e,2000,42.54
Singapore,CAIT,Industrial Processes,All GHG,MtCO₂e,2000,11.13
Singapore,CAIT,Agriculture,All GHG,MtCO₂e,2000,0.02
Singapore,CAIT,Waste,All GHG,MtCO₂e,2000,1.61
Singapore,CAIT,Land-Use Change and Forestry,All GHG,MtCO₂e,2000,-0.05
Singapore,CAIT,Bunker Fuels,All GHG,MtCO₂e,2000,70.19
Singapore,CAIT,Electricity/Heat,All GHG,MtCO₂e,2000,33.03
Singapore,CAIT,Manufacturing/Construction,All GHG,MtCO₂e,2000,3.26
Singapore,CAIT,Transportation,All GHG,MtCO₂e,2000,5.22
Singapore,CAIT,Building,All GHG,MtCO₂e,2000,0.46
Singapore,CAIT,Other Fuel Combustion,All GHG,MtCO₂e,2000,0.37
Singapore,CAIT,Fugitive Emissions,All GHG,MtCO₂e,2000,0.2
Singapore,CAIT,Energy,All GHG,MtCO₂e,1999,38.14
Singapore,CAIT,Industrial Processes,All GHG,MtCO₂e,1999,10.92
Singapore,CAIT,Agriculture,All GHG,MtCO₂e,1999,0.03
Singapore,CAIT,Waste,All GHG,MtCO₂e,1999,1.57
Singapore,CAIT,Land-Use Change and Forestry,All GHG,MtCO₂e,1999,-0.05
Singapore,CAIT,Bunker Fuels,All GHG,MtCO₂e,1999,69.87
Singapore,CAIT,Electricity/Heat,All GHG,MtCO₂e,1999,31.73
Singapore,CAIT,Manufacturing/Construction,All GHG,MtCO₂e,1999,0.33
Singapore,CAIT,Transportation,All GHG,MtCO₂e,1999,5.14
Singapore,CAIT,Building,All GHG,MtCO₂e,1999,0.45
Singapore,CAIT,Other Fuel Combustion,All GHG,MtCO₂e,1999,0.35
Singapore,CAIT,Fugitive Emissions,All GHG,MtCO₂e,1999,0.14
Singapore,CAIT,Energy,All GHG,MtCO₂e,1998,37.38
Singapore,CAIT,Industrial Processes,All GHG,MtCO₂e,1998,10.78
Singapore,CAIT,Agriculture,All GHG,MtCO₂e,1998,0.03
Singapore,CAIT,Waste,All GHG,MtCO₂e,1998,1.53
Singapore,CAIT,Land-Use Change and Forestry,All GHG,MtCO₂e,1998,-0.05
Singapore,CAIT,Bunker Fuels,All GHG,MtCO₂e,1998,62.18
Singapore,CAIT,Electricity/Heat,All GHG,MtCO₂e,1998,31.01
Singapore,CAIT,Manufacturing/Construction,All GHG,MtCO₂e,1998,0.35
Singapore,CAIT,Transportation,All GHG,MtCO₂e,1998,5.08
Singapore,CAIT,Building,All GHG,MtCO₂e,1998,0.46
Singapore,CAIT,Other Fuel Combustion,All GHG,MtCO₂e,1998,0.34
Singapore,CAIT,Fugitive Emissions,All GHG,MtCO₂e,1998,0.14
Singapore,CAIT,Energy,All GHG,MtCO₂e,1997,38.49
Singapore,CAIT,Industrial Processes,All GHG,MtCO₂e,1997,10.75
Singapore,CAIT,Agriculture,All GHG,MtCO₂e,1997,0.02
Singapore,CAIT,Waste,All GHG,MtCO₂e,1997,1.48
Singapore,CAIT,Land-Use Change and Forestry,All GHG,MtCO₂e,1997,-0.05
Singapore,CAIT,Bunker Fuels,All GHG,MtCO₂e,1997,58.52
Singapore,CAIT,Electricity/Heat,All GHG,MtCO₂e,1997,31.89
Singapore,CAIT,Manufacturing/Construction,All GHG,MtCO₂e,1997,0.38
Singapore,CAIT,Transportation,All GHG,MtCO₂e,1997,5.07
Singapore,CAIT,Building,All GHG,MtCO₂e,1997,0.69
Singapore,CAIT,Other Fuel Combustion,All GHG,MtCO₂e,1997,0.33
Singapore,CAIT,Fugitive Emissions,All GHG,MtCO₂e,1997,0.14
Singapore,CAIT,Energy,All GHG,MtCO₂e,1996,38.83
Singapore,CAIT,Industrial Processes,All GHG,MtCO₂e,1996,10.34
Singapore,CAIT,Agriculture,All GHG,MtCO₂e,1996,0.03
Singapore,CAIT,Waste,All GHG,MtCO₂e,1996,1.44
Singapore,CAIT,Land-Use Change and Forestry,All GHG,MtCO₂e,1996,-0.05
Singapore,CAIT,Bunker Fuels,All GHG,MtCO₂e,1996,50.71
Singapore,CAIT,Electricity/Heat,All GHG,MtCO₂e,1996,32.37
Singapore,CAIT,Manufacturing/Construction,All GHG,MtCO₂e,1996,0.4
Singapore,CAIT,Transportation,All GHG,MtCO₂e,1996,5.11
Singapore,CAIT,Building,All GHG,MtCO₂e,1996,0.55
Singapore,CAIT,Other Fuel Combustion,All GHG,MtCO₂e,1996,0.28
Singapore,CAIT,Fugitive Emissions,All GHG,MtCO₂e,1996,0.14
Singapore,CAIT,Energy,All GHG,MtCO₂e,1995,37.89
Singapore,CAIT,Industrial Processes,All GHG,MtCO₂e,1995,9.89
Singapore,CAIT,Agriculture,All GHG,MtCO₂e,1995,0.03
Singapore,CAIT,Waste,All GHG,MtCO₂e,1995,1.39
Singapore,CAIT,Land-Use Change and Forestry,All GHG,MtCO₂e,1995,-0.05
Singapore,CAIT,Bunker Fuels,All GHG,MtCO₂e,1995,43.54
Singapore,CAIT,Electricity/Heat,All GHG,MtCO₂e,1995,30.85
Singapore,CAIT,Manufacturing/Construction,All GHG,MtCO₂e,1995,0.47
Singapore,CAIT,Transportation,All GHG,MtCO₂e,1995,5.65
Singapore,CAIT,Building,All GHG,MtCO₂e,1995,0.52
Singapore,CAIT,Other Fuel Combustion,All GHG,MtCO₂e,1995,0.26
Singapore,CAIT,Fugitive Emissions,All GHG,MtCO₂e,1995,0.14
Singapore,CAIT,Energy,All GHG,MtCO₂e,1994,38.25
Singapore,CAIT,Industrial Processes,All GHG,MtCO₂e,1994,8.22
Singapore,CAIT,Agriculture,All GHG,MtCO₂e,1994,0.03
Singapore,CAIT,Waste,All GHG,MtCO₂e,1994,1.35
Singapore,CAIT,Land-Use Change and Forestry,All GHG,MtCO₂e,1994,-0.05
Singapore,CAIT,Bunker Fuels,All GHG,MtCO₂e,1994,43.91
Singapore,CAIT,Electricity/Heat,All GHG,MtCO₂e,1994,31.55
Singapore,CAIT,Manufacturing/Construction,All GHG,MtCO₂e,1994,0.54
Singapore,CAIT,Transportation,All GHG,MtCO₂e,1994,5.14
Singapore,CAIT,Building,All GHG,MtCO₂e,1994,0.66
Singapore,CAIT,Other Fuel Combustion,All GHG,MtCO₂e,1994,0.25
Singapore,CAIT,Fugitive Emissions,All GHG,MtCO₂e,1994,0.12
Singapore,CAIT,Energy,All GHG,MtCO₂e,1993,36.41
Singapore,CAIT,Industrial Processes,All GHG,MtCO₂e,1993,6.53
Singapore,CAIT,Agriculture,All GHG,MtCO₂e,1993,0.03
Singapore,CAIT,Waste,All GHG,MtCO₂e,1993,1.31
Singapore,CAIT,Land-Use Change and Forestry,All GHG,MtCO₂e,1993,-0.05
Singapore,CAIT,Bunker Fuels,All GHG,MtCO₂e,1993,42.28
Singapore,CAIT,Electricity/Heat,All GHG,MtCO₂e,1993,30.2
Singapore,CAIT,Manufacturing/Construction,All GHG,MtCO₂e,1993,0.5
Singapore,CAIT,Transportation,All GHG,MtCO₂e,1993,4.72
Singapore,CAIT,Building,All GHG,MtCO₂e,1993,0.65
Singapore,CAIT,Other Fuel Combustion,All GHG,MtCO₂e,1993,0.24
Singapore,CAIT,Fugitive Emissions,All GHG,MtCO₂e,1993,0.1
Singapore,CAIT,Energy,All GHG,MtCO₂e,1992,31.62
Singapore,CAIT,Industrial Processes,All GHG,MtCO₂e,1992,4.46
Singapore,CAIT,Agriculture,All GHG,MtCO₂e,1992,0.03
Singapore,CAIT,Waste,All GHG,MtCO₂e,1992,1.27
Singapore,CAIT,Land-Use Change and Forestry,All GHG,MtCO₂e,1992,-0.05
Singapore,CAIT,Bunker Fuels,All GHG,MtCO₂e,1992,45.07
Singapore,CAIT,Electricity/Heat,All GHG,MtCO₂e,1992,25.47
Singapore,CAIT,Manufacturing/Construction,All GHG,MtCO₂e,1992,0.46
Singapore,CAIT,Transportation,All GHG,MtCO₂e,1992,4.76
Singapore,CAIT,Building,All GHG,MtCO₂e,1992,0.64
Singapore,CAIT,Other Fuel Combustion,All GHG,MtCO₂e,1992,0.22
Singapore,CAIT,Fugitive Emissions,All GHG,MtCO₂e,1992,0.07
Singapore,CAIT,Energy,All GHG,MtCO₂e,1991,30.66
Singapore,CAIT,Industrial Processes,All GHG,MtCO₂e,1991,2.87
Singapore,CAIT,Agriculture,All GHG,MtCO₂e,1991,0.03
Singapore,CAIT,Waste,All GHG,MtCO₂e,1991,1.23
Singapore,CAIT,Land-Use Change and Forestry,All GHG,MtCO₂e,1991,-0.05
Singapore,CAIT,Bunker Fuels,All GHG,MtCO₂e,1991,37.17
Singapore,CAIT,Electricity/Heat,All GHG,MtCO₂e,1991,23.88
Singapore,CAIT,Manufacturing/Construction,All GHG,MtCO₂e,1991,0.42
Singapore,CAIT,Transportation,All GHG,MtCO₂e,1991,4.93
Singapore,CAIT,Building,All GHG,MtCO₂e,1991,1.17
Singapore,CAIT,Other Fuel Combustion,All GHG,MtCO₂e,1991,0.21
Singapore,CAIT,Fugitive Emissions,All GHG,MtCO₂e,1991,0.05
Singapore,CAIT,Energy,All GHG,MtCO₂e,1990,29.12
Singapore,CAIT,Industrial Processes,All GHG,MtCO₂e,1990,1.18
Singapore,CAIT,Agriculture,All GHG,MtCO₂e,1990,0.11
Singapore,CAIT,Waste,All GHG,MtCO₂e,1990,1.19
Singapore,CAIT,Land-Use Change and Forestry,All GHG,MtCO₂e,1990,-0.05
Singapore,CAIT,Bunker Fuels,All GHG,MtCO₂e,1990,39.91
Singapore,CAIT,Electricity/Heat,All GHG,MtCO₂e,1990,23.15
Singapore,CAIT,Manufacturing/Construction,All GHG,MtCO₂e,1990,0.44
Singapore,CAIT,Transportation,All GHG,MtCO₂e,1990,4.07
Singapore,CAIT,Building,All GHG,MtCO₂e,1990,1.24
Singapore,CAIT,Other Fuel Combustion,All GHG,MtCO₂e,1990,0.2
Singapore,CAIT,Fugitive Emissions,All GHG,MtCO₂e,1990,0.03
