﻿Country,Year,GDP Value,Type of GDP
United States,1990,23847.977,"GDP per capita, current prices (U.S. dollars per capita)"
United States,1991,24302.776,"GDP per capita, current prices (U.S. dollars per capita)"
United States,1992,25392.931,"GDP per capita, current prices (U.S. dollars per capita)"
United States,1993,26364.192,"GDP per capita, current prices (U.S. dollars per capita)"
United States,1994,27674.021,"GDP per capita, current prices (U.S. dollars per capita)"
United States,1995,28671.48,"GDP per capita, current prices (U.S. dollars per capita)"
United States,1996,29946.973,"GDP per capita, current prices (U.S. dollars per capita)"
United States,1997,31440.087,"GDP per capita, current prices (U.S. dollars per capita)"
United States,1998,32833.666,"GDP per capita, current prices (U.S. dollars per capita)"
United States,1999,34496.241,"GDP per capita, current prices (U.S. dollars per capita)"
United States,2000,36312.782,"GDP per capita, current prices (U.S. dollars per capita)"
United States,2001,37101.453,"GDP per capita, current prices (U.S. dollars per capita)"
United States,2002,37945.761,"GDP per capita, current prices (U.S. dollars per capita)"
United States,2003,39405.354,"GDP per capita, current prices (U.S. dollars per capita)"
United States,2004,41641.617,"GDP per capita, current prices (U.S. dollars per capita)"
United States,2005,44034.256,"GDP per capita, current prices (U.S. dollars per capita)"
United States,2006,46216.853,"GDP per capita, current prices (U.S. dollars per capita)"
United States,2007,47943.353,"GDP per capita, current prices (U.S. dollars per capita)"
United States,2008,48470.553,"GDP per capita, current prices (U.S. dollars per capita)"
United States,2009,47102.428,"GDP per capita, current prices (U.S. dollars per capita)"
United States,2010,48586.288,"GDP per capita, current prices (U.S. dollars per capita)"
United States,2011,50008.108,"GDP per capita, current prices (U.S. dollars per capita)"
United States,2012,51736.738,"GDP per capita, current prices (U.S. dollars per capita)"
United States,2013,53245.516,"GDP per capita, current prices (U.S. dollars per capita)"
United States,2014,55083.507,"GDP per capita, current prices (U.S. dollars per capita)"
United States,2015,56729.681,"GDP per capita, current prices (U.S. dollars per capita)"
United States,2016,57839.992,"GDP per capita, current prices (U.S. dollars per capita)"
United States,2017,59885.714,"GDP per capita, current prices (U.S. dollars per capita)"
United States,2018,62769.664,"GDP per capita, current prices (U.S. dollars per capita)"
United States,2019,65051.88,"GDP per capita, current prices (U.S. dollars per capita)"
United States,2020,63358.489,"GDP per capita, current prices (U.S. dollars per capita)"
United States,2021,69375.375,"GDP per capita, current prices (U.S. dollars per capita)"
United States,2022,74725.001,"GDP per capita, current prices (U.S. dollars per capita)"
United States,2023,77881.313,"GDP per capita, current prices (U.S. dollars per capita)"
United States,2024,80714.781,"GDP per capita, current prices (U.S. dollars per capita)"
United States,2025,83563.823,"GDP per capita, current prices (U.S. dollars per capita)"
United States,2026,86428.68,"GDP per capita, current prices (U.S. dollars per capita)"
