﻿Country,Data source,Sector,Gas,Unit,Year,Gas Emitted
United States,CAIT,Energy,All GHG,MtCO₂e,2018,5271.21
United States,CAIT,Agriculture,All GHG,MtCO₂e,2018,385.25
United States,CAIT,Electricity/Heat,All GHG,MtCO₂e,2018,2103.17
United States,CAIT,Manufacturing/Construction,All GHG,MtCO₂e,2018,458.79
United States,CAIT,Transportation,All GHG,MtCO₂e,2018,1762.24
United States,CAIT,Energy,All GHG,MtCO₂e,2017,5100.78
United States,CAIT,Agriculture,All GHG,MtCO₂e,2017,381.93
United States,CAIT,Electricity/Heat,All GHG,MtCO₂e,2017,2064.52
United States,CAIT,Manufacturing/Construction,All GHG,MtCO₂e,2017,429.41
United States,CAIT,Transportation,All GHG,MtCO₂e,2017,1724.02
United States,CAIT,Energy,All GHG,MtCO₂e,2016,5172.83
United States,CAIT,Agriculture,All GHG,MtCO₂e,2016,381.4
United States,CAIT,Electricity/Heat,All GHG,MtCO₂e,2016,2145.51
United States,CAIT,Manufacturing/Construction,All GHG,MtCO₂e,2016,439.02
United States,CAIT,Transportation,All GHG,MtCO₂e,2016,1711.22
United States,CAIT,Energy,All GHG,MtCO₂e,2015,5277.14
United States,CAIT,Agriculture,All GHG,MtCO₂e,2015,370.09
United States,CAIT,Electricity/Heat,All GHG,MtCO₂e,2015,2234.02
United States,CAIT,Manufacturing/Construction,All GHG,MtCO₂e,2015,433.89
United States,CAIT,Transportation,All GHG,MtCO₂e,2015,1700.05
United States,CAIT,Energy,All GHG,MtCO₂e,2014,5402.76
United States,CAIT,Agriculture,All GHG,MtCO₂e,2014,370.82
United States,CAIT,Electricity/Heat,All GHG,MtCO₂e,2014,2376.19
United States,CAIT,Manufacturing/Construction,All GHG,MtCO₂e,2014,437.26
United States,CAIT,Transportation,All GHG,MtCO₂e,2014,1639.85
United States,CAIT,Energy,All GHG,MtCO₂e,2013,5391.95
United States,CAIT,Agriculture,All GHG,MtCO₂e,2013,370.94
United States,CAIT,Electricity/Heat,All GHG,MtCO₂e,2013,2378.54
United States,CAIT,Manufacturing/Construction,All GHG,MtCO₂e,2013,434.89
United States,CAIT,Transportation,All GHG,MtCO₂e,2013,1646.94
United States,CAIT,Energy,All GHG,MtCO₂e,2012,5246.43
United States,CAIT,Agriculture,All GHG,MtCO₂e,2012,371.85
United States,CAIT,Electricity/Heat,All GHG,MtCO₂e,2012,2360.2
United States,CAIT,Manufacturing/Construction,All GHG,MtCO₂e,2012,438.64
United States,CAIT,Transportation,All GHG,MtCO₂e,2012,1597.53
United States,CAIT,Energy,All GHG,MtCO₂e,2011,5483.27
United States,CAIT,Agriculture,All GHG,MtCO₂e,2011,374.93
United States,CAIT,Electricity/Heat,All GHG,MtCO₂e,2011,2488.67
United States,CAIT,Manufacturing/Construction,All GHG,MtCO₂e,2011,435.76
United States,CAIT,Transportation,All GHG,MtCO₂e,2011,1633.59
United States,CAIT,Energy,All GHG,MtCO₂e,2010,5716.13
United States,CAIT,Agriculture,All GHG,MtCO₂e,2010,373.6
United States,CAIT,Electricity/Heat,All GHG,MtCO₂e,2010,2609.56
United States,CAIT,Manufacturing/Construction,All GHG,MtCO₂e,2010,466.39
United States,CAIT,Transportation,All GHG,MtCO₂e,2010,1679.77
United States,CAIT,Energy,All GHG,MtCO₂e,2009,5484.76
United States,CAIT,Agriculture,All GHG,MtCO₂e,2009,371.69
United States,CAIT,Electricity/Heat,All GHG,MtCO₂e,2009,2489.11
United States,CAIT,Manufacturing/Construction,All GHG,MtCO₂e,2009,407.6
United States,CAIT,Transportation,All GHG,MtCO₂e,2009,1622.55
United States,CAIT,Energy,All GHG,MtCO₂e,2008,5883.25
United States,CAIT,Agriculture,All GHG,MtCO₂e,2008,377.6
United States,CAIT,Electricity/Heat,All GHG,MtCO₂e,2008,2719.59
United States,CAIT,Manufacturing/Construction,All GHG,MtCO₂e,2008,474.83
United States,CAIT,Transportation,All GHG,MtCO₂e,2008,1708.27
United States,CAIT,Energy,All GHG,MtCO₂e,2007,6044.83
United States,CAIT,Agriculture,All GHG,MtCO₂e,2007,378.98
United States,CAIT,Electricity/Heat,All GHG,MtCO₂e,2007,2789.49
United States,CAIT,Manufacturing/Construction,All GHG,MtCO₂e,2007,486.05
United States,CAIT,Transportation,All GHG,MtCO₂e,2007,1806.37
United States,CAIT,Energy,All GHG,MtCO₂e,2006,5969.29
United States,CAIT,Agriculture,All GHG,MtCO₂e,2006,375.4
United States,CAIT,Electricity/Heat,All GHG,MtCO₂e,2006,2722.96
United States,CAIT,Manufacturing/Construction,All GHG,MtCO₂e,2006,495.86
United States,CAIT,Transportation,All GHG,MtCO₂e,2006,1806.02
United States,CAIT,Energy,All GHG,MtCO₂e,2005,6069.18
United States,CAIT,Agriculture,All GHG,MtCO₂e,2005,371.77
United States,CAIT,Electricity/Heat,All GHG,MtCO₂e,2005,2791.21
United States,CAIT,Manufacturing/Construction,All GHG,MtCO₂e,2005,477.38
United States,CAIT,Transportation,All GHG,MtCO₂e,2005,1807.72
United States,CAIT,Energy,All GHG,MtCO₂e,2004,6057.16
United States,CAIT,Agriculture,All GHG,MtCO₂e,2004,372.86
United States,CAIT,Electricity/Heat,All GHG,MtCO₂e,2004,2742.06
United States,CAIT,Manufacturing/Construction,All GHG,MtCO₂e,2004,511.74
United States,CAIT,Transportation,All GHG,MtCO₂e,2004,1788.67
United States,CAIT,Energy,All GHG,MtCO₂e,2003,5982.76
United States,CAIT,Agriculture,All GHG,MtCO₂e,2003,371.29
United States,CAIT,Electricity/Heat,All GHG,MtCO₂e,2003,2707.69
United States,CAIT,Manufacturing/Construction,All GHG,MtCO₂e,2003,485.47
United States,CAIT,Transportation,All GHG,MtCO₂e,2003,1766.76
United States,CAIT,Energy,All GHG,MtCO₂e,2002,5920.54
United States,CAIT,Agriculture,All GHG,MtCO₂e,2002,366.36
United States,CAIT,Electricity/Heat,All GHG,MtCO₂e,2002,2679.75
United States,CAIT,Manufacturing/Construction,All GHG,MtCO₂e,2002,490.87
United States,CAIT,Transportation,All GHG,MtCO₂e,2002,1741.64
United States,CAIT,Energy,All GHG,MtCO₂e,2001,6088.07
United States,CAIT,Agriculture,All GHG,MtCO₂e,2001,367.0
United States,CAIT,Electricity/Heat,All GHG,MtCO₂e,2001,2812.78
United States,CAIT,Manufacturing/Construction,All GHG,MtCO₂e,2001,540.07
United States,CAIT,Transportation,All GHG,MtCO₂e,2001,1720.04
United States,CAIT,Energy,All GHG,MtCO₂e,2000,6118.73
United States,CAIT,Agriculture,All GHG,MtCO₂e,2000,369.04
United States,CAIT,Electricity/Heat,All GHG,MtCO₂e,2000,2801.39
United States,CAIT,Manufacturing/Construction,All GHG,MtCO₂e,2000,567.17
United States,CAIT,Transportation,All GHG,MtCO₂e,2000,1717.85
United States,CAIT,Energy,All GHG,MtCO₂e,1999,5957.91
United States,CAIT,Agriculture,All GHG,MtCO₂e,1999,374.73
United States,CAIT,Electricity/Heat,All GHG,MtCO₂e,1999,2769.65
United States,CAIT,Manufacturing/Construction,All GHG,MtCO₂e,1999,499.41
United States,CAIT,Transportation,All GHG,MtCO₂e,1999,1686.18
United States,CAIT,Energy,All GHG,MtCO₂e,1998,5948.59
United States,CAIT,Agriculture,All GHG,MtCO₂e,1998,377.3
United States,CAIT,Electricity/Heat,All GHG,MtCO₂e,1998,2800.15
United States,CAIT,Manufacturing/Construction,All GHG,MtCO₂e,1998,512.79
United States,CAIT,Transportation,All GHG,MtCO₂e,1998,1640.36
United States,CAIT,Energy,All GHG,MtCO₂e,1997,5914.9
United States,CAIT,Agriculture,All GHG,MtCO₂e,1997,378.99
United States,CAIT,Electricity/Heat,All GHG,MtCO₂e,1997,2738.66
United States,CAIT,Manufacturing/Construction,All GHG,MtCO₂e,1997,506.77
United States,CAIT,Transportation,All GHG,MtCO₂e,1997,1602.13
United States,CAIT,Energy,All GHG,MtCO₂e,1996,5656.07
United States,CAIT,Agriculture,All GHG,MtCO₂e,1996,380.34
United States,CAIT,Electricity/Heat,All GHG,MtCO₂e,1996,2504.04
United States,CAIT,Manufacturing/Construction,All GHG,MtCO₂e,1996,485.97
United States,CAIT,Transportation,All GHG,MtCO₂e,1996,1577.19
United States,CAIT,Energy,All GHG,MtCO₂e,1995,5501.62
United States,CAIT,Agriculture,All GHG,MtCO₂e,1995,375.81
United States,CAIT,Electricity/Heat,All GHG,MtCO₂e,1995,2423.43
United States,CAIT,Manufacturing/Construction,All GHG,MtCO₂e,1995,486.85
United States,CAIT,Transportation,All GHG,MtCO₂e,1995,1537.76
United States,CAIT,Energy,All GHG,MtCO₂e,1994,5455.6
United States,CAIT,Agriculture,All GHG,MtCO₂e,1994,377.51
United States,CAIT,Electricity/Heat,All GHG,MtCO₂e,1994,2360.7
United States,CAIT,Manufacturing/Construction,All GHG,MtCO₂e,1994,534.89
United States,CAIT,Transportation,All GHG,MtCO₂e,1994,1506.9
United States,CAIT,Energy,All GHG,MtCO₂e,1993,5379.69
United States,CAIT,Agriculture,All GHG,MtCO₂e,1993,367.6
United States,CAIT,Electricity/Heat,All GHG,MtCO₂e,1993,2335.52
United States,CAIT,Manufacturing/Construction,All GHG,MtCO₂e,1993,532.47
United States,CAIT,Transportation,All GHG,MtCO₂e,1993,1454.19
United States,CAIT,Energy,All GHG,MtCO₂e,1992,5274.78
United States,CAIT,Agriculture,All GHG,MtCO₂e,1992,366.45
United States,CAIT,Electricity/Heat,All GHG,MtCO₂e,1992,2276.97
United States,CAIT,Manufacturing/Construction,All GHG,MtCO₂e,1992,517.68
United States,CAIT,Transportation,All GHG,MtCO₂e,1992,1430.66
United States,CAIT,Energy,All GHG,MtCO₂e,1991,5203.59
United States,CAIT,Agriculture,All GHG,MtCO₂e,1991,358.93
United States,CAIT,Electricity/Heat,All GHG,MtCO₂e,1991,2179.91
United States,CAIT,Manufacturing/Construction,All GHG,MtCO₂e,1991,566.95
United States,CAIT,Transportation,All GHG,MtCO₂e,1991,1399.67
United States,CAIT,Energy,All GHG,MtCO₂e,1990,5238.41
United States,CAIT,Agriculture,All GHG,MtCO₂e,1990,357.82
United States,CAIT,Electricity/Heat,All GHG,MtCO₂e,1990,2159.79
United States,CAIT,Manufacturing/Construction,All GHG,MtCO₂e,1990,604.51
United States,CAIT,Transportation,All GHG,MtCO₂e,1990,1426.97
