﻿Country,Data source,Sector,Gas,Unit,Year,Gas Emitted
United States,CAIT,Energy,All GHG,MtCO₂e,2018,5271.21
United States,CAIT,Industrial Processes,All GHG,MtCO₂e,2018,233.91
United States,CAIT,Agriculture,All GHG,MtCO₂e,2018,385.25
United States,CAIT,Waste,All GHG,MtCO₂e,2018,133.24
United States,CAIT,Land-Use Change and Forestry,All GHG,MtCO₂e,2018,-229.27
United States,CAIT,Bunker Fuels,All GHG,MtCO₂e,2018,144.85
United States,CAIT,Electricity/Heat,All GHG,MtCO₂e,2018,2103.17
United States,CAIT,Manufacturing/Construction,All GHG,MtCO₂e,2018,458.79
United States,CAIT,Transportation,All GHG,MtCO₂e,2018,1762.24
United States,CAIT,Building,All GHG,MtCO₂e,2018,550.68
United States,CAIT,Other Fuel Combustion,All GHG,MtCO₂e,2018,94.75
United States,CAIT,Fugitive Emissions,All GHG,MtCO₂e,2018,301.58
United States,CAIT,Energy,All GHG,MtCO₂e,2017,5100.78
United States,CAIT,Industrial Processes,All GHG,MtCO₂e,2017,227.96
United States,CAIT,Agriculture,All GHG,MtCO₂e,2017,381.93
United States,CAIT,Waste,All GHG,MtCO₂e,2017,132.13
United States,CAIT,Land-Use Change and Forestry,All GHG,MtCO₂e,2017,-229.16
United States,CAIT,Bunker Fuels,All GHG,MtCO₂e,2017,148.23
United States,CAIT,Electricity/Heat,All GHG,MtCO₂e,2017,2064.52
United States,CAIT,Manufacturing/Construction,All GHG,MtCO₂e,2017,429.41
United States,CAIT,Transportation,All GHG,MtCO₂e,2017,1724.02
United States,CAIT,Building,All GHG,MtCO₂e,2017,497.9
United States,CAIT,Other Fuel Combustion,All GHG,MtCO₂e,2017,93.83
United States,CAIT,Fugitive Emissions,All GHG,MtCO₂e,2017,291.1
United States,CAIT,Energy,All GHG,MtCO₂e,2016,5172.83
United States,CAIT,Industrial Processes,All GHG,MtCO₂e,2016,222.02
United States,CAIT,Agriculture,All GHG,MtCO₂e,2016,381.4
United States,CAIT,Waste,All GHG,MtCO₂e,2016,131.03
United States,CAIT,Land-Use Change and Forestry,All GHG,MtCO₂e,2016,-230.36
United States,CAIT,Bunker Fuels,All GHG,MtCO₂e,2016,136.85
United States,CAIT,Electricity/Heat,All GHG,MtCO₂e,2016,2145.51
United States,CAIT,Manufacturing/Construction,All GHG,MtCO₂e,2016,439.02
United States,CAIT,Transportation,All GHG,MtCO₂e,2016,1711.22
United States,CAIT,Building,All GHG,MtCO₂e,2016,496.47
United States,CAIT,Other Fuel Combustion,All GHG,MtCO₂e,2016,94.48
United States,CAIT,Fugitive Emissions,All GHG,MtCO₂e,2016,286.11
United States,CAIT,Energy,All GHG,MtCO₂e,2015,5277.14
United States,CAIT,Industrial Processes,All GHG,MtCO₂e,2015,221.22
United States,CAIT,Agriculture,All GHG,MtCO₂e,2015,370.09
United States,CAIT,Waste,All GHG,MtCO₂e,2015,135.2
United States,CAIT,Land-Use Change and Forestry,All GHG,MtCO₂e,2015,-416.96
United States,CAIT,Bunker Fuels,All GHG,MtCO₂e,2015,124.49
United States,CAIT,Electricity/Heat,All GHG,MtCO₂e,2015,2234.02
United States,CAIT,Manufacturing/Construction,All GHG,MtCO₂e,2015,433.89
United States,CAIT,Transportation,All GHG,MtCO₂e,2015,1700.05
United States,CAIT,Building,All GHG,MtCO₂e,2015,512.54
United States,CAIT,Other Fuel Combustion,All GHG,MtCO₂e,2015,97.6
United States,CAIT,Fugitive Emissions,All GHG,MtCO₂e,2015,299.05
United States,CAIT,Energy,All GHG,MtCO₂e,2014,5402.76
United States,CAIT,Industrial Processes,All GHG,MtCO₂e,2014,219.36
United States,CAIT,Agriculture,All GHG,MtCO₂e,2014,370.82
United States,CAIT,Waste,All GHG,MtCO₂e,2014,136.1
United States,CAIT,Land-Use Change and Forestry,All GHG,MtCO₂e,2014,-417.89
United States,CAIT,Bunker Fuels,All GHG,MtCO₂e,2014,118.97
United States,CAIT,Electricity/Heat,All GHG,MtCO₂e,2014,2376.19
United States,CAIT,Manufacturing/Construction,All GHG,MtCO₂e,2014,437.26
United States,CAIT,Transportation,All GHG,MtCO₂e,2014,1639.85
United States,CAIT,Building,All GHG,MtCO₂e,2014,545.08
United States,CAIT,Other Fuel Combustion,All GHG,MtCO₂e,2014,101.33
United States,CAIT,Fugitive Emissions,All GHG,MtCO₂e,2014,303.06
United States,CAIT,Energy,All GHG,MtCO₂e,2013,5391.95
United States,CAIT,Industrial Processes,All GHG,MtCO₂e,2013,209.35
United States,CAIT,Agriculture,All GHG,MtCO₂e,2013,370.94
United States,CAIT,Waste,All GHG,MtCO₂e,2013,136.43
United States,CAIT,Land-Use Change and Forestry,All GHG,MtCO₂e,2013,-417.88
United States,CAIT,Bunker Fuels,All GHG,MtCO₂e,2013,118.34
United States,CAIT,Electricity/Heat,All GHG,MtCO₂e,2013,2378.54
United States,CAIT,Manufacturing/Construction,All GHG,MtCO₂e,2013,434.89
United States,CAIT,Transportation,All GHG,MtCO₂e,2013,1646.94
United States,CAIT,Building,All GHG,MtCO₂e,2013,528.01
United States,CAIT,Other Fuel Combustion,All GHG,MtCO₂e,2013,105.1
United States,CAIT,Fugitive Emissions,All GHG,MtCO₂e,2013,298.47
United States,CAIT,Energy,All GHG,MtCO₂e,2012,5246.43
United States,CAIT,Industrial Processes,All GHG,MtCO₂e,2012,210.15
United States,CAIT,Agriculture,All GHG,MtCO₂e,2012,371.85
United States,CAIT,Waste,All GHG,MtCO₂e,2012,140.31
United States,CAIT,Land-Use Change and Forestry,All GHG,MtCO₂e,2012,-417.87
United States,CAIT,Bunker Fuels,All GHG,MtCO₂e,2012,119.4
United States,CAIT,Electricity/Heat,All GHG,MtCO₂e,2012,2360.2
United States,CAIT,Manufacturing/Construction,All GHG,MtCO₂e,2012,438.64
United States,CAIT,Transportation,All GHG,MtCO₂e,2012,1597.53
United States,CAIT,Building,All GHG,MtCO₂e,2012,460.55
United States,CAIT,Other Fuel Combustion,All GHG,MtCO₂e,2012,100.03
United States,CAIT,Fugitive Emissions,All GHG,MtCO₂e,2012,289.48
United States,CAIT,Energy,All GHG,MtCO₂e,2011,5483.27
United States,CAIT,Industrial Processes,All GHG,MtCO₂e,2011,217.0
United States,CAIT,Agriculture,All GHG,MtCO₂e,2011,374.93
United States,CAIT,Waste,All GHG,MtCO₂e,2011,139.23
United States,CAIT,Land-Use Change and Forestry,All GHG,MtCO₂e,2011,-417.65
United States,CAIT,Bunker Fuels,All GHG,MtCO₂e,2011,145.64
United States,CAIT,Electricity/Heat,All GHG,MtCO₂e,2011,2488.67
United States,CAIT,Manufacturing/Construction,All GHG,MtCO₂e,2011,435.76
United States,CAIT,Transportation,All GHG,MtCO₂e,2011,1633.59
United States,CAIT,Building,All GHG,MtCO₂e,2011,522.21
United States,CAIT,Other Fuel Combustion,All GHG,MtCO₂e,2011,106.0
United States,CAIT,Fugitive Emissions,All GHG,MtCO₂e,2011,297.04
United States,CAIT,Energy,All GHG,MtCO₂e,2010,5716.13
United States,CAIT,Industrial Processes,All GHG,MtCO₂e,2010,204.59
United States,CAIT,Agriculture,All GHG,MtCO₂e,2010,373.6
United States,CAIT,Waste,All GHG,MtCO₂e,2010,148.27
United States,CAIT,Land-Use Change and Forestry,All GHG,MtCO₂e,2010,-401.0
United States,CAIT,Bunker Fuels,All GHG,MtCO₂e,2010,148.82
United States,CAIT,Electricity/Heat,All GHG,MtCO₂e,2010,2609.56
United States,CAIT,Manufacturing/Construction,All GHG,MtCO₂e,2010,466.39
United States,CAIT,Transportation,All GHG,MtCO₂e,2010,1679.77
United States,CAIT,Building,All GHG,MtCO₂e,2010,545.06
United States,CAIT,Other Fuel Combustion,All GHG,MtCO₂e,2010,112.12
United States,CAIT,Fugitive Emissions,All GHG,MtCO₂e,2010,303.23
United States,CAIT,Energy,All GHG,MtCO₂e,2009,5484.76
United States,CAIT,Industrial Processes,All GHG,MtCO₂e,2009,190.55
United States,CAIT,Agriculture,All GHG,MtCO₂e,2009,371.69
United States,CAIT,Waste,All GHG,MtCO₂e,2009,147.45
United States,CAIT,Land-Use Change and Forestry,All GHG,MtCO₂e,2009,-400.8
United States,CAIT,Bunker Fuels,All GHG,MtCO₂e,2009,141.15
United States,CAIT,Electricity/Heat,All GHG,MtCO₂e,2009,2489.11
United States,CAIT,Manufacturing/Construction,All GHG,MtCO₂e,2009,407.6
United States,CAIT,Transportation,All GHG,MtCO₂e,2009,1622.55
United States,CAIT,Building,All GHG,MtCO₂e,2009,551.36
United States,CAIT,Other Fuel Combustion,All GHG,MtCO₂e,2009,110.72
United States,CAIT,Fugitive Emissions,All GHG,MtCO₂e,2009,303.42
United States,CAIT,Energy,All GHG,MtCO₂e,2008,5883.25
United States,CAIT,Industrial Processes,All GHG,MtCO₂e,2008,208.91
United States,CAIT,Agriculture,All GHG,MtCO₂e,2008,377.6
United States,CAIT,Waste,All GHG,MtCO₂e,2008,150.22
United States,CAIT,Land-Use Change and Forestry,All GHG,MtCO₂e,2008,-399.77
United States,CAIT,Bunker Fuels,All GHG,MtCO₂e,2008,154.1
United States,CAIT,Electricity/Heat,All GHG,MtCO₂e,2008,2719.59
United States,CAIT,Manufacturing/Construction,All GHG,MtCO₂e,2008,474.83
United States,CAIT,Transportation,All GHG,MtCO₂e,2008,1708.27
United States,CAIT,Building,All GHG,MtCO₂e,2008,556.25
United States,CAIT,Other Fuel Combustion,All GHG,MtCO₂e,2008,116.87
United States,CAIT,Fugitive Emissions,All GHG,MtCO₂e,2008,307.44
United States,CAIT,Energy,All GHG,MtCO₂e,2007,6044.83
United States,CAIT,Industrial Processes,All GHG,MtCO₂e,2007,221.72
United States,CAIT,Agriculture,All GHG,MtCO₂e,2007,378.98
United States,CAIT,Waste,All GHG,MtCO₂e,2007,152.34
United States,CAIT,Land-Use Change and Forestry,All GHG,MtCO₂e,2007,-400.19
United States,CAIT,Bunker Fuels,All GHG,MtCO₂e,2007,168.09
United States,CAIT,Electricity/Heat,All GHG,MtCO₂e,2007,2789.49
United States,CAIT,Manufacturing/Construction,All GHG,MtCO₂e,2007,486.05
United States,CAIT,Transportation,All GHG,MtCO₂e,2007,1806.37
United States,CAIT,Building,All GHG,MtCO₂e,2007,549.01
United States,CAIT,Other Fuel Combustion,All GHG,MtCO₂e,2007,122.31
United States,CAIT,Fugitive Emissions,All GHG,MtCO₂e,2007,291.6
United States,CAIT,Energy,All GHG,MtCO₂e,2006,5969.29
United States,CAIT,Industrial Processes,All GHG,MtCO₂e,2006,208.39
United States,CAIT,Agriculture,All GHG,MtCO₂e,2006,375.4
United States,CAIT,Waste,All GHG,MtCO₂e,2006,154.35
United States,CAIT,Land-Use Change and Forestry,All GHG,MtCO₂e,2006,-400.62
United States,CAIT,Bunker Fuels,All GHG,MtCO₂e,2006,158.32
United States,CAIT,Electricity/Heat,All GHG,MtCO₂e,2006,2722.96
United States,CAIT,Manufacturing/Construction,All GHG,MtCO₂e,2006,495.86
United States,CAIT,Transportation,All GHG,MtCO₂e,2006,1806.02
United States,CAIT,Building,All GHG,MtCO₂e,2006,517.53
United States,CAIT,Other Fuel Combustion,All GHG,MtCO₂e,2006,130.76
United States,CAIT,Fugitive Emissions,All GHG,MtCO₂e,2006,296.16
United States,CAIT,Energy,All GHG,MtCO₂e,2005,6069.18
United States,CAIT,Industrial Processes,All GHG,MtCO₂e,2005,204.42
United States,CAIT,Agriculture,All GHG,MtCO₂e,2005,371.77
United States,CAIT,Waste,All GHG,MtCO₂e,2005,156.44
United States,CAIT,Land-Use Change and Forestry,All GHG,MtCO₂e,2005,-400.7
United States,CAIT,Bunker Fuels,All GHG,MtCO₂e,2005,151.51
United States,CAIT,Electricity/Heat,All GHG,MtCO₂e,2005,2791.21
United States,CAIT,Manufacturing/Construction,All GHG,MtCO₂e,2005,477.38
United States,CAIT,Transportation,All GHG,MtCO₂e,2005,1807.72
United States,CAIT,Building,All GHG,MtCO₂e,2005,571.94
United States,CAIT,Other Fuel Combustion,All GHG,MtCO₂e,2005,128.84
United States,CAIT,Fugitive Emissions,All GHG,MtCO₂e,2005,292.09
United States,CAIT,Energy,All GHG,MtCO₂e,2004,6057.16
United States,CAIT,Industrial Processes,All GHG,MtCO₂e,2004,199.03
United States,CAIT,Agriculture,All GHG,MtCO₂e,2004,372.86
United States,CAIT,Waste,All GHG,MtCO₂e,2004,158.53
United States,CAIT,Land-Use Change and Forestry,All GHG,MtCO₂e,2004,-400.35
United States,CAIT,Bunker Fuels,All GHG,MtCO₂e,2004,141.23
United States,CAIT,Electricity/Heat,All GHG,MtCO₂e,2004,2742.06
United States,CAIT,Manufacturing/Construction,All GHG,MtCO₂e,2004,511.74
United States,CAIT,Transportation,All GHG,MtCO₂e,2004,1788.67
United States,CAIT,Building,All GHG,MtCO₂e,2004,590.29
United States,CAIT,Other Fuel Combustion,All GHG,MtCO₂e,2004,132.35
United States,CAIT,Fugitive Emissions,All GHG,MtCO₂e,2004,292.06
United States,CAIT,Energy,All GHG,MtCO₂e,2003,5982.76
United States,CAIT,Industrial Processes,All GHG,MtCO₂e,2003,191.49
United States,CAIT,Agriculture,All GHG,MtCO₂e,2003,371.29
United States,CAIT,Waste,All GHG,MtCO₂e,2003,160.86
United States,CAIT,Land-Use Change and Forestry,All GHG,MtCO₂e,2003,-400.27
United States,CAIT,Bunker Fuels,All GHG,MtCO₂e,2003,123.08
United States,CAIT,Electricity/Heat,All GHG,MtCO₂e,2003,2707.69
United States,CAIT,Manufacturing/Construction,All GHG,MtCO₂e,2003,485.47
United States,CAIT,Transportation,All GHG,MtCO₂e,2003,1766.76
United States,CAIT,Building,All GHG,MtCO₂e,2003,605.74
United States,CAIT,Other Fuel Combustion,All GHG,MtCO₂e,2003,123.07
United States,CAIT,Fugitive Emissions,All GHG,MtCO₂e,2003,294.03
United States,CAIT,Energy,All GHG,MtCO₂e,2002,5920.54
United States,CAIT,Industrial Processes,All GHG,MtCO₂e,2002,202.07
United States,CAIT,Agriculture,All GHG,MtCO₂e,2002,366.36
United States,CAIT,Waste,All GHG,MtCO₂e,2002,157.99
United States,CAIT,Land-Use Change and Forestry,All GHG,MtCO₂e,2002,-400.0
United States,CAIT,Bunker Fuels,All GHG,MtCO₂e,2002,138.83
United States,CAIT,Electricity/Heat,All GHG,MtCO₂e,2002,2679.75
United States,CAIT,Manufacturing/Construction,All GHG,MtCO₂e,2002,490.87
United States,CAIT,Transportation,All GHG,MtCO₂e,2002,1741.64
United States,CAIT,Building,All GHG,MtCO₂e,2002,582.87
United States,CAIT,Other Fuel Combustion,All GHG,MtCO₂e,2002,129.34
United States,CAIT,Fugitive Emissions,All GHG,MtCO₂e,2002,296.07
United States,CAIT,Energy,All GHG,MtCO₂e,2001,6088.07
United States,CAIT,Industrial Processes,All GHG,MtCO₂e,2001,192.09
United States,CAIT,Agriculture,All GHG,MtCO₂e,2001,367.0
United States,CAIT,Waste,All GHG,MtCO₂e,2001,159.81
United States,CAIT,Land-Use Change and Forestry,All GHG,MtCO₂e,2001,-400.93
United States,CAIT,Bunker Fuels,All GHG,MtCO₂e,2001,114.28
United States,CAIT,Electricity/Heat,All GHG,MtCO₂e,2001,2812.78
United States,CAIT,Manufacturing/Construction,All GHG,MtCO₂e,2001,540.07
United States,CAIT,Transportation,All GHG,MtCO₂e,2001,1720.04
United States,CAIT,Building,All GHG,MtCO₂e,2001,581.7
United States,CAIT,Other Fuel Combustion,All GHG,MtCO₂e,2001,127.45
United States,CAIT,Fugitive Emissions,All GHG,MtCO₂e,2001,306.05
United States,CAIT,Energy,All GHG,MtCO₂e,2000,6118.73
United States,CAIT,Industrial Processes,All GHG,MtCO₂e,2000,208.7
United States,CAIT,Agriculture,All GHG,MtCO₂e,2000,369.04
United States,CAIT,Waste,All GHG,MtCO₂e,2000,164.69
United States,CAIT,Land-Use Change and Forestry,All GHG,MtCO₂e,2000,-414.95
United States,CAIT,Bunker Fuels,All GHG,MtCO₂e,2000,147.53
United States,CAIT,Electricity/Heat,All GHG,MtCO₂e,2000,2801.39
United States,CAIT,Manufacturing/Construction,All GHG,MtCO₂e,2000,567.17
United States,CAIT,Transportation,All GHG,MtCO₂e,2000,1717.85
United States,CAIT,Building,All GHG,MtCO₂e,2000,599.13
United States,CAIT,Other Fuel Combustion,All GHG,MtCO₂e,2000,127.17
United States,CAIT,Fugitive Emissions,All GHG,MtCO₂e,2000,306.02
United States,CAIT,Energy,All GHG,MtCO₂e,1999,5957.91
United States,CAIT,Industrial Processes,All GHG,MtCO₂e,1999,206.14
United States,CAIT,Agriculture,All GHG,MtCO₂e,1999,374.73
United States,CAIT,Waste,All GHG,MtCO₂e,1999,167.63
United States,CAIT,Land-Use Change and Forestry,All GHG,MtCO₂e,1999,-415.16
United States,CAIT,Bunker Fuels,All GHG,MtCO₂e,1999,140.5
United States,CAIT,Electricity/Heat,All GHG,MtCO₂e,1999,2769.65
United States,CAIT,Manufacturing/Construction,All GHG,MtCO₂e,1999,499.41
United States,CAIT,Transportation,All GHG,MtCO₂e,1999,1686.18
United States,CAIT,Building,All GHG,MtCO₂e,1999,567.36
United States,CAIT,Other Fuel Combustion,All GHG,MtCO₂e,1999,124.23
United States,CAIT,Fugitive Emissions,All GHG,MtCO₂e,1999,311.08
United States,CAIT,Energy,All GHG,MtCO₂e,1998,5948.59
United States,CAIT,Industrial Processes,All GHG,MtCO₂e,1998,209.71
United States,CAIT,Agriculture,All GHG,MtCO₂e,1998,377.3
United States,CAIT,Waste,All GHG,MtCO₂e,1998,173.82
United States,CAIT,Land-Use Change and Forestry,All GHG,MtCO₂e,1998,-415.62
United States,CAIT,Bunker Fuels,All GHG,MtCO₂e,1998,126.49
United States,CAIT,Electricity/Heat,All GHG,MtCO₂e,1998,2800.15
United States,CAIT,Manufacturing/Construction,All GHG,MtCO₂e,1998,512.79
United States,CAIT,Transportation,All GHG,MtCO₂e,1998,1640.36
United States,CAIT,Building,All GHG,MtCO₂e,1998,548.58
United States,CAIT,Other Fuel Combustion,All GHG,MtCO₂e,1998,129.39
United States,CAIT,Fugitive Emissions,All GHG,MtCO₂e,1998,317.32
United States,CAIT,Energy,All GHG,MtCO₂e,1997,5914.9
United States,CAIT,Industrial Processes,All GHG,MtCO₂e,1997,198.51
United States,CAIT,Agriculture,All GHG,MtCO₂e,1997,378.99
United States,CAIT,Waste,All GHG,MtCO₂e,1997,183.26
United States,CAIT,Land-Use Change and Forestry,All GHG,MtCO₂e,1997,-417.19
United States,CAIT,Bunker Fuels,All GHG,MtCO₂e,1997,126.73
United States,CAIT,Electricity/Heat,All GHG,MtCO₂e,1997,2738.66
United States,CAIT,Manufacturing/Construction,All GHG,MtCO₂e,1997,506.77
United States,CAIT,Transportation,All GHG,MtCO₂e,1997,1602.13
United States,CAIT,Building,All GHG,MtCO₂e,1997,600.08
United States,CAIT,Other Fuel Combustion,All GHG,MtCO₂e,1997,133.94
United States,CAIT,Fugitive Emissions,All GHG,MtCO₂e,1997,333.33
United States,CAIT,Energy,All GHG,MtCO₂e,1996,5656.07
United States,CAIT,Industrial Processes,All GHG,MtCO₂e,1996,197.28
United States,CAIT,Agriculture,All GHG,MtCO₂e,1996,380.34
United States,CAIT,Waste,All GHG,MtCO₂e,1996,192.39
United States,CAIT,Land-Use Change and Forestry,All GHG,MtCO₂e,1996,-415.46
United States,CAIT,Bunker Fuels,All GHG,MtCO₂e,1996,134.62
United States,CAIT,Electricity/Heat,All GHG,MtCO₂e,1996,2504.04
United States,CAIT,Manufacturing/Construction,All GHG,MtCO₂e,1996,485.97
United States,CAIT,Transportation,All GHG,MtCO₂e,1996,1577.19
United States,CAIT,Building,All GHG,MtCO₂e,1996,616.39
United States,CAIT,Other Fuel Combustion,All GHG,MtCO₂e,1996,133.49
United States,CAIT,Fugitive Emissions,All GHG,MtCO₂e,1996,338.99
United States,CAIT,Energy,All GHG,MtCO₂e,1995,5501.62
United States,CAIT,Industrial Processes,All GHG,MtCO₂e,1995,187.54
United States,CAIT,Agriculture,All GHG,MtCO₂e,1995,375.81
United States,CAIT,Waste,All GHG,MtCO₂e,1995,195.75
United States,CAIT,Land-Use Change and Forestry,All GHG,MtCO₂e,1995,-416.82
United States,CAIT,Bunker Fuels,All GHG,MtCO₂e,1995,137.89
United States,CAIT,Electricity/Heat,All GHG,MtCO₂e,1995,2423.43
United States,CAIT,Manufacturing/Construction,All GHG,MtCO₂e,1995,486.85
United States,CAIT,Transportation,All GHG,MtCO₂e,1995,1537.76
United States,CAIT,Building,All GHG,MtCO₂e,1995,580.06
United States,CAIT,Other Fuel Combustion,All GHG,MtCO₂e,1995,130.6
United States,CAIT,Fugitive Emissions,All GHG,MtCO₂e,1995,342.93
United States,CAIT,Energy,All GHG,MtCO₂e,1994,5455.6
United States,CAIT,Industrial Processes,All GHG,MtCO₂e,1994,165.51
United States,CAIT,Agriculture,All GHG,MtCO₂e,1994,377.51
United States,CAIT,Waste,All GHG,MtCO₂e,1994,200.52
United States,CAIT,Land-Use Change and Forestry,All GHG,MtCO₂e,1994,-416.94
United States,CAIT,Bunker Fuels,All GHG,MtCO₂e,1994,130.17
United States,CAIT,Electricity/Heat,All GHG,MtCO₂e,1994,2360.7
United States,CAIT,Manufacturing/Construction,All GHG,MtCO₂e,1994,534.89
United States,CAIT,Transportation,All GHG,MtCO₂e,1994,1506.9
United States,CAIT,Building,All GHG,MtCO₂e,1994,575.86
United States,CAIT,Other Fuel Combustion,All GHG,MtCO₂e,1994,128.95
United States,CAIT,Fugitive Emissions,All GHG,MtCO₂e,1994,348.3
United States,CAIT,Energy,All GHG,MtCO₂e,1993,5379.69
United States,CAIT,Industrial Processes,All GHG,MtCO₂e,1993,160.57
United States,CAIT,Agriculture,All GHG,MtCO₂e,1993,367.6
United States,CAIT,Waste,All GHG,MtCO₂e,1993,200.22
United States,CAIT,Land-Use Change and Forestry,All GHG,MtCO₂e,1993,-416.82
United States,CAIT,Bunker Fuels,All GHG,MtCO₂e,1993,132.47
United States,CAIT,Electricity/Heat,All GHG,MtCO₂e,1993,2335.52
United States,CAIT,Manufacturing/Construction,All GHG,MtCO₂e,1993,532.47
United States,CAIT,Transportation,All GHG,MtCO₂e,1993,1454.19
United States,CAIT,Building,All GHG,MtCO₂e,1993,585.59
United States,CAIT,Other Fuel Combustion,All GHG,MtCO₂e,1993,126.24
United States,CAIT,Fugitive Emissions,All GHG,MtCO₂e,1993,345.68
United States,CAIT,Energy,All GHG,MtCO₂e,1992,5274.78
United States,CAIT,Industrial Processes,All GHG,MtCO₂e,1992,157.31
United States,CAIT,Agriculture,All GHG,MtCO₂e,1992,366.45
United States,CAIT,Waste,All GHG,MtCO₂e,1992,202.08
United States,CAIT,Land-Use Change and Forestry,All GHG,MtCO₂e,1992,-416.82
United States,CAIT,Bunker Fuels,All GHG,MtCO₂e,1992,143.99
United States,CAIT,Electricity/Heat,All GHG,MtCO₂e,1992,2276.97
United States,CAIT,Manufacturing/Construction,All GHG,MtCO₂e,1992,517.68
United States,CAIT,Transportation,All GHG,MtCO₂e,1992,1430.66
United States,CAIT,Building,All GHG,MtCO₂e,1992,565.08
United States,CAIT,Other Fuel Combustion,All GHG,MtCO₂e,1992,127.17
United States,CAIT,Fugitive Emissions,All GHG,MtCO₂e,1992,357.23
United States,CAIT,Energy,All GHG,MtCO₂e,1991,5203.59
United States,CAIT,Industrial Processes,All GHG,MtCO₂e,1991,154.31
United States,CAIT,Agriculture,All GHG,MtCO₂e,1991,358.93
United States,CAIT,Waste,All GHG,MtCO₂e,1991,201.9
United States,CAIT,Land-Use Change and Forestry,All GHG,MtCO₂e,1991,-416.82
United States,CAIT,Bunker Fuels,All GHG,MtCO₂e,1991,137.09
United States,CAIT,Electricity/Heat,All GHG,MtCO₂e,1991,2179.91
United States,CAIT,Manufacturing/Construction,All GHG,MtCO₂e,1991,566.95
United States,CAIT,Transportation,All GHG,MtCO₂e,1991,1399.67
United States,CAIT,Building,All GHG,MtCO₂e,1991,555.2
United States,CAIT,Other Fuel Combustion,All GHG,MtCO₂e,1991,140.37
United States,CAIT,Fugitive Emissions,All GHG,MtCO₂e,1991,361.5
United States,CAIT,Energy,All GHG,MtCO₂e,1990,5238.41
United States,CAIT,Industrial Processes,All GHG,MtCO₂e,1990,164.71
United States,CAIT,Agriculture,All GHG,MtCO₂e,1990,357.82
United States,CAIT,Waste,All GHG,MtCO₂e,1990,199.34
United States,CAIT,Land-Use Change and Forestry,All GHG,MtCO₂e,1990,-416.82
United States,CAIT,Bunker Fuels,All GHG,MtCO₂e,1990,130.82
United States,CAIT,Electricity/Heat,All GHG,MtCO₂e,1990,2159.79
United States,CAIT,Manufacturing/Construction,All GHG,MtCO₂e,1990,604.51
United States,CAIT,Transportation,All GHG,MtCO₂e,1990,1426.97
United States,CAIT,Building,All GHG,MtCO₂e,1990,545.48
United States,CAIT,Other Fuel Combustion,All GHG,MtCO₂e,1990,140.89
United States,CAIT,Fugitive Emissions,All GHG,MtCO₂e,1990,360.76
