unnamed: 0,p11 : bhp (bar),i11 : bhp (bar),i11 : energy (kj/day),e06 : bhp (bar),e06 : temperature (k),e05 : temperature (k),e04 : bhp (bar),e04 : temperature (k),e03 : bhp (bar),i11 : water rate (m3/day),i03 : energy (kj/day),p02 : bhp (bar),i02 : energy (kj/day),i11 : temperature (k),p02 : temperature (k),i02 : water rate (m3/day),e02 : bhp (bar),p01 : bhp (bar),i01 : water rate (m3/day),p01 : temperature (k),p11 : temperature (k),i01 : bhp (bar),e05 : bhp (bar),e01 : temperature (k),i01 : temperature (k),i03 : temperature (k),i03 : bhp (bar),e01 : bhp (bar),p03 : bhp (bar),i02 : bhp (bar),p03 : temperature (k),i03 : water rate (m3/day),e03 : temperature (k),i02 : temperature (k),e02 : temperature (k),i01 : energy (kj/day),time (yrs),econ_periods,deltahours
0.0,212.6834735382238,187.726235132636,-0.00174255239678068,201.9284613489974,349.2177648713967,357.4876953748924,213.8215303266763,363.2963757225313,214.8355590173569,-6.3048823243142e-09,-0.004147928662563419,218.7177347681245,0.0,336.0686204556594,349.7448384445465,0.0,219.6456279781974,232.3757444711176,1.376752877945386e-07,355.2039035962208,363.7909467810587,227.5600933876292,192.5064206147622,349.4362606844404,298.15,342.2108814706586,206.634874293935,235.5480292915121,214.261126810046,204.3686216716117,354.4482931874379,-1.372648110056547e-08,361.3357449754193,343.6240540042778,349.1324668607648,0.01743782788583664,0.0,0,
7.9999999970645375,188.99088530773227,224.96775229729124,1061629799.8375614,208.1219151901954,347.70247872424784,354.502639702129,207.47426641807374,360.4483581298069,201.7314705573811,8399.99999999981,1070564514.9887297,183.99551712699702,996512938.2995908,298.1500000000017,348.76462994867364,7649.052461231034,206.31508701236305,187.44020224124858,8399.999999994054,353.44791888966057,360.4714959757102,240.78273454493302,216.52080187375955,348.63908850161584,298.1500000000078,298.15,235.04292174542746,206.63469776021603,195.59978976229874,262.3127,352.31585921538436,8399.999999997575,357.92641224211934,298.15,347.6721670479026,1075618149.4891558,1.0000000000000002,1,8760.0
8.999999997260273,188.85997898597276,225.9107332920213,1062469447.0597166,207.75780270183247,347.741752499556,354.6308118455259,207.27827279604978,360.3960966508934,201.54441743879877,8400.000000002194,1071274672.0734193,183.55305046492165,986812802.174854,298.15,348.82064739390773,7574.595976776553,205.94334752103975,186.97274900732947,8400.000000000035,353.2793573156995,360.52118146553215,242.02843369338422,216.39719258202555,348.57523163955995,298.15,298.15,235.84779364604688,206.20208098543114,195.23094319473694,262.3127,352.24589314206077,8400.000000000573,357.9431566002425,298.15,347.6452610993806,1076711639.246809,2.0000000000000004,2,8760.0
9.999999997260273,188.92981396490197,226.49642352019447,1062990613.1133851,207.7159745578091,347.7864112171821,354.7497290721924,207.2870661067064,360.34997107578045,201.5750689503784,8399.999997306639,1071780774.0762964,183.45711592631844,979860089.8185619,298.1500000037402,348.83993321181015,7521.228218549674,205.90080866565157,186.86065163636832,8399.999991476008,353.1350700471531,360.5651554416788,242.88873695123422,216.39771800578686,348.52034436183783,298.1500000118435,298.1500000049032,236.42173612452447,206.15652206918173,195.16002059284722,262.3127,352.1794675389812,8399.99999647001,357.9622951310234,298.15,347.6540116930739,1077466140.4415479,3.0,3,8760.0
10.999999997260273,189.06243893676745,226.96797797278776,1063410027.0143379,207.74712775530074,347.83177020728084,354.86951535943393,207.3565580244032,360.30802562181236,201.67147970617046,8399.999999127655,1072173569.7334279,183.43597459404222,974345980.7034991,298.1500000012126,348.8389288387177,7478.902917716112,205.93511801886092,186.82858126973557,8399.99999723956,353.0049116998937,360.60277463101306,243.52656807140073,216.4387176665016,348.4723316952523,298.1500000038335,298.1500000015278,236.86737914194546,206.18880332357506,195.16205093220663,262.3127,352.11660857351706,8399.999998899537,357.9813235192067,298.15,347.666111942002,1078025170.8739674,4.000000000000001,4,8760.0
11.999999997260273,189.22730400910712,227.3919954866873,1063787014.9203202,207.80683255920593,347.8765432914739,354.9936424349876,207.45422834919032,360.26930088213214,201.80067084924156,8399.99999959503,1072501281.8979841,183.44595431823757,969634191.6871802,298.1500000005648,348.8276663294156,7442.736080350634,206.0027554140006,186.8300412298612,8399.999998832054,352.88507941311883,360.6342148168136,244.03558659460734,216.49673800516024,348.4306160629437,298.1500000016209,298.1500000006656,237.2393131591486,206.25251224960806,195.19433351333817,262.3127,352.05571654984334,8399.999999520183,358.00009016773214,298.15,347.67916480335356,1078471083.0420203,5.0,5,8760.0
12.999999997260273,189.41426029028247,227.79467146731758,1064144901.1296245,207.88365188909134,347.9201870133912,355.1218529138209,207.57042064391047,360.2329193245038,201.95219920595005,8399.999999776852,1072789937.7778381,183.47572570030573,965375822.2827213,298.150000000313,348.8117582978545,7410.049609636478,206.09161905602244,186.85222386460285,8399.99999940748,352.773092029138,360.660051188974,244.46397301869314,216.56528878514118,348.3944462424439,298.1500000008231,298.1500000003912,237.56701923969678,206.33566577452706,195.24483744404435,262.3127,351.9946461710327,8399.999999718468,358.0186109239268,298.15,347.6928205694384,1078846208.6045942,6.0,6,8760.0
13.999999997260273,189.61681221518288,228.18593625921395,1064492526.7489446,207.97229298367003,347.962450418054,355.24855115791433,207.69976622767473,360.19804497549455,202.11974561211775,8399.999999845115,1073053230.2869147,183.51968974536234,961400535.4415922,298.1500000002181,348.79437254360096,7379.536029302916,206.19550897927206,186.88870200049908,8399.999999694986,352.6668299780928,360.68087984251383,244.8383134757301,216.64112223511765,348.3630165795791,298.1500000004263,298.1500000002167,237.86601131176084,206.43258827833276,195.30746383654713,262.3127,351.9311527013966,8399.999999844491,358.036891053668,298.15,347.7070437822073,1079173894.7808082,7.0,7,8760.0
14.999999997260273,189.82963584333913,228.56906088871824,1064832806.8272368,208.06899276866588,348.00323474267617,355.3736742076555,207.8381411612283,360.16393104187927,202.29828130390246,8399.999999890866,1073298329.6635245,183.57362885581804,957629216.0049171,298.1500000001489,348.7770618146864,7350.588065748714,206.30991951367125,186.93474918622815,8399.999999797927,352.56430967163755,360.6972938050466,245.17415657115507,216.72184676450644,348.3355693535385,298.1500000002804,298.1500000001529,238.14441259671784,206.53926363693833,195.37776950508987,262.3127,351.86321335532745,8399.999999889798,358.0549152332107,298.15,347.72183717453055,1079467791.974619,8.000000000000002,8,8760.0
15.999999997260273,190.04792632489324,228.94385748404835,1065165581.7801833,208.1707582224581,348.04252666144856,355.4974328264494,207.9819866948373,360.1299353056852,202.48335408920025,8399.999999922471,1073529130.5950897,183.63399690628123,954027976.3106502,298.1500000001088,348.76034975874734,7322.945603430144,206.43112257133956,186.98652213051724,8399.99999989148,352.46356601344473,360.70976230644214,245.4810165377607,216.80546064624392,348.3114372645868,298.1500000001548,298.1500000001013,238.4066336497528,206.65244599136722,195.45215832269398,262.3127,351.7887639110522,8399.999999929072,358.07262977681955,298.15,347.7364229331071,1079736251.9310954,9.0,9,8760.0
16.999999997260275,190.26826911836943,229.30994259910992,1065490518.5085328,208.27530688219466,348.0803612169867,355.61958161450156,208.12872773039916,360.095524596953,202.6717797111752,8399.999999928681,1073748004.2740974,183.69790437641143,950578615.594931,298.150000000101,348.74379856759356,7296.468936586994,206.55637053877967,187.0410117313518,8399.999999895988,352.3626406790654,360.7185572714687,245.76507766638105,216.8905018456447,348.29005755398174,298.1500000001458,298.1500000000869,238.65535837595326,206.76966636750504,195.52789471305178,262.3127,351.705953367987,8399.999999937494,358.09003368176,298.15,347.75086900443904,1079984703.0770164,10.0,10,8760.0
17.999999997260275,190.47644830955474,229.60860000345028,1064264402.4714612,208.37587997322865,348.11673818203764,355.74009244733264,208.2691426490193,360.0601401527536,202.85134718701332,8388.247324549264,1073951269.7107592,183.75709571020883,947380532.265703,298.150000003268,348.7260224266584,7271.921029359221,206.67690686904118,187.09027801180264,8399.99999999577,352.2595183376098,360.7240254943247,246.02494170179253,216.972008993603,348.27089538663745,298.1500000000082,298.1500000000011,238.88639378093282,206.88332571070552,195.59716033104343,262.3127,351.6130622601851,8400.000000001728,358.10691350185914,298.15,347.76694157211506,1080211937.4773176,11.0,11,8760.0
18.999999997260275,190.6244220916882,229.6086,1055373244.6506983,208.45043186332347,348.1514821802952,355.85881156804965,208.37263476271175,360.02289208072534,202.98132870081358,8318.169598017617,1074118864.249868,183.78573018692725,944868935.3955464,298.15,348.70473359108024,7252.642467603593,206.7641857325497,187.10954582691653,8399.999999962032,352.1520605363483,360.7267240427016,246.240800090087,217.0335486292311,348.2532812293667,298.1500000000544,298.1500000000355,239.0769194931789,206.96864683869174,195.63506304054485,262.3127,351.5083225120346,8399.999999975687,358.1227283912134,298.15,347.78522833127863,1080400653.2547638,12.0,12,8760.0
19.999999997260275,190.7638894316293,229.6086,1047035942.931948,208.5184636874871,348.184934270324,355.97616988226287,208.4696944253397,359.9838869350157,203.10400266751302,8252.457216130044,1074273332.3223588,183.8060940729677,942578707.3322104,298.15,348.677607227101,7235.063092633778,206.84509710165713,187.12038163764439,8399.999999944292,352.03843793699525,360.72714322472655,246.437351124902,217.09068074562617,348.2372253240503,298.1500000000746,298.1500000000403,239.25255034861783,207.04789576462548,195.6641511741386,262.3127,351.3903382894322,8399.999999971267,358.1380985922046,298.15,347.803898389693,1080572459.0528023,13.0,13,8760.0
20.999999997260275,190.8975118128782,229.6086,1039157672.6049553,208.5836462592912,348.2172330265256,356.0922777096235,208.56334036988684,359.9429642027931,203.22229115741553,8190.362796879685,1074418826.9527004,183.8210216667682,940431621.3149704,298.15,348.64173083263506,7218.582450031518,206.92315129465695,187.1260773345328,8399.999999970321,351.9167437063498,360.7254478290388,246.62068055957383,217.14562521023527,348.2225648949427,298.1500000000415,298.1500000000211,239.4180026179168,207.12476526444038,195.6877296974883,262.3127,351.2576330604535,8399.99999998544,358.1530304658636,298.15,347.82286725784695,1080732681.718118,14.0,14,8760.0
21.999999997260275,191.02503776502562,229.6086,1031726097.4096484,208.64630347359443,348.24846482013896,356.2072238515388,208.65354014209277,359.8999752267917,203.3359868520514,8131.789109164639,1074556418.643636,183.82995117034412,938410610.3408897,298.15,348.5938403376098,7203.06953657969,206.9984452383245,187.12659649865157,8399.999999986654,351.7854572279866,360.72172787856965,246.792930344431,217.19849327856255,348.2091486047014,298.150000000019,298.1500000000195,239.57448954892257,207.19949268884739,195.70584160652928,262.3127,351.1088532593609,8399.999999987976,358.16760993319656,298.15,347.84204750031597,1080883198.2593606,15.0,15,8760.0
22.999999997260275,191.14577041990802,229.6086,1024744716.871126,208.70581538772865,348.27869881752326,356.3211024076128,208.73969360352615,359.85480741125286,203.44435539921972,8076.763735305602,1074686302.054492,183.83131343775386,936516243.4738505,298.15,348.5305559155068,7188.528720309381,207.07022480563325,187.12081809454344,8400.000000000215,351.64259332174805,360.7160474666406,246.95468371057635,217.24893368149063,348.19685851248204,298.15,298.15,239.72222895161715,207.27127183021824,195.71756281349218,262.3127,350.94275790102625,8400.000000000005,358.1817718690515,298.15,347.8613232451367,1081024457.1034482,16.000000000000004,16,8760.0
23.999999997260275,191.25980511572348,229.6086,1018187965.7605797,208.76225920163117,348.30800767961085,356.4340167232352,208.8218231736523,359.80738515121504,203.547432508266,8025.085177007898,1074809104.2024696,183.82444583085532,934738129.9502499,298.15,348.4486769104001,7174.880243604951,207.1385181378211,187.10856803089678,8399.999999973845,351.4861515009537,360.70846925968124,247.10713959125312,217.2969740709568,348.1856249637809,298.1500000000355,298.1500000000179,239.86193084019195,207.3401482427354,195.72282599781218,262.3127,350.75768451577704,8399.999999987478,358.1955069147876,298.15,347.8806208588524,1081157566.4350152,17.000000000000004,17,8760.0
24.999999997260275,191.36680510341327,229.6086,1012053676.3203752,208.81534321422066,348.3364548059944,356.5460683341923,208.89962942701214,359.757678294032,203.64483695969486,7976.736348585748,1074925050.3640103,183.80829850941345,933074553.6777129,298.15,348.3454090238766,7162.110934052777,207.2029437787,187.08899333079373,8399.999999999458,351.31512707994983,360.6990148278673,247.2507747925289,217.3424501766126,348.1754008921739,298.15,298.1499999999999,239.9938486344129,207.4056998321335,195.7213637433225,262.3127,350.5414815060927,8400.000000000458,358.20885131538347,298.15,347.89987093766746,1081282958.4468324,18.0,18,8760.0
25.999999997260275,191.46666777257713,229.6086,1006332059.5222486,208.86494842548657,348.3641014113885,356.6573635441266,208.97298051935942,359.7057087914895,203.7364134601041,7931.640095536964,1075034396.6036234,183.78219123915565,931521642.7578129,298.15,348.21847024216925,7150.191071663228,207.2633242510608,187.06175632362982,8399.999999985228,351.128575407026,360.6877153981634,247.38613343114184,217.38529045315153,348.1661628367862,298.1500000000214,298.1500000000096,240.11827107261712,207.46772730354587,195.71300771936697,262.3127,350.29400348237704,8399.99999999338,358.22183204936243,298.15,347.9190230269517,1081401110.9146063,19.0,19,8760.0
26.999999997260275,191.55972179278245,229.6086,1000995019.90722,208.91113778096957,348.3910068264968,356.76801592910965,209.0420399573083,359.6515210755913,203.8224033252188,7889.574976969514,1075137568.8320312,183.74564252099003,930072126.0688641,298.15,348.0658811891281,7139.064844625858,207.31977022527417,187.0270424965202,8399.999999989195,350.9253790815344,360.6745942795888,247.51383643814233,217.42557223352892,348.1579036232959,298.1500000000152,298.1500000000105,240.23568045387464,207.52625648039344,195.69791565524815,262.3127,350.02496804411646,8399.999999990963,358.23449725000273,298.15,347.93803183287434,1081512568.2805145,20.0,20,8760.0
27.999999997260275,191.6457838430407,229.6086,996040241.6995562,208.9537706612828,348.4172240816525,356.87813200791004,209.10664483719378,359.5951275574334,203.9025933298732,7850.522740558545,1075234701.583757,183.6981528697957,928724836.1238356,298.15,347.88642650235806,7128.723291522096,207.37206780535124,186.98439590379664,8400.000000002085,350.69135489858934,360.65956539599483,247.63414835051626,217.46321436625007,348.15061968763507,298.15,298.15,240.34622777366764,207.5810547281837,195.67590270730392,262.3127,349.73517411971835,8400.000000002265,358.24688408299704,298.15,347.9568708070536,1081617563.5970032,21.0,21,8760.0
28.999999997260275,191.72531741334848,229.6086,991438061.908688,208.99309408250065,348.4428072949389,356.98782353854216,209.16709903526416,359.5366426316953,203.97737033757224,7814.249590547356,1075326289.6459882,183.63961595387588,927470569.0196989,298.15,347.6791840858904,7119.0957648626745,207.42052509618355,186.93399872236168,8399.99999999493,350.4289196811729,360.64257671443625,247.7477376507682,217.4983915440172,348.1443145977698,298.1500000000087,298.1500000000078,240.4504742752408,207.6323783009596,195.64728173474913,262.3127,349.42724217444,8399.999999993368,358.2590457402644,298.15,347.9755202372035,1081716682.1597505,22.0,22,8760.0
29.999999997260275,191.79863333138886,229.6086,987163824.1896348,209.0291114843386,348.46780434722433,357.0971986395922,209.22354337531647,359.47624502683936,204.04696468297342,7780.561192220472,1075412555.0773506,183.56932904153425,926305556.153379,298.15,347.44223573094854,7110.153337534338,207.46518630649334,186.87576624444202,8399.999999998337,350.14895405571195,360.62354808622644,247.85487674791085,217.53116013125282,348.1389835705169,298.15,298.15,240.54867104189765,207.68017265098325,195.61232203394297,262.3127,349.1012104169739,8400.000000001088,358.2710267236894,298.15,347.9939599694173,1081810163.364995,23.0,23,8760.0
30.999999997260275,191.86581428249153,229.6086,983209511.2126154,209.06195550815272,348.4922615407334,357.206369007043,209.27606029017053,359.41399064458017,204.11143998793546,7749.394355129224,1075493803.8929453,183.48721965052385,925224561.6936865,298.15,347.17478868642263,7101.855820247109,207.50617175912672,186.81025655247058,8399.999999995556,349.8523210269781,360.602427542309,247.9559793787698,217.5615928036388,348.13461615718785,298.1500000000087,298.1500000000059,240.6411649262221,207.72454599377815,195.57112789507556,262.3127,348.7573793321027,8399.999999995907,358.2828647036308,298.15,348.01218741972986,1081898369.7163532,24.0,24,8760.0
31.999999997260275,191.92719134547664,229.6086,979551605.1692399,209.0916393865363,348.51622095059525,357.3154376970968,209.32481670840272,359.3500415772594,204.17105424400967,7720.563718198986,1075570232.4322486,183.39303834485625,924224193.8155673,298.15,346.8787970524807,7094.177177967439,207.54355326225598,186.73778092937934,8400.000000001615,349.5398885376003,360.5791379292235,248.05126135184986,217.58975678774894,348.1311837668818,298.15,298.15,240.7281781042253,207.76547848999556,195.5238253322035,262.3127,348.39790081131235,8399.99999999996,358.2945965904553,298.15,348.03019198600924,1081981490.8473563,25.0,25,8760.0
32.999999997260275,191.98295545109895,229.6086,976175997.3601091,209.11832707623537,348.5397237265144,357.4244978881411,209.36995090781065,359.2850659265283,204.22597116484363,7693.958080435225,1075642095.2296371,183.28672256301536,923299718.0419264,298.15,346.55242855211077,7087.081069708391,207.57747858485635,186.65880877337798,8400.000000000833,349.21450499935366,360.5535659684512,248.1410849494878,217.6157459370707,348.12864501600956,298.15,298.15,240.80999916280044,207.80309639101395,195.4708655792133,262.3127,348.02264858882205,8400.000000001695,358.30625048442334,298.15,348.04797737190506,1082059844.0138025,26.0,26,8760.0
33.999999997260275,192.03381913926106,229.6086,973046130.6135924,209.14244874634912,348.56281152909065,357.53365208519926,209.41197653952466,359.2183595576387,204.27684737683222,7669.289307990328,1075709934.154485,183.16935287816605,922440190.277268,298.15,346.167395023142,7080.4834905791395,207.60849100521494,186.57396010212167,8399.999999989626,348.8764810258385,360.52557836260627,248.22610361148807,217.63985668736726,348.1269439211513,298.1500000000127,298.150000000005,240.88724402756216,207.8378816784594,195.4127600141651,262.3127,347.6367020588008,8399.999999994623,358.31786222687424,298.15,348.06554846522874,1082134000.2525098,27.0,27,8760.0
34.999999997260275,192.080023553127,229.6086,970146342.8893113,209.16405008028494,348.5855190075095,357.6429384170189,209.4510275147466,359.15087862612467,204.32387768866943,7646.433956851686,1075773906.8066537,183.04103862508074,921643403.8753108,298.15,345.7559679784704,7074.367502763301,207.63665200669914,186.48347946565758,8399.99999999962,348.5266235695137,360.49505244542854,248.30644967417066,217.6621546035898,348.1259983166276,298.150000000001,298.1500000000029,240.96009125274333,207.86982899318505,195.34992133865686,262.3127,347.23955832250994,8399.999999998812,358.32944849614637,298.15,348.08290662493255,1082204075.9027991,28.0,28,8760.0
35.999999997260275,192.12180746488042,229.6086,967462072.4500866,209.18327147354694,348.60787983213174,357.75234544068144,209.4872710734171,359.0831096979754,204.3672678709693,7625.2772553021705,1075834246.5713468,182.9026246266204,920905223.4873126,298.15,345.3198451821626,7068.701364074436,207.66211729025733,186.38764685011407,8400.000000002014,348.1692210296137,360.4619298777987,248.38237897753308,217.68274179810467,348.1257012441146,298.15,298.15,241.02880579938125,207.89903948804837,195.28230509078466,262.3127,346.8326146265275,8399.999999999589,358.34102097780607,298.15,348.10005870957997,1082270294.9224756,29.0,29,8760.0
36.999999997260275,192.15946581053052,229.6086,964976196.1113343,209.20028715422038,348.62992598817715,357.8619543515249,209.52091330947724,359.01246765570437,204.40728179107398,7605.684242981411,1075891205.3512459,182.75507118380955,920220893.9881186,298.15,344.8636561683599,7063.448575034856,207.6851019461697,186.2863913659492,8399.9999999999,347.80401297770817,360.42614907699556,248.45418975366337,217.70173799650607,348.1259225006715,298.15,298.15,241.09367382420677,207.9256915612588,195.21051607688597,262.3127,346.41860531440494,8399.999999999256,358.35258843449867,298.15,348.11701356969155,1082332918.1349113,30.0,30,8760.0
37.999999997260275,192.19329473540992,229.6086,962672940.555918,209.21526275978715,348.65168768026456,357.9717496488545,209.552159570545,358.9337772905755,204.4441814964611,7587.5305988231585,1075945014.6064086,182.599295187684,919586367.027252,298.15,344.39191816160303,7058.578061241009,207.70579157646802,186.1804020015735,8400.00000000009,347.4325450966944,360.3876367627479,248.52213223596925,217.71926649326326,348.1265056512223,298.15,298.15,241.15495830531788,207.94994248868775,195.1350337914512,262.3127,345.95755154409136,8399.999999998747,358.36415390508154,298.15,348.1337806542203,1082392164.4058387,31.000000000000004,31,8760.0
38.999999997260275,192.2236595494727,229.6086,960532493.1697593,209.22838507383275,348.6731934829846,358.0816144783884,209.58126975870684,358.85336622394874,204.47830275969963,7570.660165103197,1075995945.1623745,182.4353753896916,918996587.5264436,298.15,343.9054192263239,7054.051020829532,207.72443083380193,186.07083498053208,8400.000000000322,347.0575032049018,360.34627930912757,248.58645593663977,217.7354743830868,348.1272666449259,298.15,298.15,241.21296714819866,207.9719505054428,195.0559003341491,262.3127,345.4866389765524,8400.00000000121,358.3757174702229,298.15,348.15037777654055,1082448251.8846943,32.00000000000001,32,8760.0
39.999999997260275,192.25084419365783,229.6086,958540449.4573689,209.23981501762538,348.69446978619476,358.19156670537586,209.60843597069035,358.77111799267004,204.50989593878725,7554.959409441333,1076044195.4642498,182.26318316291767,918447613.4928663,298.15,343.4048635968576,7049.8371957789,207.74120638656905,185.95795914463156,8399.999999995276,346.6804861369639,360.30207938182906,248.64740592126392,217.7504711607921,348.1279936158488,298.1500000000046,298.1500000000011,241.26792590514683,207.9918837370293,194.97327496815217,262.3127,345.01208813268073,8399.999999998352,358.38727206969935,298.15,348.1668141705543,1082501394.7646234,33.00000000000001,33,8760.0
40.999999997260275,192.27512826301617,229.6086,956681957.903057,209.24973299382563,348.7155423346857,358.30158784681055,209.63385278441868,358.68715010648503,204.53921190347347,7540.311276163739,1076089972.4798007,182.08306767074427,917935459.1295011,298.15,342.8939754940704,7045.905991834559,207.7563207039456,185.8424315473716,8399.999999997803,346.27595049250544,360.25498913075205,248.70524328248075,217.76437302642762,348.12844599287786,298.15,298.15,241.32006990200264,208.00992892108476,194.88761694316636,262.3127,344.5368044226421,8400.000000000899,358.3988071666394,298.15,348.1830968462764,1082551821.141691,34.00000000000001,34,8760.0
41.999999997260275,192.29665801171603,229.6086,954948034.3276162,209.2582387981994,348.73643409816987,358.4131285817927,209.65762759440526,358.60175831179225,204.56638286768396,7526.644954373206,1076133424.020766,181.89594965881244,917457900.3420217,298.15,342.3779375337064,7042.240337252107,207.76987452942856,185.72395635691367,8400.00000000073,345.8574586279003,360.204968211166,248.76010702219557,217.77724573876873,348.1283525645415,298.15,298.15,241.369567143057,208.02616546483011,194.79931997960028,262.3127,344.06104292039896,8399.999999998196,358.4103048111162,298.15,348.19923465398386,1082599652.603006,35.0,35,8760.0
42.999999997260275,192.31566369922484,229.6086,953328191.260107,209.26548597068444,348.757166055446,358.52539551631224,209.67994239420727,358.51517706264593,204.59162239905845,7513.877784629222,1076174768.7035868,181.70058137683816,917010822.1392903,298.15,341.8007937965167,7038.8086461063795,207.7820602126394,185.6031766731225,8399.999999998481,345.44158568337275,360.1519343396137,248.81218014145693,217.78920575150812,348.12741294672463,298.15,298.15,241.41666633853347,208.04074064527316,194.70892082315996,262.3127,343.58771603604936,8399.999999999536,358.42174591960026,298.15,348.21523734575845,1082645049.0485516,36.0,36,8760.0
43.999999997260275,192.33239234518805,229.6086,951810402.9169703,209.2715449576098,348.7777580038013,358.6378850964903,209.70094852150584,358.42788081720306,204.61513923476966,7501.914982922717,1076214146.84376,181.49838097060928,916591714.6226133,298.15,341.2104065261608,7035.5916528705175,207.793008611129,185.48007785050916,8399.99999999767,345.0302687223779,360.09595255965274,248.8615685934222,217.80033025587494,348.1252949117306,298.15,298.15,241.4615270523684,208.053730129162,194.6165366287873,262.3127,343.1175852147275,8400.000000000704,358.43310954492756,298.15,348.2311134710923,1082688103.168446,37.0,37,8760.0
44.999999997260275,192.34702179562112,229.6086,950383962.5328736,209.27653916896742,348.7982290918071,358.7508552735012,209.7207589495108,358.3392711084477,204.63709256252415,7490.672161393445,1076251671.0325232,181.29195912447244,916198696.0811688,298.15,340.62153816664454,7032.574913873756,207.8028177842847,185.35463226230368,8399.99999999773,344.6235499689807,360.0370425804023,248.90845023541817,217.81068140461863,348.121639960238,298.15,298.15,241.50427730012007,208.0652616004609,194.5225860985002,262.3127,342.65126894839113,8400.000000000897,358.44437125608596,298.15,348.2468724980308,1082728970.297711,38.0,38,8760.0
45.999999997260275,192.35970057589958,229.6086,949041240.9804704,209.28053013309827,348.8185967991063,358.86381863937066,209.7394811445286,358.249149109014,204.65761775237044,7480.089189300479,1076287460.522783,181.08087372741682,915829768.8206291,298.15,340.0343703462711,7029.743095176989,207.8115774853606,185.22804208273374,8400.000000001315,344.2234467306704,359.9751880071062,248.9529064128217,217.82031864915518,348.116056706025,298.15,298.1500000000007,241.5450527181939,208.07538103558,194.4272165149196,262.3127,342.188738198235,8399.999999997837,358.45550385633857,298.15,348.2625222987833,1082767721.6065269,39.0,39,8760.0
46.999999997260275,192.37063739903886,229.6086,947773600.3670422,209.28369540813992,348.8388791608138,358.96643858585304,209.75728086564803,358.15763761993855,204.67690481092907,7470.097985084077,1076321723.138727,180.8652322579896,915481184.4678441,298.15,339.4483826423318,7027.067424948195,207.81947723330094,185.10085500312775,8400.000000001732,343.82990239543113,359.91057686146263,248.99514401824086,217.82935580113465,348.1081201195574,298.15,298.15,241.58408988665585,208.08425996231446,194.3307829369478,262.3127,341.69104878528145,8399.999999999745,358.4664799487291,298.15,348.278070577381,1082804537.669691,40.0,40,8760.0
47.999999997260275,192.37999718611516,229.6086,946573496.7189965,209.286108308365,348.85909188566603,359.0723065518877,209.7742528990766,358.0648487024104,204.6950812970407,7460.639089162428,1076354555.2687821,180.64506774740758,915151106.489994,298.15,338.87033700636243,7024.533806294754,207.82661227161904,184.973647220971,8399.999999999567,343.4440942996854,359.8432622694027,249.03527938524755,217.83784314565136,348.09737935290326,298.15,298.15,241.6214984569114,208.09200607032878,194.23267409303318,262.3127,341.18749301513986,8400.000000001412,358.4772700885196,298.15,348.2935245713252,1082839520.0940301,41.0,41,8760.0
48.999999997260275,192.38781634034848,229.6086,945437246.5122802,209.2877849244823,348.87924966801904,359.18138552598947,209.7904193502195,357.9708930520039,204.71218177969396,7451.6834689843,1076385997.220188,180.4206665908437,914839589.9204608,298.15,338.2964202656786,7022.142661642915,207.83296579372072,184.84636087793322,8399.9999999978,343.0664676708884,359.77334393308365,249.07333393767516,217.84579429803173,348.0833556149202,298.1500000000041,298.1500000000001,241.65732420026157,208.09860191903513,194.13356954005252,262.3127,340.693687784234,8399.999999998967,358.4878420306919,298.15,348.30889169464837,1082872687.742257,42.0,42,8760.0
49.999999997260275,192.3942781001587,229.6086,944358199.9823326,209.28882404898135,348.89936710960455,359.2892863803623,209.805894710946,357.87587701205376,204.72835009326928,7443.178712884265,1076416166.3973103,180.1927167871486,914543656.6431829,298.15,337.6899598715227,7019.871131514279,207.83869186730632,184.71914019894476,8399.999999998112,342.696780003326,359.70082485286105,249.1094644553092,217.8532758181723,348.065546071513,298.1499999999999,298.15,241.6917007488816,208.1041982745544,194.0339999965826,262.3127,340.20558478603937,8400.000000000075,358.4981662001002,298.15,348.3241870152403,1082904177.4322188,43.0,43,8760.0
50.999999997260275,192.39954422814046,229.6086,943329779.4797558,209.28937998470516,348.9194583054278,359.3960996174675,209.82081103695904,357.77990623363354,204.74373731311414,7435.072977589314,1076445225.8910673,179.96231402785983,914260366.533882,298.15,337.06134392141377,7017.696648048478,207.8439502229582,184.59264270946508,8399.999999999296,342.3357416834716,359.6257375312116,249.14385493975237,217.86037767344274,348.043423291986,298.15,298.15,241.7248138183978,208.10896222387154,193.93382735796203,262.3127,339.72575309072823,8400.000000000591,358.5082129644847,298.15,348.33942056041826,1082934149.680697,44.0,44,8760.0
51.999999997260275,192.40375031494148,229.6086,942346626.7125093,209.28954777798023,348.93953608686786,359.5019192768725,209.83525263907885,357.6830853592415,204.7584463234741,7427.324030474948,1076473285.1005332,179.7286369606307,913988511.5005026,298.15,336.4453852665106,7015.609938150142,207.84879679623694,184.46722552834692,8399.9999999997,341.95163280780173,359.5483509820628,249.17660976206997,217.86715591342383,348.0164454823314,298.15,298.15,241.756787965682,208.11296489290643,193.8336053998674,262.3127,339.2562990338144,8399.999999999658,358.51795049582176,298.15,348.3545982225037,1082962695.5802948,45.0,45,8760.0
52.999999997260275,192.40687100426794,229.6086,941407981.8738123,209.2892146336679,348.95961041550646,359.6068168917156,209.84915836646363,357.58551678294936,204.77242912801938,7419.925882947369,1076500268.9423492,179.4930621175509,913729838.387547,298.15,335.83844246760583,7013.624410280646,207.8531293441546,184.34197272638536,8399.999999999356,341.569547655336,359.4687866474108,249.20762569438642,217.87355792891287,347.9840583946942,298.15,298.1499999999999,241.78753753391985,208.1160973201795,193.73335958638475,262.3127,338.7980374146453,8399.999999998603,358.52734583712237,298.15,348.36972394180674,1082989725.2919059,46.0,46,8760.0
53.999999997260275,192.40900794316124,229.6086,940510672.9531988,209.28843992138673,348.97969292196166,359.71085170607927,209.8625876524635,357.4873039526998,204.78575759589768,7412.85353406861,1076526253.8926966,179.25582092482378,913482677.1370159,298.15,335.2451268614026,7011.72724537788,207.8570300732841,184.21719499973685,8399.999999999376,341.19803876857975,359.38722124445746,249.23700687820812,217.8796215603178,347.94569997588343,298.15,298.15,241.81714957803777,208.11845455899794,193.6329824573292,262.3127,338.34909510670866,8399.999999998594,358.53636924531605,298.15,348.3848059836069,1083015329.690563,47.0,47,8760.0
54.999999997260275,192.41022309590699,229.6086,939651798.3269928,209.2872681877327,348.99979444496,359.8140715003793,209.87558811651448,357.3885496859956,204.79848958628972,7406.084114017051,1076551304.8190894,179.01786944925442,913245671.2043451,298.15,334.66905340688845,7009.908030851959,207.86055935388103,184.09361730415097,8399.999999998541,340.8366006346944,359.2998769107762,249.2648210261509,217.88537453389463,347.90079543352323,298.15,298.15,241.84569793579888,208.12010155031308,193.5321994226019,262.3127,337.9093904198175,8400.000000000766,358.54499222940245,298.15,348.3998518896879,1083039567.8905435,48.0,48,8760.0
55.999999997260275,192.4106278589523,229.6086,938827168.7911458,209.28582060189527,349.0199264371096,359.9165215613276,209.8882529648464,357.2893561079572,204.81072589167377,7399.584604607015,1076575563.6071954,178.77851025395367,913017362.7318588,298.15,334.1024352729439,7008.155576451947,207.86378386580486,183.97119984684957,8399.99999999865,340.4865835548836,359.20572771562547,249.29117158312212,217.89088956505887,347.84879031400743,298.15,298.15,241.87334422998146,208.12110336903953,193.43158039515637,262.3127,337.4441692250291,8400.000000001626,358.55318587715556,298.15,348.4148678038321,1083062530.132432,49.0,49,8760.0
56.999999997260275,192.4102192736067,229.6086,938034468.746297,209.28416293042204,349.04009890553465,360.0182461592653,209.9006223277501,357.18982361677496,204.8225132061915,7393.336754903766,1076599080.5112047,178.53843392450983,912796275.3772002,298.15,333.52268052263037,7006.45855004185,207.86679410235396,183.8505710795196,8400.000000001459,340.14964595763695,359.10952571522876,249.31621957081057,217.8961915505442,347.789174236218,298.15,298.15,241.90014566999875,208.12161533799872,193.33152732324172,262.3127,336.97338795198544,8400.000000001146,358.56092328302327,298.15,348.4298569121557,1083084356.815138,50.0,50,8760.0
57.0,192.4102192736056,229.6086,938034468.7441252,209.2841629304175,349.0400989055899,360.018246159544,209.900622327784,357.1898236165023,204.8225132062238,7393.336754886648,1076599080.511269,178.5384339238521,912796275.3765945,298.15,333.522680521042,7006.4585500372,207.8667941023622,183.8505710791891,8400.000000001459,340.1496459567138,359.1095257149652,249.3162195708792,217.8961915505587,347.7891742360547,298.15,298.15,241.9001456700722,208.1216153380001,193.3315273229676,262.3127,336.9733879506956,8400.000000001146,358.5609232830445,298.15,348.4298569121967,1083084356.815198,51.0,51,8760.0
